solid OpenSCAD_Model
  facet normal -1 0 0
    outer loop
      vertex 40.875 -6.33039 20
      vertex 40.875 -1.2 19.5
      vertex 40.875 -1.2 19
    endloop
  endfacet
  facet normal -1 0 0
    outer loop
      vertex 40.875 -1.2 19.5
      vertex 40.875 -5.21656 36
      vertex 40.875 -1.2 48
    endloop
  endfacet
  facet normal -1 0 -0
    outer loop
      vertex 40.875 -5.07733 38
      vertex 40.875 -1.2 48
      vertex 40.875 -5.21656 36
    endloop
  endfacet
  facet normal -1 0 0
    outer loop
      vertex 40.875 -1.2 48.5
      vertex 40.875 -2.57123 74
      vertex 40.875 -2.432 76
    endloop
  endfacet
  facet normal -1 0 0
    outer loop
      vertex 40.875 -1.2 48.5
      vertex 40.875 -2.71046 72
      vertex 40.875 -2.57123 74
    endloop
  endfacet
  facet normal -1 0 0
    outer loop
      vertex 40.875 -1.2 48.5
      vertex 40.875 -2.84968 70
      vertex 40.875 -2.71046 72
    endloop
  endfacet
  facet normal -1 0 0
    outer loop
      vertex 40.875 -1.2 48.5
      vertex 40.875 -2.98891 68
      vertex 40.875 -2.84968 70
    endloop
  endfacet
  facet normal -1 0 0
    outer loop
      vertex 40.875 -1.2 48.5
      vertex 40.875 -3.12814 66
      vertex 40.875 -2.98891 68
    endloop
  endfacet
  facet normal -1 0 0
    outer loop
      vertex 40.875 -1.2 48.5
      vertex 40.875 -3.26737 64
      vertex 40.875 -3.12814 66
    endloop
  endfacet
  facet normal -1 0 0
    outer loop
      vertex 40.875 -1.2 48.5
      vertex 40.875 -3.4066 62
      vertex 40.875 -3.26737 64
    endloop
  endfacet
  facet normal -1 0 0
    outer loop
      vertex 40.875 -1.2 48.5
      vertex 40.875 -3.54582 60
      vertex 40.875 -3.4066 62
    endloop
  endfacet
  facet normal -1 0 0
    outer loop
      vertex 40.875 -1.2 48.5
      vertex 40.875 -3.68505 58
      vertex 40.875 -3.54582 60
    endloop
  endfacet
  facet normal -1 0 0
    outer loop
      vertex 40.875 -1.2 48.5
      vertex 40.875 -3.82428 56
      vertex 40.875 -3.68505 58
    endloop
  endfacet
  facet normal -1 0 0
    outer loop
      vertex 40.875 -1.2 48.5
      vertex 40.875 -3.96351 54
      vertex 40.875 -3.82428 56
    endloop
  endfacet
  facet normal -1 0 0
    outer loop
      vertex 40.875 -4.10274 53
      vertex 40.875 -1.2 48.5
      vertex 40.875 -4.10274 52
    endloop
  endfacet
  facet normal -1 0 0
    outer loop
      vertex 40.875 -4.24196 51
      vertex 40.875 -1.2 48.5
      vertex 40.875 -4.24196 50
    endloop
  endfacet
  facet normal -1 0 0
    outer loop
      vertex 40.875 -4.38119 49
      vertex 40.875 -1.2 48.5
      vertex 40.875 -4.38119 48
    endloop
  endfacet
  facet normal -1 0 -0
    outer loop
      vertex 40.875 -4.38119 48
      vertex 40.875 -1.2 48
      vertex 40.875 -4.52042 47
    endloop
  endfacet
  facet normal -1 0 -0
    outer loop
      vertex 40.875 -4.52042 46
      vertex 40.875 -1.2 48
      vertex 40.875 -4.65965 45
    endloop
  endfacet
  facet normal -1 0 -0
    outer loop
      vertex 40.875 -4.65965 44
      vertex 40.875 -1.2 48
      vertex 40.875 -4.79888 43
    endloop
  endfacet
  facet normal -1 0 0
    outer loop
      vertex 40.875 -4.79888 43
      vertex 40.875 -1.2 48
      vertex 40.875 -4.79888 42
    endloop
  endfacet
  facet normal -1 0 -0
    outer loop
      vertex 40.875 -4.79888 42
      vertex 40.875 -1.2 48
      vertex 40.875 -4.9381 40
    endloop
  endfacet
  facet normal -1 0 -0
    outer loop
      vertex 40.875 -4.9381 40
      vertex 40.875 -1.2 48
      vertex 40.875 -5.07733 38
    endloop
  endfacet
  facet normal -1 0 0
    outer loop
      vertex 40.875 -1.2 19.5
      vertex 40.875 -5.35579 34
      vertex 40.875 -5.21656 36
    endloop
  endfacet
  facet normal -1 0 0
    outer loop
      vertex 40.875 -1.2 19.5
      vertex 40.875 -5.49502 32
      vertex 40.875 -5.35579 34
    endloop
  endfacet
  facet normal -1 0 0
    outer loop
      vertex 40.875 -1.2 19.5
      vertex 40.875 -5.63424 30
      vertex 40.875 -5.49502 32
    endloop
  endfacet
  facet normal -1 0 0
    outer loop
      vertex 40.875 -1.2 19.5
      vertex 40.875 -5.77347 28
      vertex 40.875 -5.63424 30
    endloop
  endfacet
  facet normal -1 0 0
    outer loop
      vertex 40.875 -1.2 19.5
      vertex 40.875 -5.9127 26
      vertex 40.875 -5.77347 28
    endloop
  endfacet
  facet normal -1 0 0
    outer loop
      vertex 40.875 -1.2 19.5
      vertex 40.875 -6.05193 24
      vertex 40.875 -6.05193 25
    endloop
  endfacet
  facet normal -1 0 0
    outer loop
      vertex 40.875 -1.2 19.5
      vertex 40.875 -6.19116 22
      vertex 40.875 -6.19116 23
    endloop
  endfacet
  facet normal -1 0 0
    outer loop
      vertex 40.875 -1.2 19.5
      vertex 40.875 -6.33039 20
      vertex 40.875 -6.33039 21
    endloop
  endfacet
  facet normal -1 0 0
    outer loop
      vertex 40.875 -9.4 19
      vertex 40.875 -6.33039 20
      vertex 40.875 -1.2 19
    endloop
  endfacet
  facet normal -1 -0 0
    outer loop
      vertex 40.875 -6.33039 20
      vertex 40.875 -9.4 19
      vertex 40.875 -9.4 20
    endloop
  endfacet
  facet normal -1 0 0
    outer loop
      vertex 40.875 -1.2 48.5
      vertex 40.875 -1.16552 49
      vertex 40.875 -1.16552 48.5
    endloop
  endfacet
  facet normal -1 0 0
    outer loop
      vertex 40.875 -2.432 76
      vertex 40.875 -1.18621 54.5
      vertex 40.875 -1.18621 54
    endloop
  endfacet
  facet normal -1 0 0
    outer loop
      vertex 40.875 -1.18621 54.5
      vertex 40.875 -2.432 76
      vertex 40.875 -1.1931 65.5
    endloop
  endfacet
  facet normal -1 0 0
    outer loop
      vertex 40.875 -2.432 76
      vertex 40.875 -1.18621 54
      vertex 40.875 -1.2 48.5
    endloop
  endfacet
  facet normal -1 -0 0
    outer loop
      vertex 40.875 -1.16552 49
      vertex 40.875 -1.2 48.5
      vertex 40.875 -1.18621 54
    endloop
  endfacet
  facet normal -1 0 0
    outer loop
      vertex 40.875 -1.2 19.5
      vertex 40.875 -1.16552 20
      vertex 40.875 -1.16552 19.5
    endloop
  endfacet
  facet normal -1 0 0
    outer loop
      vertex 40.875 -1.18621 25
      vertex 40.875 -1.1931 36.5
      vertex 40.875 -1.18621 25.5
    endloop
  endfacet
  facet normal -1 -0 0
    outer loop
      vertex 40.875 -1.1931 36.5
      vertex 40.875 -1.2 19.5
      vertex 40.875 -1.1931 37
    endloop
  endfacet
  facet normal -1 -0 0
    outer loop
      vertex 40.875 -1.18621 25
      vertex 40.875 -1.2 19.5
      vertex 40.875 -1.1931 36.5
    endloop
  endfacet
  facet normal -1 -0 0
    outer loop
      vertex 40.875 -1.16552 20
      vertex 40.875 -1.2 19.5
      vertex 40.875 -1.18621 25
    endloop
  endfacet
  facet normal -1 0 0
    outer loop
      vertex 40.875 -1.1931 66
      vertex 40.875 -1.15862 66.5
      vertex 40.875 -1.15862 66
    endloop
  endfacet
  facet normal -1 0 0
    outer loop
      vertex 40.875 -1.15862 66.5
      vertex 40.875 -2.432 76
      vertex 40.875 -1.17931 71.5
    endloop
  endfacet
  facet normal -1 0 0
    outer loop
      vertex 40.875 -2.432 76
      vertex 40.875 -1.15862 66.5
      vertex 40.875 -1.1931 66
    endloop
  endfacet
  facet normal -1 0 0
    outer loop
      vertex 40.875 -1.1931 37
      vertex 40.875 -1.15862 37.5
      vertex 40.875 -1.15862 37
    endloop
  endfacet
  facet normal -1 -0 0
    outer loop
      vertex 40.875 -1.17931 42.5
      vertex 40.875 -1.1931 37
      vertex 40.875 -1.17931 43
    endloop
  endfacet
  facet normal -1 -0 0
    outer loop
      vertex 40.875 -1.15862 37.5
      vertex 40.875 -1.1931 37
      vertex 40.875 -1.17931 42.5
    endloop
  endfacet
  facet normal -1 0 0
    outer loop
      vertex 40.875 -1.18621 54.5
      vertex 40.875 -1.15172 55
      vertex 40.875 -1.15172 54.5
    endloop
  endfacet
  facet normal -1 -0 0
    outer loop
      vertex 40.875 -1.17241 60
      vertex 40.875 -1.18621 54.5
      vertex 40.875 -1.17241 60.5
    endloop
  endfacet
  facet normal -1 -0 0
    outer loop
      vertex 40.875 -1.15172 55
      vertex 40.875 -1.18621 54.5
      vertex 40.875 -1.17241 60
    endloop
  endfacet
  facet normal -1 0 0
    outer loop
      vertex 40.875 -1.18621 25.5
      vertex 40.875 -1.15172 26
      vertex 40.875 -1.15172 25.5
    endloop
  endfacet
  facet normal -1 -0 0
    outer loop
      vertex 40.875 -1.17241 31
      vertex 40.875 -1.18621 25.5
      vertex 40.875 -1.17241 31.5
    endloop
  endfacet
  facet normal -1 -0 0
    outer loop
      vertex 40.875 -1.15172 26
      vertex 40.875 -1.18621 25.5
      vertex 40.875 -1.17241 31
    endloop
  endfacet
  facet normal -1 0 0
    outer loop
      vertex 40.875 -1.14483 72
      vertex 40.875 -1.17931 72
      vertex 40.875 -1.14483 72.5
    endloop
  endfacet
  facet normal -1 0 0
    outer loop
      vertex 40.875 -1.14483 43
      vertex 40.875 -1.17931 43
      vertex 40.875 -1.14483 43.5
    endloop
  endfacet
  facet normal -1 0 0
    outer loop
      vertex 40.875 -1.13793 60.5
      vertex 40.875 -1.17241 60.5
      vertex 40.875 -1.13793 61
    endloop
  endfacet
  facet normal -1 0 0
    outer loop
      vertex 40.875 -1.13793 31.5
      vertex 40.875 -1.17241 31.5
      vertex 40.875 -1.13793 32
    endloop
  endfacet
  facet normal -1 0 0
    outer loop
      vertex 40.875 -1.13103 49
      vertex 40.875 -1.16552 49
      vertex 40.875 -1.13103 49.5
    endloop
  endfacet
  facet normal -1 0 0
    outer loop
      vertex 40.875 -1.13103 20
      vertex 40.875 -1.16552 20
      vertex 40.875 -1.13103 20.5
    endloop
  endfacet
  facet normal -1 0 0
    outer loop
      vertex 40.875 -1.12414 66.5
      vertex 40.875 -1.15862 66.5
      vertex 40.875 -1.12414 67
    endloop
  endfacet
  facet normal -1 0 0
    outer loop
      vertex 40.875 -1.12414 37.5
      vertex 40.875 -1.15862 37.5
      vertex 40.875 -1.12414 38
    endloop
  endfacet
  facet normal -1 0 0
    outer loop
      vertex 40.875 -1.11724 55
      vertex 40.875 -1.15172 55
      vertex 40.875 -1.11724 55.5
    endloop
  endfacet
  facet normal -1 0 0
    outer loop
      vertex 40.875 -1.11724 26
      vertex 40.875 -1.15172 26
      vertex 40.875 -1.11724 26.5
    endloop
  endfacet
  facet normal -1 0 0
    outer loop
      vertex 40.875 -1.11034 72.5
      vertex 40.875 -1.14483 72.5
      vertex 40.875 -1.11034 73
    endloop
  endfacet
  facet normal -1 0 0
    outer loop
      vertex 40.875 -1.11034 43.5
      vertex 40.875 -1.14483 43.5
      vertex 40.875 -1.11034 44
    endloop
  endfacet
  facet normal -1 0 0
    outer loop
      vertex 40.875 -1.10345 61
      vertex 40.875 -1.13793 61
      vertex 40.875 -1.10345 61.5
    endloop
  endfacet
  facet normal -1 0 0
    outer loop
      vertex 40.875 -1.10345 32
      vertex 40.875 -1.13793 32
      vertex 40.875 -1.10345 32.5
    endloop
  endfacet
  facet normal -1 0 0
    outer loop
      vertex 40.875 -1.09655 49.5
      vertex 40.875 -1.13103 49.5
      vertex 40.875 -1.09655 50
    endloop
  endfacet
  facet normal -1 0 0
    outer loop
      vertex 40.875 -1.09655 20.5
      vertex 40.875 -1.13103 20.5
      vertex 40.875 -1.09655 21
    endloop
  endfacet
  facet normal -1 0 0
    outer loop
      vertex 40.875 -1.08965 67
      vertex 40.875 -1.12414 67
      vertex 40.875 -1.08965 67.5
    endloop
  endfacet
  facet normal -1 0 0
    outer loop
      vertex 40.875 -1.08965 38
      vertex 40.875 -1.12414 38
      vertex 40.875 -1.08965 38.5
    endloop
  endfacet
  facet normal -1 0 0
    outer loop
      vertex 40.875 -1.08276 55.5
      vertex 40.875 -1.11724 55.5
      vertex 40.875 -1.08276 56
    endloop
  endfacet
  facet normal -1 0 0
    outer loop
      vertex 40.875 -1.08276 26.5
      vertex 40.875 -1.11724 26.5
      vertex 40.875 -1.08276 27
    endloop
  endfacet
  facet normal -1 0 0
    outer loop
      vertex 40.875 -1.07586 73
      vertex 40.875 -1.11034 73
      vertex 40.875 -1.07586 73.5
    endloop
  endfacet
  facet normal -1 0 0
    outer loop
      vertex 40.875 -1.07586 44
      vertex 40.875 -1.11034 44
      vertex 40.875 -1.07586 44.5
    endloop
  endfacet
  facet normal -1 0 0
    outer loop
      vertex 40.875 -1.06896 61.5
      vertex 40.875 -1.10345 61.5
      vertex 40.875 -1.06896 62
    endloop
  endfacet
  facet normal -1 0 0
    outer loop
      vertex 40.875 -1.06896 32.5
      vertex 40.875 -1.10345 32.5
      vertex 40.875 -1.06896 33
    endloop
  endfacet
  facet normal -1 0 0
    outer loop
      vertex 40.875 -1.06207 50
      vertex 40.875 -1.09655 50
      vertex 40.875 -1.06207 50.5
    endloop
  endfacet
  facet normal -1 0 0
    outer loop
      vertex 40.875 -1.06207 21
      vertex 40.875 -1.09655 21
      vertex 40.875 -1.06207 21.5
    endloop
  endfacet
  facet normal -1 0 0
    outer loop
      vertex 40.875 -1.05517 67.5
      vertex 40.875 -1.08965 67.5
      vertex 40.875 -1.05517 68
    endloop
  endfacet
  facet normal -1 0 0
    outer loop
      vertex 40.875 -1.05517 38.5
      vertex 40.875 -1.08965 38.5
      vertex 40.875 -1.05517 39
    endloop
  endfacet
  facet normal -1 0 0
    outer loop
      vertex 40.875 -1.04827 56
      vertex 40.875 -1.08276 56
      vertex 40.875 -1.04827 56.5
    endloop
  endfacet
  facet normal -1 0 0
    outer loop
      vertex 40.875 -1.04827 27
      vertex 40.875 -1.08276 27
      vertex 40.875 -1.04827 27.5
    endloop
  endfacet
  facet normal -1 0 0
    outer loop
      vertex 40.875 -1.04138 73.5
      vertex 40.875 -1.07586 73.5
      vertex 40.875 -1.04138 74
    endloop
  endfacet
  facet normal -1 0 0
    outer loop
      vertex 40.875 -1.04138 44.5
      vertex 40.875 -1.07586 44.5
      vertex 40.875 -1.04138 45
    endloop
  endfacet
  facet normal -1 0 0
    outer loop
      vertex 40.875 -1.03448 62
      vertex 40.875 -1.06896 62
      vertex 40.875 -1.03448 62.5
    endloop
  endfacet
  facet normal -1 0 0
    outer loop
      vertex 40.875 -1.03448 33
      vertex 40.875 -1.06896 33
      vertex 40.875 -1.03448 33.5
    endloop
  endfacet
  facet normal -1 0 0
    outer loop
      vertex 40.875 -1.02759 50.5
      vertex 40.875 -1.06207 50.5
      vertex 40.875 -1.02759 51
    endloop
  endfacet
  facet normal -1 0 0
    outer loop
      vertex 40.875 -1.02759 21.5
      vertex 40.875 -1.06207 21.5
      vertex 40.875 -1.02759 22
    endloop
  endfacet
  facet normal -1 0 0
    outer loop
      vertex 40.875 -1.02069 68
      vertex 40.875 -1.05517 68
      vertex 40.875 -1.02069 68.5
    endloop
  endfacet
  facet normal -1 0 0
    outer loop
      vertex 40.875 -1.02069 39
      vertex 40.875 -1.05517 39
      vertex 40.875 -1.02069 39.5
    endloop
  endfacet
  facet normal -1 0 0
    outer loop
      vertex 40.875 -1.01379 56.5
      vertex 40.875 -1.04827 56.5
      vertex 40.875 -1.01379 57
    endloop
  endfacet
  facet normal -1 0 0
    outer loop
      vertex 40.875 -1.01379 27.5
      vertex 40.875 -1.04827 27.5
      vertex 40.875 -1.01379 28
    endloop
  endfacet
  facet normal -1 0 0
    outer loop
      vertex 40.875 -1.0069 74
      vertex 40.875 -1.04138 74
      vertex 40.875 -1.0069 74.5
    endloop
  endfacet
  facet normal -1 0 0
    outer loop
      vertex 40.875 -1.0069 45
      vertex 40.875 -1.04138 45
      vertex 40.875 -1.0069 45.5
    endloop
  endfacet
  facet normal -1 0 0
    outer loop
      vertex 40.875 -1 33.5
      vertex 40.875 -1.03448 33.5
      vertex 40.875 -1 34
    endloop
  endfacet
  facet normal -1 0 0
    outer loop
      vertex 40.875 -0.999999 62.5
      vertex 40.875 -1.03448 62.5
      vertex 40.875 -0.999999 63
    endloop
  endfacet
  facet normal -1 0 0
    outer loop
      vertex 40.875 -0.993103 51
      vertex 40.875 -1.02759 51
      vertex 40.875 -0.993103 51.5
    endloop
  endfacet
  facet normal -1 0 0
    outer loop
      vertex 40.875 -0.993103 22
      vertex 40.875 -1.02759 22
      vertex 40.875 -0.993103 22.5
    endloop
  endfacet
  facet normal -1 0 0
    outer loop
      vertex 40.875 -0.986206 68.5
      vertex 40.875 -1.02069 68.5
      vertex 40.875 -0.986206 69
    endloop
  endfacet
  facet normal -1 0 0
    outer loop
      vertex 40.875 -0.986206 39.5
      vertex 40.875 -1.02069 39.5
      vertex 40.875 -0.986206 40
    endloop
  endfacet
  facet normal -1 0 0
    outer loop
      vertex 40.875 -0.97931 57
      vertex 40.875 -1.01379 57
      vertex 40.875 -0.97931 57.5
    endloop
  endfacet
  facet normal -1 0 0
    outer loop
      vertex 40.875 -0.97931 28
      vertex 40.875 -1.01379 28
      vertex 40.875 -0.97931 28.5
    endloop
  endfacet
  facet normal -1 0 0
    outer loop
      vertex 40.875 -0.972413 74.5
      vertex 40.875 -1.0069 74.5
      vertex 40.875 -0.972413 75
    endloop
  endfacet
  facet normal -1 0 0
    outer loop
      vertex 40.875 -0.972413 45.5
      vertex 40.875 -1.0069 45.5
      vertex 40.875 -0.972413 46
    endloop
  endfacet
  facet normal -1 0 0
    outer loop
      vertex 40.875 -0.965517 63
      vertex 40.875 -0.999999 63
      vertex 40.875 -0.965517 63.5
    endloop
  endfacet
  facet normal -1 0 0
    outer loop
      vertex 40.875 -0.965517 34
      vertex 40.875 -1 34
      vertex 40.875 -0.965517 34.5
    endloop
  endfacet
  facet normal -1 0 0
    outer loop
      vertex 40.875 -0.95862 51.5
      vertex 40.875 -0.993103 51.5
      vertex 40.875 -0.95862 52
    endloop
  endfacet
  facet normal -1 0 0
    outer loop
      vertex 40.875 -0.95862 22.5
      vertex 40.875 -0.993103 22.5
      vertex 40.875 -0.95862 23
    endloop
  endfacet
  facet normal -1 0 0
    outer loop
      vertex 40.875 -0.951724 69
      vertex 40.875 -0.986206 69
      vertex 40.875 -0.951724 69.5
    endloop
  endfacet
  facet normal -1 0 0
    outer loop
      vertex 40.875 -0.951724 40
      vertex 40.875 -0.986206 40
      vertex 40.875 -0.951724 40.5
    endloop
  endfacet
  facet normal -1 0 0
    outer loop
      vertex 40.875 -0.944827 57.5
      vertex 40.875 -0.97931 57.5
      vertex 40.875 -0.944827 58
    endloop
  endfacet
  facet normal -1 0 0
    outer loop
      vertex 40.875 -0.944827 28.5
      vertex 40.875 -0.97931 28.5
      vertex 40.875 -0.944827 29
    endloop
  endfacet
  facet normal -1 0 0
    outer loop
      vertex 40.875 -0.93793 75
      vertex 40.875 -0.972413 75
      vertex 40.875 -0.93793 75.5
    endloop
  endfacet
  facet normal -1 0 0
    outer loop
      vertex 40.875 -0.93793 46
      vertex 40.875 -0.972413 46
      vertex 40.875 -0.93793 46.5
    endloop
  endfacet
  facet normal -1 0 0
    outer loop
      vertex 40.875 -0.931034 63.5
      vertex 40.875 -0.965517 63.5
      vertex 40.875 -0.931034 64
    endloop
  endfacet
  facet normal -1 0 0
    outer loop
      vertex 40.875 -0.931034 34.5
      vertex 40.875 -0.965517 34.5
      vertex 40.875 -0.931034 35
    endloop
  endfacet
  facet normal -1 0 0
    outer loop
      vertex 40.875 -0.924137 52
      vertex 40.875 -0.95862 52
      vertex 40.875 -0.924137 52.5
    endloop
  endfacet
  facet normal -1 0 0
    outer loop
      vertex 40.875 -0.924137 23
      vertex 40.875 -0.95862 23
      vertex 40.875 -0.924137 23.5
    endloop
  endfacet
  facet normal -1 0 0
    outer loop
      vertex 40.875 -0.917241 69.5
      vertex 40.875 -0.951724 69.5
      vertex 40.875 -0.917241 70
    endloop
  endfacet
  facet normal -1 0 0
    outer loop
      vertex 40.875 -0.917241 40.5
      vertex 40.875 -0.951724 40.5
      vertex 40.875 -0.917241 41
    endloop
  endfacet
  facet normal -1 0 0
    outer loop
      vertex 40.875 -0.910344 58
      vertex 40.875 -0.944827 58
      vertex 40.875 -0.910344 58.5
    endloop
  endfacet
  facet normal -1 0 0
    outer loop
      vertex 40.875 -0.910344 29
      vertex 40.875 -0.944827 29
      vertex 40.875 -0.910344 29.5
    endloop
  endfacet
  facet normal -1 0 0
    outer loop
      vertex 40.875 -0.903448 75.5
      vertex 40.875 -0.93793 75.5
      vertex 40.875 -0.903448 76
    endloop
  endfacet
  facet normal -1 0 0
    outer loop
      vertex 40.875 -0.903448 46.5
      vertex 40.875 -0.93793 46.5
      vertex 40.875 -0.903448 47
    endloop
  endfacet
  facet normal -1 0 0
    outer loop
      vertex 40.875 -0.896551 64
      vertex 40.875 -0.931034 64
      vertex 40.875 -0.896551 64.5
    endloop
  endfacet
  facet normal -1 0 0
    outer loop
      vertex 40.875 -0.896551 35
      vertex 40.875 -0.931034 35
      vertex 40.875 -0.896551 35.5
    endloop
  endfacet
  facet normal -1 0 0
    outer loop
      vertex 40.875 -0.889655 52.5
      vertex 40.875 -0.924137 52.5
      vertex 40.875 -0.889655 53
    endloop
  endfacet
  facet normal -1 0 0
    outer loop
      vertex 40.875 -0.889655 23.5
      vertex 40.875 -0.924137 23.5
      vertex 40.875 -0.889655 24
    endloop
  endfacet
  facet normal -1 0 0
    outer loop
      vertex 40.875 -0.882758 70
      vertex 40.875 -0.917241 70
      vertex 40.875 -0.882758 70.5
    endloop
  endfacet
  facet normal -1 0 0
    outer loop
      vertex 40.875 -0.882758 41
      vertex 40.875 -0.917241 41
      vertex 40.875 -0.882758 41.5
    endloop
  endfacet
  facet normal -1 0 0
    outer loop
      vertex 40.875 -0.875861 58.5
      vertex 40.875 -0.910344 58.5
      vertex 40.875 -0.875861 59
    endloop
  endfacet
  facet normal -1 0 0
    outer loop
      vertex 40.875 -0.875861 29.5
      vertex 40.875 -0.910344 29.5
      vertex 40.875 -0.875861 30
    endloop
  endfacet
  facet normal -1 0 0
    outer loop
      vertex 40.875 -0.868965 76
      vertex 40.875 -0.903448 76
      vertex 40.875 -0.868965 76.5
    endloop
  endfacet
  facet normal -1 0 0
    outer loop
      vertex 40.875 -0.868965 47
      vertex 40.875 -0.903448 47
      vertex 40.875 -0.868965 47.5
    endloop
  endfacet
  facet normal -1 0 0
    outer loop
      vertex 40.875 -0.862068 64.5
      vertex 40.875 -0.896551 64.5
      vertex 40.875 -0.862068 65
    endloop
  endfacet
  facet normal -1 0 0
    outer loop
      vertex 40.875 -0.862068 35.5
      vertex 40.875 -0.896551 35.5
      vertex 40.875 -0.862068 36
    endloop
  endfacet
  facet normal -1 0 0
    outer loop
      vertex 40.875 -0.855172 53
      vertex 40.875 -0.889655 53
      vertex 40.875 -0.855172 53.5
    endloop
  endfacet
  facet normal -1 0 0
    outer loop
      vertex 40.875 -0.855172 24
      vertex 40.875 -0.889655 24
      vertex 40.875 -0.855172 24.5
    endloop
  endfacet
  facet normal -1 0 0
    outer loop
      vertex 40.875 -0.848275 70.5
      vertex 40.875 -0.882758 70.5
      vertex 40.875 -0.848275 71
    endloop
  endfacet
  facet normal -1 0 0
    outer loop
      vertex 40.875 -0.848275 41.5
      vertex 40.875 -0.882758 41.5
      vertex 40.875 -0.848275 42
    endloop
  endfacet
  facet normal -1 0 0
    outer loop
      vertex 40.875 -0.841379 59
      vertex 40.875 -0.875861 59
      vertex 40.875 -0.841379 59.5
    endloop
  endfacet
  facet normal -1 0 0
    outer loop
      vertex 40.875 -0.841379 30
      vertex 40.875 -0.875861 30
      vertex 40.875 -0.841379 30.5
    endloop
  endfacet
  facet normal -1 0 0
    outer loop
      vertex 40.875 -0.841379 30.5
      vertex 40.875 -0.806896 31
      vertex 40.875 -0.806896 30.5
    endloop
  endfacet
  facet normal -1 0 0
    outer loop
      vertex 40.875 -1.17241 31
      vertex 40.875 -0.875861 30
      vertex 40.875 -0.910344 29.5
    endloop
  endfacet
  facet normal -1 0 0
    outer loop
      vertex 40.875 -1.17241 31
      vertex 40.875 -0.910344 29.5
      vertex 40.875 -0.944827 29
    endloop
  endfacet
  facet normal -1 0 0
    outer loop
      vertex 40.875 -1.17241 31
      vertex 40.875 -0.944827 29
      vertex 40.875 -0.97931 28.5
    endloop
  endfacet
  facet normal -1 0 0
    outer loop
      vertex 40.875 -1.17241 31
      vertex 40.875 -0.97931 28.5
      vertex 40.875 -1.01379 28
    endloop
  endfacet
  facet normal -1 0 0
    outer loop
      vertex 40.875 -1.17241 31
      vertex 40.875 -1.04827 27.5
      vertex 40.875 -1.08276 27
    endloop
  endfacet
  facet normal -1 0 0
    outer loop
      vertex 40.875 -1.17241 31
      vertex 40.875 -1.08276 27
      vertex 40.875 -1.11724 26.5
    endloop
  endfacet
  facet normal -1 0 0
    outer loop
      vertex 40.875 -1.17241 31
      vertex 40.875 -1.11724 26.5
      vertex 40.875 -1.15172 26
    endloop
  endfacet
  facet normal -1 0 0
    outer loop
      vertex 40.875 -0.841379 30.5
      vertex 40.875 -1.17241 31
      vertex 40.875 -0.806896 31
    endloop
  endfacet
  facet normal -1 0 0
    outer loop
      vertex 40.875 -0.875861 30
      vertex 40.875 -1.17241 31
      vertex 40.875 -0.841379 30.5
    endloop
  endfacet
  facet normal -1 0 0
    outer loop
      vertex 40.875 -1.04827 27.5
      vertex 40.875 -1.17241 31
      vertex 40.875 -1.01379 28
    endloop
  endfacet
  facet normal -1 0 0
    outer loop
      vertex 40.875 -0.841379 59.5
      vertex 40.875 -0.806896 60
      vertex 40.875 -0.806896 59.5
    endloop
  endfacet
  facet normal -1 0 0
    outer loop
      vertex 40.875 -1.17241 60
      vertex 40.875 -0.875861 59
      vertex 40.875 -0.910344 58.5
    endloop
  endfacet
  facet normal -1 0 0
    outer loop
      vertex 40.875 -1.17241 60
      vertex 40.875 -0.910344 58.5
      vertex 40.875 -0.944827 58
    endloop
  endfacet
  facet normal -1 0 0
    outer loop
      vertex 40.875 -1.17241 60
      vertex 40.875 -0.944827 58
      vertex 40.875 -0.97931 57.5
    endloop
  endfacet
  facet normal -1 0 0
    outer loop
      vertex 40.875 -1.17241 60
      vertex 40.875 -0.97931 57.5
      vertex 40.875 -1.01379 57
    endloop
  endfacet
  facet normal -1 0 0
    outer loop
      vertex 40.875 -1.17241 60
      vertex 40.875 -1.04827 56.5
      vertex 40.875 -1.08276 56
    endloop
  endfacet
  facet normal -1 0 0
    outer loop
      vertex 40.875 -1.17241 60
      vertex 40.875 -1.08276 56
      vertex 40.875 -1.11724 55.5
    endloop
  endfacet
  facet normal -1 0 0
    outer loop
      vertex 40.875 -1.17241 60
      vertex 40.875 -1.11724 55.5
      vertex 40.875 -1.15172 55
    endloop
  endfacet
  facet normal -1 0 0
    outer loop
      vertex 40.875 -0.841379 59.5
      vertex 40.875 -1.17241 60
      vertex 40.875 -0.806896 60
    endloop
  endfacet
  facet normal -1 0 0
    outer loop
      vertex 40.875 -0.875861 59
      vertex 40.875 -1.17241 60
      vertex 40.875 -0.841379 59.5
    endloop
  endfacet
  facet normal -1 0 0
    outer loop
      vertex 40.875 -1.04827 56.5
      vertex 40.875 -1.17241 60
      vertex 40.875 -1.01379 57
    endloop
  endfacet
  facet normal -1 0 0
    outer loop
      vertex 40.875 -0.848275 42
      vertex 40.875 -0.813792 42.5
      vertex 40.875 -0.813792 42
    endloop
  endfacet
  facet normal -1 0 0
    outer loop
      vertex 40.875 -1.17931 42.5
      vertex 40.875 -0.848275 42
      vertex 40.875 -0.882758 41.5
    endloop
  endfacet
  facet normal -1 0 0
    outer loop
      vertex 40.875 -1.17931 42.5
      vertex 40.875 -0.882758 41.5
      vertex 40.875 -0.917241 41
    endloop
  endfacet
  facet normal -1 0 0
    outer loop
      vertex 40.875 -1.17931 42.5
      vertex 40.875 -0.917241 41
      vertex 40.875 -0.951724 40.5
    endloop
  endfacet
  facet normal -1 0 0
    outer loop
      vertex 40.875 -1.17931 42.5
      vertex 40.875 -0.986206 40
      vertex 40.875 -1.02069 39.5
    endloop
  endfacet
  facet normal -1 0 0
    outer loop
      vertex 40.875 -1.17931 42.5
      vertex 40.875 -1.02069 39.5
      vertex 40.875 -1.05517 39
    endloop
  endfacet
  facet normal -1 0 0
    outer loop
      vertex 40.875 -1.17931 42.5
      vertex 40.875 -1.05517 39
      vertex 40.875 -1.08965 38.5
    endloop
  endfacet
  facet normal -1 0 0
    outer loop
      vertex 40.875 -1.17931 42.5
      vertex 40.875 -1.08965 38.5
      vertex 40.875 -1.12414 38
    endloop
  endfacet
  facet normal -1 0 0
    outer loop
      vertex 40.875 -0.848275 42
      vertex 40.875 -1.17931 42.5
      vertex 40.875 -0.813792 42.5
    endloop
  endfacet
  facet normal -1 0 0
    outer loop
      vertex 40.875 -0.986206 40
      vertex 40.875 -1.17931 42.5
      vertex 40.875 -0.951724 40.5
    endloop
  endfacet
  facet normal -1 0 0
    outer loop
      vertex 40.875 -1.17931 42.5
      vertex 40.875 -1.12414 38
      vertex 40.875 -1.15862 37.5
    endloop
  endfacet
  facet normal -1 0 0
    outer loop
      vertex 40.875 -0.848275 71
      vertex 40.875 -0.813792 71.5
      vertex 40.875 -0.813792 71
    endloop
  endfacet
  facet normal -1 0 0
    outer loop
      vertex 40.875 -1.17931 71.5
      vertex 40.875 -0.848275 71
      vertex 40.875 -0.882758 70.5
    endloop
  endfacet
  facet normal -1 0 0
    outer loop
      vertex 40.875 -1.17931 71.5
      vertex 40.875 -0.882758 70.5
      vertex 40.875 -0.917241 70
    endloop
  endfacet
  facet normal -1 0 0
    outer loop
      vertex 40.875 -1.17931 71.5
      vertex 40.875 -0.917241 70
      vertex 40.875 -0.951724 69.5
    endloop
  endfacet
  facet normal -1 0 0
    outer loop
      vertex 40.875 -1.17931 71.5
      vertex 40.875 -0.986206 69
      vertex 40.875 -1.02069 68.5
    endloop
  endfacet
  facet normal -1 0 0
    outer loop
      vertex 40.875 -1.17931 71.5
      vertex 40.875 -1.02069 68.5
      vertex 40.875 -1.05517 68
    endloop
  endfacet
  facet normal -1 0 0
    outer loop
      vertex 40.875 -1.17931 71.5
      vertex 40.875 -1.05517 68
      vertex 40.875 -1.08965 67.5
    endloop
  endfacet
  facet normal -1 0 0
    outer loop
      vertex 40.875 -1.17931 71.5
      vertex 40.875 -1.08965 67.5
      vertex 40.875 -1.12414 67
    endloop
  endfacet
  facet normal -1 0 0
    outer loop
      vertex 40.875 -0.848275 71
      vertex 40.875 -1.17931 71.5
      vertex 40.875 -0.813792 71.5
    endloop
  endfacet
  facet normal -1 0 0
    outer loop
      vertex 40.875 -0.986206 69
      vertex 40.875 -1.17931 71.5
      vertex 40.875 -0.951724 69.5
    endloop
  endfacet
  facet normal -1 0 0
    outer loop
      vertex 40.875 -1.17931 71.5
      vertex 40.875 -1.12414 67
      vertex 40.875 -1.15862 66.5
    endloop
  endfacet
  facet normal -1 0 0
    outer loop
      vertex 40.875 -0.855172 24.5
      vertex 40.875 -0.820689 25
      vertex 40.875 -0.820689 24.5
    endloop
  endfacet
  facet normal -1 0 0
    outer loop
      vertex 40.875 -1.18621 25
      vertex 40.875 -0.855172 24.5
      vertex 40.875 -0.889655 24
    endloop
  endfacet
  facet normal -1 0 0
    outer loop
      vertex 40.875 -1.18621 25
      vertex 40.875 -0.924137 23.5
      vertex 40.875 -0.95862 23
    endloop
  endfacet
  facet normal -1 0 0
    outer loop
      vertex 40.875 -1.18621 25
      vertex 40.875 -0.95862 23
      vertex 40.875 -0.993103 22.5
    endloop
  endfacet
  facet normal -1 0 0
    outer loop
      vertex 40.875 -1.18621 25
      vertex 40.875 -0.993103 22.5
      vertex 40.875 -1.02759 22
    endloop
  endfacet
  facet normal -1 0 0
    outer loop
      vertex 40.875 -1.18621 25
      vertex 40.875 -1.02759 22
      vertex 40.875 -1.06207 21.5
    endloop
  endfacet
  facet normal -1 0 0
    outer loop
      vertex 40.875 -1.18621 25
      vertex 40.875 -1.09655 21
      vertex 40.875 -1.13103 20.5
    endloop
  endfacet
  facet normal -1 0 0
    outer loop
      vertex 40.875 -1.18621 25
      vertex 40.875 -1.13103 20.5
      vertex 40.875 -1.16552 20
    endloop
  endfacet
  facet normal -1 0 0
    outer loop
      vertex 40.875 -0.855172 24.5
      vertex 40.875 -1.18621 25
      vertex 40.875 -0.820689 25
    endloop
  endfacet
  facet normal -1 0 0
    outer loop
      vertex 40.875 -0.924137 23.5
      vertex 40.875 -1.18621 25
      vertex 40.875 -0.889655 24
    endloop
  endfacet
  facet normal -1 0 0
    outer loop
      vertex 40.875 -1.09655 21
      vertex 40.875 -1.18621 25
      vertex 40.875 -1.06207 21.5
    endloop
  endfacet
  facet normal -1 0 0
    outer loop
      vertex 40.875 -0.855172 53.5
      vertex 40.875 -0.820689 54
      vertex 40.875 -0.820689 53.5
    endloop
  endfacet
  facet normal -1 0 0
    outer loop
      vertex 40.875 -1.18621 54
      vertex 40.875 -0.855172 53.5
      vertex 40.875 -0.889655 53
    endloop
  endfacet
  facet normal -1 0 0
    outer loop
      vertex 40.875 -1.18621 54
      vertex 40.875 -0.924137 52.5
      vertex 40.875 -0.95862 52
    endloop
  endfacet
  facet normal -1 0 0
    outer loop
      vertex 40.875 -1.18621 54
      vertex 40.875 -0.95862 52
      vertex 40.875 -0.993103 51.5
    endloop
  endfacet
  facet normal -1 0 0
    outer loop
      vertex 40.875 -1.18621 54
      vertex 40.875 -0.993103 51.5
      vertex 40.875 -1.02759 51
    endloop
  endfacet
  facet normal -1 0 0
    outer loop
      vertex 40.875 -1.18621 54
      vertex 40.875 -1.02759 51
      vertex 40.875 -1.06207 50.5
    endloop
  endfacet
  facet normal -1 0 0
    outer loop
      vertex 40.875 -1.18621 54
      vertex 40.875 -1.09655 50
      vertex 40.875 -1.13103 49.5
    endloop
  endfacet
  facet normal -1 0 0
    outer loop
      vertex 40.875 -1.18621 54
      vertex 40.875 -1.13103 49.5
      vertex 40.875 -1.16552 49
    endloop
  endfacet
  facet normal -1 0 0
    outer loop
      vertex 40.875 -0.855172 53.5
      vertex 40.875 -1.18621 54
      vertex 40.875 -0.820689 54
    endloop
  endfacet
  facet normal -1 0 0
    outer loop
      vertex 40.875 -0.924137 52.5
      vertex 40.875 -1.18621 54
      vertex 40.875 -0.889655 53
    endloop
  endfacet
  facet normal -1 0 0
    outer loop
      vertex 40.875 -1.09655 50
      vertex 40.875 -1.18621 54
      vertex 40.875 -1.06207 50.5
    endloop
  endfacet
  facet normal -1 0 0
    outer loop
      vertex 40.875 -0.862068 36
      vertex 40.875 -0.827586 36.5
      vertex 40.875 -0.827586 36
    endloop
  endfacet
  facet normal -1 0 0
    outer loop
      vertex 40.875 -1.1931 36.5
      vertex 40.875 -0.862068 36
      vertex 40.875 -0.896551 35.5
    endloop
  endfacet
  facet normal -1 0 0
    outer loop
      vertex 40.875 -1.1931 36.5
      vertex 40.875 -0.896551 35.5
      vertex 40.875 -0.931034 35
    endloop
  endfacet
  facet normal -1 0 0
    outer loop
      vertex 40.875 -1.1931 36.5
      vertex 40.875 -0.931034 35
      vertex 40.875 -0.965517 34.5
    endloop
  endfacet
  facet normal -1 0 0
    outer loop
      vertex 40.875 -1.1931 36.5
      vertex 40.875 -0.965517 34.5
      vertex 40.875 -1 34
    endloop
  endfacet
  facet normal -1 0 0
    outer loop
      vertex 40.875 -1.1931 36.5
      vertex 40.875 -1.03448 33.5
      vertex 40.875 -1.06896 33
    endloop
  endfacet
  facet normal -1 0 0
    outer loop
      vertex 40.875 -1.1931 36.5
      vertex 40.875 -1.06896 33
      vertex 40.875 -1.10345 32.5
    endloop
  endfacet
  facet normal -1 0 0
    outer loop
      vertex 40.875 -1.1931 36.5
      vertex 40.875 -1.10345 32.5
      vertex 40.875 -1.13793 32
    endloop
  endfacet
  facet normal -1 0 0
    outer loop
      vertex 40.875 -0.862068 36
      vertex 40.875 -1.1931 36.5
      vertex 40.875 -0.827586 36.5
    endloop
  endfacet
  facet normal -1 0 0
    outer loop
      vertex 40.875 -1.03448 33.5
      vertex 40.875 -1.1931 36.5
      vertex 40.875 -1 34
    endloop
  endfacet
  facet normal -1 0 0
    outer loop
      vertex 40.875 -1.17241 31.5
      vertex 40.875 -1.1931 36.5
      vertex 40.875 -1.13793 32
    endloop
  endfacet
  facet normal -1 0 0
    outer loop
      vertex 40.875 -1.1931 36.5
      vertex 40.875 -1.17241 31.5
      vertex 40.875 -1.18621 25.5
    endloop
  endfacet
  facet normal -1 0 0
    outer loop
      vertex 40.875 -0.862068 65
      vertex 40.875 -0.827586 65.5
      vertex 40.875 -0.827586 65
    endloop
  endfacet
  facet normal -1 0 0
    outer loop
      vertex 40.875 -1.1931 65.5
      vertex 40.875 -0.862068 65
      vertex 40.875 -0.896551 64.5
    endloop
  endfacet
  facet normal -1 0 0
    outer loop
      vertex 40.875 -1.1931 65.5
      vertex 40.875 -0.896551 64.5
      vertex 40.875 -0.931034 64
    endloop
  endfacet
  facet normal -1 0 0
    outer loop
      vertex 40.875 -1.1931 65.5
      vertex 40.875 -0.931034 64
      vertex 40.875 -0.965517 63.5
    endloop
  endfacet
  facet normal -1 0 0
    outer loop
      vertex 40.875 -1.1931 65.5
      vertex 40.875 -0.999999 63
      vertex 40.875 -1.03448 62.5
    endloop
  endfacet
  facet normal -1 0 0
    outer loop
      vertex 40.875 -1.1931 65.5
      vertex 40.875 -1.03448 62.5
      vertex 40.875 -1.06896 62
    endloop
  endfacet
  facet normal -1 0 0
    outer loop
      vertex 40.875 -1.1931 65.5
      vertex 40.875 -1.06896 62
      vertex 40.875 -1.10345 61.5
    endloop
  endfacet
  facet normal -1 0 0
    outer loop
      vertex 40.875 -0.999999 63
      vertex 40.875 -1.1931 65.5
      vertex 40.875 -0.965517 63.5
    endloop
  endfacet
  facet normal -1 0 0
    outer loop
      vertex 40.875 -1.1931 65.5
      vertex 40.875 -1.10345 61.5
      vertex 40.875 -1.13793 61
    endloop
  endfacet
  facet normal -1 0 0
    outer loop
      vertex 40.875 -0.862068 65
      vertex 40.875 -1.1931 65.5
      vertex 40.875 -0.827586 65.5
    endloop
  endfacet
  facet normal -1 0 0
    outer loop
      vertex 40.875 -1.17241 60.5
      vertex 40.875 -1.1931 65.5
      vertex 40.875 -1.13793 61
    endloop
  endfacet
  facet normal -1 0 0
    outer loop
      vertex 40.875 -1.1931 65.5
      vertex 40.875 -1.17241 60.5
      vertex 40.875 -1.18621 54.5
    endloop
  endfacet
  facet normal -1 0 0
    outer loop
      vertex 40.875 -0.868965 47.5
      vertex 40.875 -0.834482 48
      vertex 40.875 -0.834482 47.5
    endloop
  endfacet
  facet normal -1 0 0
    outer loop
      vertex 40.875 -1.2 48
      vertex 40.875 -0.868965 47.5
      vertex 40.875 -0.903448 47
    endloop
  endfacet
  facet normal -1 0 0
    outer loop
      vertex 40.875 -1.2 48
      vertex 40.875 -0.93793 46.5
      vertex 40.875 -0.972413 46
    endloop
  endfacet
  facet normal -1 0 0
    outer loop
      vertex 40.875 -1.2 48
      vertex 40.875 -0.972413 46
      vertex 40.875 -1.0069 45.5
    endloop
  endfacet
  facet normal -1 0 0
    outer loop
      vertex 40.875 -1.2 48
      vertex 40.875 -1.0069 45.5
      vertex 40.875 -1.04138 45
    endloop
  endfacet
  facet normal -1 0 0
    outer loop
      vertex 40.875 -1.2 48
      vertex 40.875 -1.04138 45
      vertex 40.875 -1.07586 44.5
    endloop
  endfacet
  facet normal -1 0 0
    outer loop
      vertex 40.875 -1.2 48
      vertex 40.875 -1.11034 44
      vertex 40.875 -1.14483 43.5
    endloop
  endfacet
  facet normal -1 0 0
    outer loop
      vertex 40.875 -1.2 48
      vertex 40.875 -1.14483 43.5
      vertex 40.875 -1.17931 43
    endloop
  endfacet
  facet normal -1 0 0
    outer loop
      vertex 40.875 -0.868965 47.5
      vertex 40.875 -1.2 48
      vertex 40.875 -0.834482 48
    endloop
  endfacet
  facet normal -1 0 0
    outer loop
      vertex 40.875 -0.93793 46.5
      vertex 40.875 -1.2 48
      vertex 40.875 -0.903448 47
    endloop
  endfacet
  facet normal -1 0 0
    outer loop
      vertex 40.875 -1.11034 44
      vertex 40.875 -1.2 48
      vertex 40.875 -1.07586 44.5
    endloop
  endfacet
  facet normal -1 0 0
    outer loop
      vertex 40.875 -1.1931 37
      vertex 40.875 -1.2 48
      vertex 40.875 -1.17931 43
    endloop
  endfacet
  facet normal -1 0 0
    outer loop
      vertex 40.875 -1.2 48
      vertex 40.875 -1.1931 37
      vertex 40.875 -1.2 19.5
    endloop
  endfacet
  facet normal -1 0 0
    outer loop
      vertex 40.875 -0.868965 76.5
      vertex 40.875 -0.834482 77
      vertex 40.875 -0.834482 76.5
    endloop
  endfacet
  facet normal -1 0 0
    outer loop
      vertex 40.875 -2.432 76
      vertex 40.875 -0.868965 76.5
      vertex 40.875 -0.903448 76
    endloop
  endfacet
  facet normal -1 0 0
    outer loop
      vertex 40.875 -2.432 76
      vertex 40.875 -0.93793 75.5
      vertex 40.875 -0.972413 75
    endloop
  endfacet
  facet normal -1 0 0
    outer loop
      vertex 40.875 -2.432 76
      vertex 40.875 -0.972413 75
      vertex 40.875 -1.0069 74.5
    endloop
  endfacet
  facet normal -1 0 0
    outer loop
      vertex 40.875 -2.432 76
      vertex 40.875 -1.0069 74.5
      vertex 40.875 -1.04138 74
    endloop
  endfacet
  facet normal -1 0 0
    outer loop
      vertex 40.875 -2.432 76
      vertex 40.875 -1.04138 74
      vertex 40.875 -1.07586 73.5
    endloop
  endfacet
  facet normal -1 0 0
    outer loop
      vertex 40.875 -2.432 76
      vertex 40.875 -1.11034 73
      vertex 40.875 -1.14483 72.5
    endloop
  endfacet
  facet normal -1 0 0
    outer loop
      vertex 40.875 -2.432 76
      vertex 40.875 -1.14483 72.5
      vertex 40.875 -1.17931 72
    endloop
  endfacet
  facet normal -1 0 0
    outer loop
      vertex 40.875 -1.1931 65.5
      vertex 40.875 -2.432 76
      vertex 40.875 -1.1931 66
    endloop
  endfacet
  facet normal -1 0 0
    outer loop
      vertex 40.875 -1.17931 71.5
      vertex 40.875 -2.432 76
      vertex 40.875 -1.17931 72
    endloop
  endfacet
  facet normal -1 0 0
    outer loop
      vertex 40.875 -1.11034 73
      vertex 40.875 -2.432 76
      vertex 40.875 -1.07586 73.5
    endloop
  endfacet
  facet normal -1 0 0
    outer loop
      vertex 40.875 -0.93793 75.5
      vertex 40.875 -2.432 76
      vertex 40.875 -0.903448 76
    endloop
  endfacet
  facet normal -1 -0 0
    outer loop
      vertex 40.875 -0.868965 76.5
      vertex 40.875 -2.432 76
      vertex 40.875 -2.432 77
    endloop
  endfacet
  facet normal -1 0 0
    outer loop
      vertex 40.875 -0.868965 76.5
      vertex 40.875 -2.432 77
      vertex 40.875 -0.834482 77
    endloop
  endfacet
  facet normal -1 0 0
    outer loop
      vertex 40.875 -2.57123 75
      vertex 40.875 -2.432 76
      vertex 40.875 -2.57123 74
    endloop
  endfacet
  facet normal -1 0 0
    outer loop
      vertex 40.875 -3.67424 76
      vertex 40.875 -2.57123 75
      vertex 40.875 -3.67424 75
    endloop
  endfacet
  facet normal -1 0 0
    outer loop
      vertex 40.875 -2.57123 75
      vertex 40.875 -3.67424 76
      vertex 40.875 -2.432 76
    endloop
  endfacet
  facet normal -1 0 0
    outer loop
      vertex 40.875 -2.71046 73
      vertex 40.875 -2.57123 74
      vertex 40.875 -2.71046 72
    endloop
  endfacet
  facet normal -1 0 0
    outer loop
      vertex 40.875 -3.87874 74
      vertex 40.875 -2.71046 73
      vertex 40.875 -3.87874 73
    endloop
  endfacet
  facet normal -1 0 0
    outer loop
      vertex 40.875 -2.71046 73
      vertex 40.875 -3.87874 74
      vertex 40.875 -2.57123 74
    endloop
  endfacet
  facet normal -1 0 0
    outer loop
      vertex 40.875 -2.84968 71
      vertex 40.875 -2.71046 72
      vertex 40.875 -2.84968 70
    endloop
  endfacet
  facet normal -1 0 0
    outer loop
      vertex 40.875 -4.08323 72
      vertex 40.875 -2.84968 71
      vertex 40.875 -4.08323 71
    endloop
  endfacet
  facet normal -1 0 0
    outer loop
      vertex 40.875 -2.84968 71
      vertex 40.875 -4.08323 72
      vertex 40.875 -2.71046 72
    endloop
  endfacet
  facet normal -1 0 0
    outer loop
      vertex 40.875 -2.98891 69
      vertex 40.875 -2.84968 70
      vertex 40.875 -2.98891 68
    endloop
  endfacet
  facet normal -1 0 0
    outer loop
      vertex 40.875 -4.28772 70
      vertex 40.875 -2.98891 69
      vertex 40.875 -4.28772 69
    endloop
  endfacet
  facet normal -1 0 0
    outer loop
      vertex 40.875 -2.98891 69
      vertex 40.875 -4.28772 70
      vertex 40.875 -2.84968 70
    endloop
  endfacet
  facet normal -1 0 0
    outer loop
      vertex 40.875 -3.12814 67
      vertex 40.875 -2.98891 68
      vertex 40.875 -3.12814 66
    endloop
  endfacet
  facet normal -1 0 0
    outer loop
      vertex 40.875 -4.49221 68
      vertex 40.875 -3.12814 67
      vertex 40.875 -4.49221 67
    endloop
  endfacet
  facet normal -1 0 0
    outer loop
      vertex 40.875 -3.12814 67
      vertex 40.875 -4.49221 68
      vertex 40.875 -2.98891 68
    endloop
  endfacet
  facet normal -1 0 0
    outer loop
      vertex 40.875 -3.26737 65
      vertex 40.875 -3.12814 66
      vertex 40.875 -3.26737 64
    endloop
  endfacet
  facet normal -1 0 0
    outer loop
      vertex 40.875 -4.6967 66
      vertex 40.875 -3.26737 65
      vertex 40.875 -4.6967 65
    endloop
  endfacet
  facet normal -1 0 0
    outer loop
      vertex 40.875 -3.26737 65
      vertex 40.875 -4.6967 66
      vertex 40.875 -3.12814 66
    endloop
  endfacet
  facet normal -1 0 0
    outer loop
      vertex 40.875 -3.4066 63
      vertex 40.875 -3.26737 64
      vertex 40.875 -3.4066 62
    endloop
  endfacet
  facet normal -1 0 0
    outer loop
      vertex 40.875 -4.90119 64
      vertex 40.875 -3.4066 63
      vertex 40.875 -4.90119 63
    endloop
  endfacet
  facet normal -1 0 0
    outer loop
      vertex 40.875 -3.4066 63
      vertex 40.875 -4.90119 64
      vertex 40.875 -3.26737 64
    endloop
  endfacet
  facet normal -1 0 0
    outer loop
      vertex 40.875 -3.54582 61
      vertex 40.875 -3.4066 62
      vertex 40.875 -3.54582 60
    endloop
  endfacet
  facet normal -1 0 0
    outer loop
      vertex 40.875 -5.10568 62
      vertex 40.875 -3.54582 61
      vertex 40.875 -5.10568 61
    endloop
  endfacet
  facet normal -1 0 0
    outer loop
      vertex 40.875 -3.54582 61
      vertex 40.875 -5.10568 62
      vertex 40.875 -3.4066 62
    endloop
  endfacet
  facet normal -1 0 0
    outer loop
      vertex 40.875 -3.68505 59
      vertex 40.875 -3.54582 60
      vertex 40.875 -3.68505 58
    endloop
  endfacet
  facet normal -1 0 0
    outer loop
      vertex 40.875 -5.31017 60
      vertex 40.875 -3.68505 59
      vertex 40.875 -5.31017 59
    endloop
  endfacet
  facet normal -1 0 0
    outer loop
      vertex 40.875 -3.68505 59
      vertex 40.875 -5.31017 60
      vertex 40.875 -3.54582 60
    endloop
  endfacet
  facet normal -1 0 0
    outer loop
      vertex 40.875 -3.82428 57
      vertex 40.875 -3.68505 58
      vertex 40.875 -3.82428 56
    endloop
  endfacet
  facet normal -1 0 0
    outer loop
      vertex 40.875 -5.51467 58
      vertex 40.875 -3.82428 57
      vertex 40.875 -5.51467 57
    endloop
  endfacet
  facet normal -1 0 0
    outer loop
      vertex 40.875 -3.82428 57
      vertex 40.875 -5.51467 58
      vertex 40.875 -3.68505 58
    endloop
  endfacet
  facet normal -1 0 0
    outer loop
      vertex 40.875 -3.96351 55
      vertex 40.875 -3.82428 56
      vertex 40.875 -3.96351 54
    endloop
  endfacet
  facet normal -1 0 0
    outer loop
      vertex 40.875 -5.71916 56
      vertex 40.875 -3.96351 55
      vertex 40.875 -5.71916 55
    endloop
  endfacet
  facet normal -1 0 0
    outer loop
      vertex 40.875 -3.96351 55
      vertex 40.875 -5.71916 56
      vertex 40.875 -3.82428 56
    endloop
  endfacet
  facet normal -1 0 0
    outer loop
      vertex 40.875 -1.2 48.5
      vertex 40.875 -4.10274 53
      vertex 40.875 -3.96351 54
    endloop
  endfacet
  facet normal -1 0 0
    outer loop
      vertex 40.875 -5.92365 54
      vertex 40.875 -4.10274 53
      vertex 40.875 -5.92365 53
    endloop
  endfacet
  facet normal -1 0 0
    outer loop
      vertex 40.875 -4.10274 53
      vertex 40.875 -5.92365 54
      vertex 40.875 -3.96351 54
    endloop
  endfacet
  facet normal -1 0 0
    outer loop
      vertex 40.875 -1.2 48.5
      vertex 40.875 -4.24196 51
      vertex 40.875 -4.10274 52
    endloop
  endfacet
  facet normal -1 0 0
    outer loop
      vertex 40.875 -6.12814 52
      vertex 40.875 -4.24196 51
      vertex 40.875 -6.12814 51
    endloop
  endfacet
  facet normal -1 0 0
    outer loop
      vertex 40.875 -4.24196 51
      vertex 40.875 -6.12814 52
      vertex 40.875 -4.10274 52
    endloop
  endfacet
  facet normal -1 0 0
    outer loop
      vertex 40.875 -1.2 48.5
      vertex 40.875 -4.38119 49
      vertex 40.875 -4.24196 50
    endloop
  endfacet
  facet normal -1 0 0
    outer loop
      vertex 40.875 -6.33263 50
      vertex 40.875 -4.38119 49
      vertex 40.875 -6.33263 49
    endloop
  endfacet
  facet normal -1 0 0
    outer loop
      vertex 40.875 -4.38119 49
      vertex 40.875 -6.33263 50
      vertex 40.875 -4.24196 50
    endloop
  endfacet
  facet normal -1 0 0
    outer loop
      vertex 40.875 -1.2 48
      vertex 40.875 -4.38119 48
      vertex 40.875 -1.2 48.5
    endloop
  endfacet
  facet normal -1 0 0
    outer loop
      vertex 40.875 -6.53712 48
      vertex 40.875 -4.52042 47
      vertex 40.875 -6.53712 47
    endloop
  endfacet
  facet normal -1 0 0
    outer loop
      vertex 40.875 -4.52042 47
      vertex 40.875 -6.53712 48
      vertex 40.875 -4.38119 48
    endloop
  endfacet
  facet normal -1 0 0
    outer loop
      vertex 40.875 -4.52042 47
      vertex 40.875 -1.2 48
      vertex 40.875 -4.52042 46
    endloop
  endfacet
  facet normal -1 0 0
    outer loop
      vertex 40.875 -6.74161 46
      vertex 40.875 -4.65965 45
      vertex 40.875 -6.74161 45
    endloop
  endfacet
  facet normal -1 0 0
    outer loop
      vertex 40.875 -4.65965 45
      vertex 40.875 -6.74161 46
      vertex 40.875 -4.52042 46
    endloop
  endfacet
  facet normal -1 0 0
    outer loop
      vertex 40.875 -4.65965 45
      vertex 40.875 -1.2 48
      vertex 40.875 -4.65965 44
    endloop
  endfacet
  facet normal -1 0 0
    outer loop
      vertex 40.875 -6.94611 44
      vertex 40.875 -4.79888 43
      vertex 40.875 -6.94611 43
    endloop
  endfacet
  facet normal -1 0 0
    outer loop
      vertex 40.875 -4.79888 43
      vertex 40.875 -6.94611 44
      vertex 40.875 -4.65965 44
    endloop
  endfacet
  facet normal -1 0 0
    outer loop
      vertex 40.875 -4.9381 41
      vertex 40.875 -4.79888 42
      vertex 40.875 -4.9381 40
    endloop
  endfacet
  facet normal -1 0 0
    outer loop
      vertex 40.875 -7.1506 42
      vertex 40.875 -4.9381 41
      vertex 40.875 -7.1506 41
    endloop
  endfacet
  facet normal -1 0 0
    outer loop
      vertex 40.875 -4.9381 41
      vertex 40.875 -7.1506 42
      vertex 40.875 -4.79888 42
    endloop
  endfacet
  facet normal -1 0 0
    outer loop
      vertex 40.875 -5.07733 39
      vertex 40.875 -4.9381 40
      vertex 40.875 -5.07733 38
    endloop
  endfacet
  facet normal -1 0 0
    outer loop
      vertex 40.875 -7.35509 40
      vertex 40.875 -5.07733 39
      vertex 40.875 -7.35509 39
    endloop
  endfacet
  facet normal -1 0 0
    outer loop
      vertex 40.875 -5.07733 39
      vertex 40.875 -7.35509 40
      vertex 40.875 -4.9381 40
    endloop
  endfacet
  facet normal -1 0 0
    outer loop
      vertex 40.875 -5.21656 37
      vertex 40.875 -5.07733 38
      vertex 40.875 -5.21656 36
    endloop
  endfacet
  facet normal -1 0 0
    outer loop
      vertex 40.875 -7.55958 38
      vertex 40.875 -5.21656 37
      vertex 40.875 -7.55958 37
    endloop
  endfacet
  facet normal -1 0 0
    outer loop
      vertex 40.875 -5.21656 37
      vertex 40.875 -7.55958 38
      vertex 40.875 -5.07733 38
    endloop
  endfacet
  facet normal -1 0 0
    outer loop
      vertex 40.875 -5.35579 35
      vertex 40.875 -5.21656 36
      vertex 40.875 -5.35579 34
    endloop
  endfacet
  facet normal -1 0 0
    outer loop
      vertex 40.875 -7.76407 36
      vertex 40.875 -5.35579 35
      vertex 40.875 -7.76407 35
    endloop
  endfacet
  facet normal -1 0 0
    outer loop
      vertex 40.875 -5.35579 35
      vertex 40.875 -7.76407 36
      vertex 40.875 -5.21656 36
    endloop
  endfacet
  facet normal -1 0 0
    outer loop
      vertex 40.875 -5.49502 33
      vertex 40.875 -5.35579 34
      vertex 40.875 -5.49502 32
    endloop
  endfacet
  facet normal -1 0 0
    outer loop
      vertex 40.875 -7.96856 34
      vertex 40.875 -5.49502 33
      vertex 40.875 -7.96856 33
    endloop
  endfacet
  facet normal -1 0 0
    outer loop
      vertex 40.875 -5.49502 33
      vertex 40.875 -7.96856 34
      vertex 40.875 -5.35579 34
    endloop
  endfacet
  facet normal -1 0 0
    outer loop
      vertex 40.875 -5.63424 31
      vertex 40.875 -5.49502 32
      vertex 40.875 -5.63424 30
    endloop
  endfacet
  facet normal -1 0 0
    outer loop
      vertex 40.875 -8.17305 32
      vertex 40.875 -5.63424 31
      vertex 40.875 -8.17305 31
    endloop
  endfacet
  facet normal -1 0 0
    outer loop
      vertex 40.875 -5.63424 31
      vertex 40.875 -8.17305 32
      vertex 40.875 -5.49502 32
    endloop
  endfacet
  facet normal -1 0 0
    outer loop
      vertex 40.875 -5.77347 29
      vertex 40.875 -5.63424 30
      vertex 40.875 -5.77347 28
    endloop
  endfacet
  facet normal -1 0 0
    outer loop
      vertex 40.875 -8.37754 30
      vertex 40.875 -5.77347 29
      vertex 40.875 -8.37754 29
    endloop
  endfacet
  facet normal -1 0 0
    outer loop
      vertex 40.875 -5.77347 29
      vertex 40.875 -8.37754 30
      vertex 40.875 -5.63424 30
    endloop
  endfacet
  facet normal -1 0 0
    outer loop
      vertex 40.875 -5.9127 27
      vertex 40.875 -5.77347 28
      vertex 40.875 -5.9127 26
    endloop
  endfacet
  facet normal -1 0 0
    outer loop
      vertex 40.875 -8.58204 28
      vertex 40.875 -5.9127 27
      vertex 40.875 -8.58204 27
    endloop
  endfacet
  facet normal -1 0 0
    outer loop
      vertex 40.875 -5.9127 27
      vertex 40.875 -8.58204 28
      vertex 40.875 -5.77347 28
    endloop
  endfacet
  facet normal -1 0 0
    outer loop
      vertex 40.875 -1.2 19.5
      vertex 40.875 -6.05193 25
      vertex 40.875 -5.9127 26
    endloop
  endfacet
  facet normal -1 0 0
    outer loop
      vertex 40.875 -8.78653 26
      vertex 40.875 -6.05193 25
      vertex 40.875 -8.78653 25
    endloop
  endfacet
  facet normal -1 0 0
    outer loop
      vertex 40.875 -6.05193 25
      vertex 40.875 -8.78653 26
      vertex 40.875 -5.9127 26
    endloop
  endfacet
  facet normal -1 0 0
    outer loop
      vertex 40.875 -1.2 19.5
      vertex 40.875 -6.19116 23
      vertex 40.875 -6.05193 24
    endloop
  endfacet
  facet normal -1 0 0
    outer loop
      vertex 40.875 -8.99102 24
      vertex 40.875 -6.19116 23
      vertex 40.875 -8.99102 23
    endloop
  endfacet
  facet normal -1 0 0
    outer loop
      vertex 40.875 -6.19116 23
      vertex 40.875 -8.99102 24
      vertex 40.875 -6.05193 24
    endloop
  endfacet
  facet normal -1 0 0
    outer loop
      vertex 40.875 -1.2 19.5
      vertex 40.875 -6.33039 21
      vertex 40.875 -6.19116 22
    endloop
  endfacet
  facet normal -1 0 0
    outer loop
      vertex 40.875 -9.19551 22
      vertex 40.875 -6.33039 21
      vertex 40.875 -9.19551 21
    endloop
  endfacet
  facet normal -1 0 0
    outer loop
      vertex 40.875 -6.33039 21
      vertex 40.875 -9.19551 22
      vertex 40.875 -6.19116 22
    endloop
  endfacet
  facet normal -1 0 0
    outer loop
      vertex 40.875 1.08276 56
      vertex 40.875 3.82428 56
      vertex 40.875 1.11724 55.5
    endloop
  endfacet
  facet normal -1 0 0
    outer loop
      vertex 40.875 1.04827 56.5
      vertex 40.875 3.82428 56
      vertex 40.875 1.08276 56
    endloop
  endfacet
  facet normal -1 0 0
    outer loop
      vertex 40.875 1.11724 55.5
      vertex 40.875 1.15172 55
      vertex 40.875 1.11724 55
    endloop
  endfacet
  facet normal -1 0 0
    outer loop
      vertex 40.875 3.82428 56
      vertex 40.875 1.04827 56.5
      vertex 40.875 3.82428 57
    endloop
  endfacet
  facet normal -1 0 0
    outer loop
      vertex 40.875 1.08276 56
      vertex 40.875 1.11724 55.5
      vertex 40.875 1.08276 55.5
    endloop
  endfacet
  facet normal -1 0 0
    outer loop
      vertex 40.875 1.01379 57
      vertex 40.875 3.82428 57
      vertex 40.875 1.04827 56.5
    endloop
  endfacet
  facet normal -1 0 0
    outer loop
      vertex 40.875 1.04827 56.5
      vertex 40.875 1.08276 56
      vertex 40.875 1.04827 56
    endloop
  endfacet
  facet normal -1 0 0
    outer loop
      vertex 40.875 3.82428 57
      vertex 40.875 1.01379 57
      vertex 40.875 3.68505 58
    endloop
  endfacet
  facet normal -1 0 0
    outer loop
      vertex 40.875 1.01379 57
      vertex 40.875 1.04827 56.5
      vertex 40.875 1.01379 56.5
    endloop
  endfacet
  facet normal -1 0 0
    outer loop
      vertex 40.875 0.97931 57.5
      vertex 40.875 3.68505 58
      vertex 40.875 1.01379 57
    endloop
  endfacet
  facet normal -1 0 0
    outer loop
      vertex 40.875 0.97931 57.5
      vertex 40.875 1.01379 57
      vertex 40.875 0.97931 57
    endloop
  endfacet
  facet normal -1 0 0
    outer loop
      vertex 40.875 0.944827 58
      vertex 40.875 3.68505 58
      vertex 40.875 0.97931 57.5
    endloop
  endfacet
  facet normal -1 0 0
    outer loop
      vertex 40.875 0.944827 58
      vertex 40.875 0.97931 57.5
      vertex 40.875 0.944827 57.5
    endloop
  endfacet
  facet normal -1 0 0
    outer loop
      vertex 40.875 0.910344 58.5
      vertex 40.875 3.68505 58
      vertex 40.875 0.944827 58
    endloop
  endfacet
  facet normal -1 0 0
    outer loop
      vertex 40.875 0.910344 58.5
      vertex 40.875 0.944827 58
      vertex 40.875 0.910344 58
    endloop
  endfacet
  facet normal -1 0 0
    outer loop
      vertex 40.875 0.875861 59
      vertex 40.875 3.68505 58
      vertex 40.875 0.910344 58.5
    endloop
  endfacet
  facet normal -1 0 0
    outer loop
      vertex 40.875 0.875861 59
      vertex 40.875 0.910344 58.5
      vertex 40.875 0.875861 58.5
    endloop
  endfacet
  facet normal -1 0 0
    outer loop
      vertex 40.875 3.68505 58
      vertex 40.875 0.875861 59
      vertex 40.875 1.17241 60
    endloop
  endfacet
  facet normal -1 0 0
    outer loop
      vertex 40.875 0.841379 59.5
      vertex 40.875 0.875861 59
      vertex 40.875 0.841379 59
    endloop
  endfacet
  facet normal -1 0 0
    outer loop
      vertex 40.875 0.875861 59
      vertex 40.875 0.841379 59.5
      vertex 40.875 1.17241 60
    endloop
  endfacet
  facet normal -1 0 0
    outer loop
      vertex 40.875 0.806896 60
      vertex 40.875 0.841379 59.5
      vertex 40.875 0.806896 59.5
    endloop
  endfacet
  facet normal -1 0 0
    outer loop
      vertex 40.875 0.841379 59.5
      vertex 40.875 0.806896 60
      vertex 40.875 1.17241 60
    endloop
  endfacet
  facet normal -1 0 0
    outer loop
      vertex 40.875 1.15172 26
      vertex 40.875 1.18621 25.5
      vertex 40.875 1.15172 25.5
    endloop
  endfacet
  facet normal -1 0 0
    outer loop
      vertex 40.875 1.18621 25.5
      vertex 40.875 1.15172 26
      vertex 40.875 1.17241 31
    endloop
  endfacet
  facet normal -1 0 0
    outer loop
      vertex 40.875 1.11724 26.5
      vertex 40.875 1.15172 26
      vertex 40.875 1.11724 26
    endloop
  endfacet
  facet normal -1 0 0
    outer loop
      vertex 40.875 1.15172 26
      vertex 40.875 1.11724 26.5
      vertex 40.875 1.17241 31
    endloop
  endfacet
  facet normal -1 0 0
    outer loop
      vertex 40.875 1.08276 27
      vertex 40.875 1.11724 26.5
      vertex 40.875 1.08276 26.5
    endloop
  endfacet
  facet normal -1 0 0
    outer loop
      vertex 40.875 1.11724 26.5
      vertex 40.875 1.08276 27
      vertex 40.875 1.17241 31
    endloop
  endfacet
  facet normal -1 0 0
    outer loop
      vertex 40.875 1.04827 27.5
      vertex 40.875 1.08276 27
      vertex 40.875 1.04827 27
    endloop
  endfacet
  facet normal -1 0 0
    outer loop
      vertex 40.875 1.08276 27
      vertex 40.875 1.04827 27.5
      vertex 40.875 1.17241 31
    endloop
  endfacet
  facet normal -1 0 0
    outer loop
      vertex 40.875 1.01379 28
      vertex 40.875 1.04827 27.5
      vertex 40.875 1.01379 27.5
    endloop
  endfacet
  facet normal -1 0 0
    outer loop
      vertex 40.875 1.04827 27.5
      vertex 40.875 1.01379 28
      vertex 40.875 1.17241 31
    endloop
  endfacet
  facet normal -1 0 0
    outer loop
      vertex 40.875 0.97931 28.5
      vertex 40.875 1.01379 28
      vertex 40.875 0.97931 28
    endloop
  endfacet
  facet normal -1 0 0
    outer loop
      vertex 40.875 1.01379 28
      vertex 40.875 0.97931 28.5
      vertex 40.875 1.17241 31
    endloop
  endfacet
  facet normal -1 0 0
    outer loop
      vertex 40.875 0.944827 29
      vertex 40.875 0.97931 28.5
      vertex 40.875 0.944827 28.5
    endloop
  endfacet
  facet normal -1 0 0
    outer loop
      vertex 40.875 0.97931 28.5
      vertex 40.875 0.944827 29
      vertex 40.875 1.17241 31
    endloop
  endfacet
  facet normal -1 0 0
    outer loop
      vertex 40.875 0.910344 29.5
      vertex 40.875 0.944827 29
      vertex 40.875 0.910344 29
    endloop
  endfacet
  facet normal -1 0 0
    outer loop
      vertex 40.875 0.944827 29
      vertex 40.875 0.910344 29.5
      vertex 40.875 1.17241 31
    endloop
  endfacet
  facet normal -1 0 0
    outer loop
      vertex 40.875 0.875861 30
      vertex 40.875 0.910344 29.5
      vertex 40.875 0.875861 29.5
    endloop
  endfacet
  facet normal -1 0 0
    outer loop
      vertex 40.875 0.910344 29.5
      vertex 40.875 0.875861 30
      vertex 40.875 1.17241 31
    endloop
  endfacet
  facet normal -1 0 0
    outer loop
      vertex 40.875 0.841379 30.5
      vertex 40.875 0.875861 30
      vertex 40.875 0.841379 30
    endloop
  endfacet
  facet normal -1 0 0
    outer loop
      vertex 40.875 0.875861 30
      vertex 40.875 0.841379 30.5
      vertex 40.875 1.17241 31
    endloop
  endfacet
  facet normal -1 0 0
    outer loop
      vertex 40.875 0.806896 31
      vertex 40.875 0.841379 30.5
      vertex 40.875 0.806896 30.5
    endloop
  endfacet
  facet normal -1 0 0
    outer loop
      vertex 40.875 0.841379 30.5
      vertex 40.875 0.806896 31
      vertex 40.875 1.17241 31
    endloop
  endfacet
  facet normal -1 0 0
    outer loop
      vertex 40.875 1.08965 67.5
      vertex 40.875 3.12814 67
      vertex 40.875 1.12414 67
    endloop
  endfacet
  facet normal -1 0 0
    outer loop
      vertex 40.875 3.12814 67
      vertex 40.875 1.08965 67.5
      vertex 40.875 2.98891 68
    endloop
  endfacet
  facet normal -1 0 0
    outer loop
      vertex 40.875 1.12414 67
      vertex 40.875 1.15862 66.5
      vertex 40.875 1.12414 66.5
    endloop
  endfacet
  facet normal -1 0 0
    outer loop
      vertex 40.875 1.05517 68
      vertex 40.875 2.98891 68
      vertex 40.875 1.08965 67.5
    endloop
  endfacet
  facet normal -1 0 0
    outer loop
      vertex 40.875 1.08965 67.5
      vertex 40.875 1.12414 67
      vertex 40.875 1.08965 67
    endloop
  endfacet
  facet normal -1 0 0
    outer loop
      vertex 40.875 1.02069 68.5
      vertex 40.875 2.98891 68
      vertex 40.875 1.05517 68
    endloop
  endfacet
  facet normal -1 0 0
    outer loop
      vertex 40.875 1.05517 68
      vertex 40.875 1.08965 67.5
      vertex 40.875 1.05517 67.5
    endloop
  endfacet
  facet normal -1 0 0
    outer loop
      vertex 40.875 2.98891 68
      vertex 40.875 1.02069 68.5
      vertex 40.875 2.98891 69
    endloop
  endfacet
  facet normal -1 0 0
    outer loop
      vertex 40.875 1.02069 68.5
      vertex 40.875 1.05517 68
      vertex 40.875 1.02069 68
    endloop
  endfacet
  facet normal -1 0 0
    outer loop
      vertex 40.875 0.986206 69
      vertex 40.875 2.98891 69
      vertex 40.875 1.02069 68.5
    endloop
  endfacet
  facet normal -1 0 0
    outer loop
      vertex 40.875 0.986206 69
      vertex 40.875 1.02069 68.5
      vertex 40.875 0.986206 68.5
    endloop
  endfacet
  facet normal -1 0 0
    outer loop
      vertex 40.875 0.951724 69.5
      vertex 40.875 2.98891 69
      vertex 40.875 0.986206 69
    endloop
  endfacet
  facet normal -1 0 0
    outer loop
      vertex 40.875 0.951724 69.5
      vertex 40.875 0.986206 69
      vertex 40.875 0.951724 69
    endloop
  endfacet
  facet normal -1 0 0
    outer loop
      vertex 40.875 0.917241 70
      vertex 40.875 2.98891 69
      vertex 40.875 0.951724 69.5
    endloop
  endfacet
  facet normal -1 0 0
    outer loop
      vertex 40.875 0.917241 70
      vertex 40.875 0.951724 69.5
      vertex 40.875 0.917241 69.5
    endloop
  endfacet
  facet normal -1 0 0
    outer loop
      vertex 40.875 0.882758 70.5
      vertex 40.875 2.98891 69
      vertex 40.875 0.917241 70
    endloop
  endfacet
  facet normal -1 0 0
    outer loop
      vertex 40.875 0.882758 70.5
      vertex 40.875 0.917241 70
      vertex 40.875 0.882758 70
    endloop
  endfacet
  facet normal -1 0 0
    outer loop
      vertex 40.875 2.98891 69
      vertex 40.875 0.882758 70.5
      vertex 40.875 1.17931 71.5
    endloop
  endfacet
  facet normal -1 0 0
    outer loop
      vertex 40.875 0.848275 71
      vertex 40.875 0.882758 70.5
      vertex 40.875 0.848275 70.5
    endloop
  endfacet
  facet normal -1 0 0
    outer loop
      vertex 40.875 0.882758 70.5
      vertex 40.875 0.848275 71
      vertex 40.875 1.17931 71.5
    endloop
  endfacet
  facet normal -1 0 0
    outer loop
      vertex 40.875 0.813792 71.5
      vertex 40.875 0.848275 71
      vertex 40.875 0.813792 71
    endloop
  endfacet
  facet normal -1 0 0
    outer loop
      vertex 40.875 0.848275 71
      vertex 40.875 0.813792 71.5
      vertex 40.875 1.17931 71.5
    endloop
  endfacet
  facet normal -1 0 0
    outer loop
      vertex 40.875 1.15862 37.5
      vertex 40.875 1.1931 37
      vertex 40.875 1.15862 37
    endloop
  endfacet
  facet normal -1 0 0
    outer loop
      vertex 40.875 1.1931 37
      vertex 40.875 1.15862 37.5
      vertex 40.875 1.17931 42.5
    endloop
  endfacet
  facet normal -1 0 0
    outer loop
      vertex 40.875 1.12414 38
      vertex 40.875 1.15862 37.5
      vertex 40.875 1.12414 37.5
    endloop
  endfacet
  facet normal -1 0 0
    outer loop
      vertex 40.875 1.15862 37.5
      vertex 40.875 1.12414 38
      vertex 40.875 1.17931 42.5
    endloop
  endfacet
  facet normal -1 0 0
    outer loop
      vertex 40.875 1.08965 38.5
      vertex 40.875 1.12414 38
      vertex 40.875 1.08965 38
    endloop
  endfacet
  facet normal -1 0 0
    outer loop
      vertex 40.875 1.12414 38
      vertex 40.875 1.08965 38.5
      vertex 40.875 1.17931 42.5
    endloop
  endfacet
  facet normal -1 0 0
    outer loop
      vertex 40.875 1.05517 39
      vertex 40.875 1.08965 38.5
      vertex 40.875 1.05517 38.5
    endloop
  endfacet
  facet normal -1 0 0
    outer loop
      vertex 40.875 1.08965 38.5
      vertex 40.875 1.05517 39
      vertex 40.875 1.17931 42.5
    endloop
  endfacet
  facet normal -1 0 0
    outer loop
      vertex 40.875 1.02069 39.5
      vertex 40.875 1.05517 39
      vertex 40.875 1.02069 39
    endloop
  endfacet
  facet normal -1 0 0
    outer loop
      vertex 40.875 1.05517 39
      vertex 40.875 1.02069 39.5
      vertex 40.875 1.17931 42.5
    endloop
  endfacet
  facet normal -1 0 0
    outer loop
      vertex 40.875 0.986206 40
      vertex 40.875 1.02069 39.5
      vertex 40.875 0.986206 39.5
    endloop
  endfacet
  facet normal -1 0 0
    outer loop
      vertex 40.875 1.02069 39.5
      vertex 40.875 0.986206 40
      vertex 40.875 1.17931 42.5
    endloop
  endfacet
  facet normal -1 0 0
    outer loop
      vertex 40.875 0.951724 40.5
      vertex 40.875 0.986206 40
      vertex 40.875 0.951724 40
    endloop
  endfacet
  facet normal -1 0 0
    outer loop
      vertex 40.875 0.986206 40
      vertex 40.875 0.951724 40.5
      vertex 40.875 1.17931 42.5
    endloop
  endfacet
  facet normal -1 0 0
    outer loop
      vertex 40.875 0.917241 41
      vertex 40.875 0.951724 40.5
      vertex 40.875 0.917241 40.5
    endloop
  endfacet
  facet normal -1 0 0
    outer loop
      vertex 40.875 0.951724 40.5
      vertex 40.875 0.917241 41
      vertex 40.875 1.17931 42.5
    endloop
  endfacet
  facet normal -1 0 0
    outer loop
      vertex 40.875 0.882758 41.5
      vertex 40.875 0.917241 41
      vertex 40.875 0.882758 41
    endloop
  endfacet
  facet normal -1 0 0
    outer loop
      vertex 40.875 0.917241 41
      vertex 40.875 0.882758 41.5
      vertex 40.875 1.17931 42.5
    endloop
  endfacet
  facet normal -1 0 0
    outer loop
      vertex 40.875 0.848275 42
      vertex 40.875 0.882758 41.5
      vertex 40.875 0.848275 41.5
    endloop
  endfacet
  facet normal -1 0 0
    outer loop
      vertex 40.875 0.882758 41.5
      vertex 40.875 0.848275 42
      vertex 40.875 1.17931 42.5
    endloop
  endfacet
  facet normal -1 0 0
    outer loop
      vertex 40.875 0.813792 42.5
      vertex 40.875 0.848275 42
      vertex 40.875 0.813792 42
    endloop
  endfacet
  facet normal -1 0 0
    outer loop
      vertex 40.875 0.848275 42
      vertex 40.875 0.813792 42.5
      vertex 40.875 1.17931 42.5
    endloop
  endfacet
  facet normal -1 0 0
    outer loop
      vertex 40.875 3.68505 58
      vertex 40.875 1.17241 60
      vertex 40.875 3.68505 59
    endloop
  endfacet
  facet normal -1 0 0
    outer loop
      vertex 40.875 1.16552 49
      vertex 40.875 1.2 48.5
      vertex 40.875 1.16552 48.5
    endloop
  endfacet
  facet normal -1 0 0
    outer loop
      vertex 40.875 1.06207 50.5
      vertex 40.875 4.24196 50
      vertex 40.875 1.09655 50
    endloop
  endfacet
  facet normal -1 0 0
    outer loop
      vertex 40.875 1.13103 49.5
      vertex 40.875 1.16552 49
      vertex 40.875 1.13103 49
    endloop
  endfacet
  facet normal -1 0 0
    outer loop
      vertex 40.875 4.24196 50
      vertex 40.875 1.06207 50.5
      vertex 40.875 4.24196 51
    endloop
  endfacet
  facet normal -1 0 0
    outer loop
      vertex 40.875 1.09655 50
      vertex 40.875 1.13103 49.5
      vertex 40.875 1.09655 49.5
    endloop
  endfacet
  facet normal -1 0 0
    outer loop
      vertex 40.875 1.02759 51
      vertex 40.875 4.24196 51
      vertex 40.875 1.06207 50.5
    endloop
  endfacet
  facet normal -1 0 0
    outer loop
      vertex 40.875 1.06207 50.5
      vertex 40.875 1.09655 50
      vertex 40.875 1.06207 50
    endloop
  endfacet
  facet normal -1 0 0
    outer loop
      vertex 40.875 4.24196 51
      vertex 40.875 1.02759 51
      vertex 40.875 4.10274 52
    endloop
  endfacet
  facet normal -1 0 0
    outer loop
      vertex 40.875 1.02759 51
      vertex 40.875 1.06207 50.5
      vertex 40.875 1.02759 50.5
    endloop
  endfacet
  facet normal -1 0 0
    outer loop
      vertex 40.875 0.993103 51.5
      vertex 40.875 4.10274 52
      vertex 40.875 1.02759 51
    endloop
  endfacet
  facet normal -1 0 0
    outer loop
      vertex 40.875 0.993103 51.5
      vertex 40.875 1.02759 51
      vertex 40.875 0.993103 51
    endloop
  endfacet
  facet normal -1 0 0
    outer loop
      vertex 40.875 0.95862 52
      vertex 40.875 4.10274 52
      vertex 40.875 0.993103 51.5
    endloop
  endfacet
  facet normal -1 0 0
    outer loop
      vertex 40.875 0.95862 52
      vertex 40.875 0.993103 51.5
      vertex 40.875 0.95862 51.5
    endloop
  endfacet
  facet normal -1 0 0
    outer loop
      vertex 40.875 0.924137 52.5
      vertex 40.875 4.10274 52
      vertex 40.875 0.95862 52
    endloop
  endfacet
  facet normal -1 0 0
    outer loop
      vertex 40.875 0.924137 52.5
      vertex 40.875 0.95862 52
      vertex 40.875 0.924137 52
    endloop
  endfacet
  facet normal -1 0 0
    outer loop
      vertex 40.875 0.889655 53
      vertex 40.875 4.10274 52
      vertex 40.875 0.924137 52.5
    endloop
  endfacet
  facet normal -1 0 0
    outer loop
      vertex 40.875 0.889655 53
      vertex 40.875 0.924137 52.5
      vertex 40.875 0.889655 52.5
    endloop
  endfacet
  facet normal -1 0 0
    outer loop
      vertex 40.875 4.10274 52
      vertex 40.875 0.889655 53
      vertex 40.875 1.18621 54
    endloop
  endfacet
  facet normal -1 0 0
    outer loop
      vertex 40.875 0.855172 53.5
      vertex 40.875 0.889655 53
      vertex 40.875 0.855172 53
    endloop
  endfacet
  facet normal -1 0 0
    outer loop
      vertex 40.875 0.889655 53
      vertex 40.875 0.855172 53.5
      vertex 40.875 1.18621 54
    endloop
  endfacet
  facet normal -1 0 0
    outer loop
      vertex 40.875 0.820689 54
      vertex 40.875 0.855172 53.5
      vertex 40.875 0.820689 53.5
    endloop
  endfacet
  facet normal -1 0 0
    outer loop
      vertex 40.875 0.855172 53.5
      vertex 40.875 0.820689 54
      vertex 40.875 1.18621 54
    endloop
  endfacet
  facet normal -1 0 0
    outer loop
      vertex 40.875 4.9381 40
      vertex 40.875 1.17931 42.5
      vertex 40.875 4.9381 41
    endloop
  endfacet
  facet normal -1 -0 0
    outer loop
      vertex 40.875 5.9127 26
      vertex 40.875 1.18621 25.5
      vertex 40.875 5.77347 28
    endloop
  endfacet
  facet normal -1 0 0
    outer loop
      vertex 40.875 1.16552 20
      vertex 40.875 1.2 19.5
      vertex 40.875 1.16552 19.5
    endloop
  endfacet
  facet normal -1 0 0
    outer loop
      vertex 40.875 6.19116 22
      vertex 40.875 0.993103 22.5
      vertex 40.875 6.19116 23
    endloop
  endfacet
  facet normal -1 0 0
    outer loop
      vertex 40.875 1.13103 20.5
      vertex 40.875 1.16552 20
      vertex 40.875 1.13103 20
    endloop
  endfacet
  facet normal -1 0 0
    outer loop
      vertex 40.875 0.95862 23
      vertex 40.875 6.19116 23
      vertex 40.875 0.993103 22.5
    endloop
  endfacet
  facet normal -1 0 0
    outer loop
      vertex 40.875 1.09655 21
      vertex 40.875 1.13103 20.5
      vertex 40.875 1.09655 20.5
    endloop
  endfacet
  facet normal -1 0 0
    outer loop
      vertex 40.875 6.19116 23
      vertex 40.875 0.95862 23
      vertex 40.875 6.05193 24
    endloop
  endfacet
  facet normal -1 0 0
    outer loop
      vertex 40.875 1.06207 21.5
      vertex 40.875 1.09655 21
      vertex 40.875 1.06207 21
    endloop
  endfacet
  facet normal -1 0 0
    outer loop
      vertex 40.875 0.924137 23.5
      vertex 40.875 6.05193 24
      vertex 40.875 0.95862 23
    endloop
  endfacet
  facet normal -1 0 0
    outer loop
      vertex 40.875 1.02759 22
      vertex 40.875 1.06207 21.5
      vertex 40.875 1.02759 21.5
    endloop
  endfacet
  facet normal -1 0 -0
    outer loop
      vertex 40.875 1.18621 25
      vertex 40.875 6.05193 24
      vertex 40.875 0.924137 23.5
    endloop
  endfacet
  facet normal -1 0 0
    outer loop
      vertex 40.875 0.993103 22.5
      vertex 40.875 1.02759 22
      vertex 40.875 0.993103 22
    endloop
  endfacet
  facet normal -1 0 0
    outer loop
      vertex 40.875 6.05193 24
      vertex 40.875 1.18621 25
      vertex 40.875 6.05193 25
    endloop
  endfacet
  facet normal -1 0 0
    outer loop
      vertex 40.875 0.95862 23
      vertex 40.875 0.993103 22.5
      vertex 40.875 0.95862 22.5
    endloop
  endfacet
  facet normal -1 0 0
    outer loop
      vertex 40.875 1.18621 25.5
      vertex 40.875 5.9127 26
      vertex 40.875 1.18621 25
    endloop
  endfacet
  facet normal -1 0 0
    outer loop
      vertex 40.875 0.924137 23.5
      vertex 40.875 0.95862 23
      vertex 40.875 0.924137 23
    endloop
  endfacet
  facet normal -1 0 0
    outer loop
      vertex 40.875 6.05193 25
      vertex 40.875 1.18621 25
      vertex 40.875 5.9127 26
    endloop
  endfacet
  facet normal -1 0 0
    outer loop
      vertex 40.875 0.889655 24
      vertex 40.875 0.924137 23.5
      vertex 40.875 0.889655 23.5
    endloop
  endfacet
  facet normal -1 0 0
    outer loop
      vertex 40.875 0.924137 23.5
      vertex 40.875 0.889655 24
      vertex 40.875 1.18621 25
    endloop
  endfacet
  facet normal -1 0 0
    outer loop
      vertex 40.875 0.855172 24.5
      vertex 40.875 0.889655 24
      vertex 40.875 0.855172 24
    endloop
  endfacet
  facet normal -1 0 0
    outer loop
      vertex 40.875 0.889655 24
      vertex 40.875 0.855172 24.5
      vertex 40.875 1.18621 25
    endloop
  endfacet
  facet normal -1 0 0
    outer loop
      vertex 40.875 0.820689 25
      vertex 40.875 0.855172 24.5
      vertex 40.875 0.820689 24.5
    endloop
  endfacet
  facet normal -1 0 0
    outer loop
      vertex 40.875 0.855172 24.5
      vertex 40.875 0.820689 25
      vertex 40.875 1.18621 25
    endloop
  endfacet
  facet normal -1 0 0
    outer loop
      vertex 40.875 9.4 19
      vertex 40.875 6.33039 20
      vertex 40.875 9.4 20
    endloop
  endfacet
  facet normal -1 0 0
    outer loop
      vertex 40.875 1.16552 20
      vertex 40.875 6.33039 20
      vertex 40.875 1.2 19.5
    endloop
  endfacet
  facet normal -1 0 0
    outer loop
      vertex 40.875 6.33039 20
      vertex 40.875 1.13103 20.5
      vertex 40.875 6.33039 21
    endloop
  endfacet
  facet normal -1 0 0
    outer loop
      vertex 40.875 1.13103 20.5
      vertex 40.875 6.33039 20
      vertex 40.875 1.16552 20
    endloop
  endfacet
  facet normal -1 0 0
    outer loop
      vertex 40.875 6.33039 21
      vertex 40.875 1.09655 21
      vertex 40.875 6.19116 22
    endloop
  endfacet
  facet normal -1 0 0
    outer loop
      vertex 40.875 1.09655 21
      vertex 40.875 6.33039 21
      vertex 40.875 1.13103 20.5
    endloop
  endfacet
  facet normal -1 0 0
    outer loop
      vertex 40.875 5.9127 26
      vertex 40.875 5.77347 28
      vertex 40.875 5.9127 27
    endloop
  endfacet
  facet normal -1 0 0
    outer loop
      vertex 40.875 1.06207 21.5
      vertex 40.875 6.19116 22
      vertex 40.875 1.09655 21
    endloop
  endfacet
  facet normal -1 0 0
    outer loop
      vertex 40.875 5.77347 28
      vertex 40.875 5.63424 30
      vertex 40.875 5.77347 29
    endloop
  endfacet
  facet normal -1 0 0
    outer loop
      vertex 40.875 1.1931 36.5
      vertex 40.875 5.63424 31
      vertex 40.875 5.63424 30
    endloop
  endfacet
  facet normal -1 0 0
    outer loop
      vertex 40.875 0.993103 22.5
      vertex 40.875 6.19116 22
      vertex 40.875 1.02759 22
    endloop
  endfacet
  facet normal -1 0 0
    outer loop
      vertex 40.875 1.1931 36.5
      vertex 40.875 5.49502 33
      vertex 40.875 5.49502 32
    endloop
  endfacet
  facet normal -1 0 0
    outer loop
      vertex 40.875 5.77347 28
      vertex 40.875 1.1931 36.5
      vertex 40.875 5.63424 30
    endloop
  endfacet
  facet normal -1 0 0
    outer loop
      vertex 40.875 1.1931 36.5
      vertex 40.875 5.35579 35
      vertex 40.875 5.35579 34
    endloop
  endfacet
  facet normal -1 0 0
    outer loop
      vertex 40.875 5.63424 31
      vertex 40.875 1.1931 36.5
      vertex 40.875 5.49502 32
    endloop
  endfacet
  facet normal -1 0 0
    outer loop
      vertex 40.875 1.1931 36.5
      vertex 40.875 5.21656 37
      vertex 40.875 5.21656 36
    endloop
  endfacet
  facet normal -1 0 0
    outer loop
      vertex 40.875 5.49502 33
      vertex 40.875 1.1931 36.5
      vertex 40.875 5.35579 34
    endloop
  endfacet
  facet normal -1 0 0
    outer loop
      vertex 40.875 5.21656 37
      vertex 40.875 1.1931 37
      vertex 40.875 5.07733 38
    endloop
  endfacet
  facet normal -1 -0 0
    outer loop
      vertex 40.875 5.07733 39
      vertex 40.875 1.1931 37
      vertex 40.875 4.9381 40
    endloop
  endfacet
  facet normal -1 -0 0
    outer loop
      vertex 40.875 5.07733 38
      vertex 40.875 1.1931 37
      vertex 40.875 5.07733 39
    endloop
  endfacet
  facet normal -1 0 0
    outer loop
      vertex 40.875 1.2 48
      vertex 40.875 4.79888 43
      vertex 40.875 4.79888 42
    endloop
  endfacet
  facet normal -1 0 0
    outer loop
      vertex 40.875 1.17931 42.5
      vertex 40.875 4.9381 40
      vertex 40.875 1.1931 37
    endloop
  endfacet
  facet normal -1 0 0
    outer loop
      vertex 40.875 1.2 48
      vertex 40.875 4.65965 45
      vertex 40.875 4.65965 44
    endloop
  endfacet
  facet normal -1 0 0
    outer loop
      vertex 40.875 4.79888 43
      vertex 40.875 1.2 48
      vertex 40.875 4.65965 44
    endloop
  endfacet
  facet normal -1 0 0
    outer loop
      vertex 40.875 1.2 48
      vertex 40.875 4.52042 47
      vertex 40.875 4.52042 46
    endloop
  endfacet
  facet normal -1 0 0
    outer loop
      vertex 40.875 4.65965 45
      vertex 40.875 1.2 48
      vertex 40.875 4.52042 46
    endloop
  endfacet
  facet normal -1 0 0
    outer loop
      vertex 40.875 5.35579 35
      vertex 40.875 1.1931 36.5
      vertex 40.875 5.21656 36
    endloop
  endfacet
  facet normal -1 0 0
    outer loop
      vertex 40.875 1.2 48.5
      vertex 40.875 4.38119 49
      vertex 40.875 4.38119 48
    endloop
  endfacet
  facet normal -1 0 0
    outer loop
      vertex 40.875 4.38119 49
      vertex 40.875 1.16552 49
      vertex 40.875 4.24196 50
    endloop
  endfacet
  facet normal -1 0 0
    outer loop
      vertex 40.875 1.16552 49
      vertex 40.875 4.38119 49
      vertex 40.875 1.2 48.5
    endloop
  endfacet
  facet normal -1 0 0
    outer loop
      vertex 40.875 1.09655 50
      vertex 40.875 4.24196 50
      vertex 40.875 1.13103 49.5
    endloop
  endfacet
  facet normal -1 0 0
    outer loop
      vertex 40.875 1.13103 49.5
      vertex 40.875 4.24196 50
      vertex 40.875 1.16552 49
    endloop
  endfacet
  facet normal -1 0 0
    outer loop
      vertex 40.875 1.18621 54.5
      vertex 40.875 3.96351 54
      vertex 40.875 1.18621 54
    endloop
  endfacet
  facet normal -1 0 0
    outer loop
      vertex 40.875 4.10274 52
      vertex 40.875 1.18621 54
      vertex 40.875 4.10274 53
    endloop
  endfacet
  facet normal -1 0 0
    outer loop
      vertex 40.875 4.52042 47
      vertex 40.875 1.2 48
      vertex 40.875 4.38119 48
    endloop
  endfacet
  facet normal -1 0 0
    outer loop
      vertex 40.875 1.15172 55
      vertex 40.875 3.96351 55
      vertex 40.875 1.18621 54.5
    endloop
  endfacet
  facet normal -1 0 0
    outer loop
      vertex 40.875 1.11724 55.5
      vertex 40.875 3.82428 56
      vertex 40.875 1.15172 55
    endloop
  endfacet
  facet normal -1 0 0
    outer loop
      vertex 40.875 3.96351 54
      vertex 40.875 1.18621 54.5
      vertex 40.875 3.96351 55
    endloop
  endfacet
  facet normal -1 0 0
    outer loop
      vertex 40.875 1.1931 65.5
      vertex 40.875 3.54582 61
      vertex 40.875 3.54582 60
    endloop
  endfacet
  facet normal -1 0 0
    outer loop
      vertex 40.875 1.15172 55
      vertex 40.875 1.18621 54.5
      vertex 40.875 1.15172 54.5
    endloop
  endfacet
  facet normal -1 0 0
    outer loop
      vertex 40.875 1.1931 65.5
      vertex 40.875 3.4066 63
      vertex 40.875 3.4066 62
    endloop
  endfacet
  facet normal -1 0 0
    outer loop
      vertex 40.875 3.54582 61
      vertex 40.875 1.1931 65.5
      vertex 40.875 3.4066 62
    endloop
  endfacet
  facet normal -1 0 0
    outer loop
      vertex 40.875 1.1931 65.5
      vertex 40.875 3.26737 65
      vertex 40.875 3.26737 64
    endloop
  endfacet
  facet normal -1 0 0
    outer loop
      vertex 40.875 3.4066 63
      vertex 40.875 1.1931 65.5
      vertex 40.875 3.26737 64
    endloop
  endfacet
  facet normal -1 0 0
    outer loop
      vertex 40.875 1.15862 66.5
      vertex 40.875 3.12814 66
      vertex 40.875 1.1931 66
    endloop
  endfacet
  facet normal -1 0 0
    outer loop
      vertex 40.875 1.15862 66.5
      vertex 40.875 1.1931 66
      vertex 40.875 1.15862 66
    endloop
  endfacet
  facet normal -1 0 0
    outer loop
      vertex 40.875 3.12814 66
      vertex 40.875 1.15862 66.5
      vertex 40.875 3.12814 67
    endloop
  endfacet
  facet normal -1 0 0
    outer loop
      vertex 40.875 1.17931 71.5
      vertex 40.875 2.84968 71
      vertex 40.875 2.84968 70
    endloop
  endfacet
  facet normal -1 0 0
    outer loop
      vertex 40.875 1.12414 67
      vertex 40.875 3.12814 67
      vertex 40.875 1.15862 66.5
    endloop
  endfacet
  facet normal -1 0 0
    outer loop
      vertex 40.875 1.14483 72.5
      vertex 40.875 2.71046 73
      vertex 40.875 2.71046 72
    endloop
  endfacet
  facet normal -1 0 0
    outer loop
      vertex 40.875 2.84968 71
      vertex 40.875 1.17931 71.5
      vertex 40.875 2.71046 72
    endloop
  endfacet
  facet normal -1 0 0
    outer loop
      vertex 40.875 1.0069 74.5
      vertex 40.875 2.57123 75
      vertex 40.875 2.57123 74
    endloop
  endfacet
  facet normal -1 0 0
    outer loop
      vertex 40.875 1.17931 72
      vertex 40.875 2.71046 72
      vertex 40.875 1.17931 71.5
    endloop
  endfacet
  facet normal -1 0 0
    outer loop
      vertex 40.875 3.26737 65
      vertex 40.875 1.1931 65.5
      vertex 40.875 3.12814 66
    endloop
  endfacet
  facet normal -1 0 0
    outer loop
      vertex 40.875 1.2 19
      vertex 40.875 6.33039 20
      vertex 40.875 9.4 19
    endloop
  endfacet
  facet normal -1 0 0
    outer loop
      vertex 40.875 1.2 19.5
      vertex 40.875 6.33039 20
      vertex 40.875 1.2 19
    endloop
  endfacet
  facet normal -1 0 0
    outer loop
      vertex 40.875 1.02759 22
      vertex 40.875 6.19116 22
      vertex 40.875 1.06207 21.5
    endloop
  endfacet
  facet normal -1 0 0
    outer loop
      vertex 40.875 1.1931 37
      vertex 40.875 5.21656 37
      vertex 40.875 1.1931 36.5
    endloop
  endfacet
  facet normal -1 0 0
    outer loop
      vertex 40.875 1.2 48.5
      vertex 40.875 4.38119 48
      vertex 40.875 1.2 48
    endloop
  endfacet
  facet normal -1 0 0
    outer loop
      vertex 40.875 4.10274 53
      vertex 40.875 1.18621 54
      vertex 40.875 3.96351 54
    endloop
  endfacet
  facet normal -1 0 0
    outer loop
      vertex 40.875 3.96351 55
      vertex 40.875 1.15172 55
      vertex 40.875 3.82428 56
    endloop
  endfacet
  facet normal -1 -0 0
    outer loop
      vertex 40.875 3.12814 66
      vertex 40.875 1.1931 65.5
      vertex 40.875 1.1931 66
    endloop
  endfacet
  facet normal -1 0 0
    outer loop
      vertex 40.875 2.98891 69
      vertex 40.875 1.17931 71.5
      vertex 40.875 2.84968 70
    endloop
  endfacet
  facet normal -1 0 0
    outer loop
      vertex 40.875 1.14483 72.5
      vertex 40.875 2.71046 72
      vertex 40.875 1.17931 72
    endloop
  endfacet
  facet normal -1 -0 0
    outer loop
      vertex 40.875 2.71046 73
      vertex 40.875 1.14483 72.5
      vertex 40.875 1.11034 73
    endloop
  endfacet
  facet normal -1 0 0
    outer loop
      vertex 40.875 1.07586 73.5
      vertex 40.875 2.71046 73
      vertex 40.875 1.11034 73
    endloop
  endfacet
  facet normal -1 0 0
    outer loop
      vertex 40.875 1.14483 72.5
      vertex 40.875 1.17931 72
      vertex 40.875 1.14483 72
    endloop
  endfacet
  facet normal -1 0 0
    outer loop
      vertex 40.875 2.71046 73
      vertex 40.875 1.07586 73.5
      vertex 40.875 2.57123 74
    endloop
  endfacet
  facet normal -1 0 0
    outer loop
      vertex 40.875 1.11034 73
      vertex 40.875 1.14483 72.5
      vertex 40.875 1.11034 72.5
    endloop
  endfacet
  facet normal -1 0 0
    outer loop
      vertex 40.875 1.04138 74
      vertex 40.875 2.57123 74
      vertex 40.875 1.07586 73.5
    endloop
  endfacet
  facet normal -1 0 0
    outer loop
      vertex 40.875 1.07586 73.5
      vertex 40.875 1.11034 73
      vertex 40.875 1.07586 73
    endloop
  endfacet
  facet normal -1 0 0
    outer loop
      vertex 40.875 1.0069 74.5
      vertex 40.875 2.57123 74
      vertex 40.875 1.04138 74
    endloop
  endfacet
  facet normal -1 0 0
    outer loop
      vertex 40.875 1.04138 74
      vertex 40.875 1.07586 73.5
      vertex 40.875 1.04138 73.5
    endloop
  endfacet
  facet normal -1 -0 0
    outer loop
      vertex 40.875 2.57123 75
      vertex 40.875 1.0069 74.5
      vertex 40.875 0.972413 75
    endloop
  endfacet
  facet normal -1 0 0
    outer loop
      vertex 40.875 1.0069 74.5
      vertex 40.875 1.04138 74
      vertex 40.875 1.0069 74
    endloop
  endfacet
  facet normal -1 0 0
    outer loop
      vertex 40.875 0.93793 75.5
      vertex 40.875 2.57123 75
      vertex 40.875 0.972413 75
    endloop
  endfacet
  facet normal -1 0 0
    outer loop
      vertex 40.875 0.972413 75
      vertex 40.875 1.0069 74.5
      vertex 40.875 0.972413 74.5
    endloop
  endfacet
  facet normal -1 0 0
    outer loop
      vertex 40.875 2.57123 75
      vertex 40.875 0.93793 75.5
      vertex 40.875 2.432 76
    endloop
  endfacet
  facet normal -1 0 0
    outer loop
      vertex 40.875 0.93793 75.5
      vertex 40.875 0.972413 75
      vertex 40.875 0.93793 75
    endloop
  endfacet
  facet normal -1 0 0
    outer loop
      vertex 40.875 0.903448 76
      vertex 40.875 2.432 76
      vertex 40.875 0.93793 75.5
    endloop
  endfacet
  facet normal -1 0 0
    outer loop
      vertex 40.875 0.903448 76
      vertex 40.875 0.93793 75.5
      vertex 40.875 0.903448 75.5
    endloop
  endfacet
  facet normal -1 0 0
    outer loop
      vertex 40.875 0.868965 76.5
      vertex 40.875 2.432 76
      vertex 40.875 0.903448 76
    endloop
  endfacet
  facet normal -1 0 0
    outer loop
      vertex 40.875 0.868965 76.5
      vertex 40.875 0.903448 76
      vertex 40.875 0.868965 76
    endloop
  endfacet
  facet normal -1 0 0
    outer loop
      vertex 40.875 2.432 76
      vertex 40.875 0.868965 76.5
      vertex 40.875 2.432 77
    endloop
  endfacet
  facet normal -1 0 0
    outer loop
      vertex 40.875 0.834482 77
      vertex 40.875 0.868965 76.5
      vertex 40.875 0.834482 76.5
    endloop
  endfacet
  facet normal -1 0 0
    outer loop
      vertex 40.875 0.868965 76.5
      vertex 40.875 0.834482 77
      vertex 40.875 2.432 77
    endloop
  endfacet
  facet normal -1 0 0
    outer loop
      vertex 40.875 6.33039 21
      vertex 40.875 9.19551 22
      vertex 40.875 9.19551 21
    endloop
  endfacet
  facet normal -1 -0 0
    outer loop
      vertex 40.875 9.19551 22
      vertex 40.875 6.33039 21
      vertex 40.875 6.19116 22
    endloop
  endfacet
  facet normal -1 0 0
    outer loop
      vertex 40.875 6.19116 23
      vertex 40.875 8.99102 24
      vertex 40.875 8.99102 23
    endloop
  endfacet
  facet normal -1 -0 0
    outer loop
      vertex 40.875 8.99102 24
      vertex 40.875 6.19116 23
      vertex 40.875 6.05193 24
    endloop
  endfacet
  facet normal -1 0 0
    outer loop
      vertex 40.875 6.05193 25
      vertex 40.875 8.78653 26
      vertex 40.875 8.78653 25
    endloop
  endfacet
  facet normal -1 -0 0
    outer loop
      vertex 40.875 8.78653 26
      vertex 40.875 6.05193 25
      vertex 40.875 5.9127 26
    endloop
  endfacet
  facet normal -1 0 0
    outer loop
      vertex 40.875 5.9127 27
      vertex 40.875 8.58204 28
      vertex 40.875 8.58204 27
    endloop
  endfacet
  facet normal -1 -0 0
    outer loop
      vertex 40.875 8.58204 28
      vertex 40.875 5.9127 27
      vertex 40.875 5.77347 28
    endloop
  endfacet
  facet normal -1 0 0
    outer loop
      vertex 40.875 5.77347 29
      vertex 40.875 8.37754 30
      vertex 40.875 8.37754 29
    endloop
  endfacet
  facet normal -1 -0 0
    outer loop
      vertex 40.875 8.37754 30
      vertex 40.875 5.77347 29
      vertex 40.875 5.63424 30
    endloop
  endfacet
  facet normal -1 0 0
    outer loop
      vertex 40.875 5.63424 31
      vertex 40.875 8.17305 32
      vertex 40.875 8.17305 31
    endloop
  endfacet
  facet normal -1 -0 0
    outer loop
      vertex 40.875 8.17305 32
      vertex 40.875 5.63424 31
      vertex 40.875 5.49502 32
    endloop
  endfacet
  facet normal -1 0 0
    outer loop
      vertex 40.875 5.49502 33
      vertex 40.875 7.96856 34
      vertex 40.875 7.96856 33
    endloop
  endfacet
  facet normal -1 -0 0
    outer loop
      vertex 40.875 7.96856 34
      vertex 40.875 5.49502 33
      vertex 40.875 5.35579 34
    endloop
  endfacet
  facet normal -1 0 0
    outer loop
      vertex 40.875 5.35579 35
      vertex 40.875 7.76407 36
      vertex 40.875 7.76407 35
    endloop
  endfacet
  facet normal -1 -0 0
    outer loop
      vertex 40.875 7.76407 36
      vertex 40.875 5.35579 35
      vertex 40.875 5.21656 36
    endloop
  endfacet
  facet normal -1 0 0
    outer loop
      vertex 40.875 5.21656 37
      vertex 40.875 7.55958 38
      vertex 40.875 7.55958 37
    endloop
  endfacet
  facet normal -1 -0 0
    outer loop
      vertex 40.875 7.55958 38
      vertex 40.875 5.21656 37
      vertex 40.875 5.07733 38
    endloop
  endfacet
  facet normal -1 0 0
    outer loop
      vertex 40.875 5.07733 39
      vertex 40.875 7.35509 40
      vertex 40.875 7.35509 39
    endloop
  endfacet
  facet normal -1 -0 0
    outer loop
      vertex 40.875 7.35509 40
      vertex 40.875 5.07733 39
      vertex 40.875 4.9381 40
    endloop
  endfacet
  facet normal -1 0 0
    outer loop
      vertex 40.875 4.9381 41
      vertex 40.875 7.1506 42
      vertex 40.875 7.1506 41
    endloop
  endfacet
  facet normal -1 -0 0
    outer loop
      vertex 40.875 7.1506 42
      vertex 40.875 4.9381 41
      vertex 40.875 4.79888 42
    endloop
  endfacet
  facet normal -1 0 0
    outer loop
      vertex 40.875 4.79888 43
      vertex 40.875 6.94611 44
      vertex 40.875 6.94611 43
    endloop
  endfacet
  facet normal -1 -0 0
    outer loop
      vertex 40.875 6.94611 44
      vertex 40.875 4.79888 43
      vertex 40.875 4.65965 44
    endloop
  endfacet
  facet normal -1 0 0
    outer loop
      vertex 40.875 4.65965 45
      vertex 40.875 6.74161 46
      vertex 40.875 6.74161 45
    endloop
  endfacet
  facet normal -1 -0 0
    outer loop
      vertex 40.875 6.74161 46
      vertex 40.875 4.65965 45
      vertex 40.875 4.52042 46
    endloop
  endfacet
  facet normal -1 0 0
    outer loop
      vertex 40.875 4.52042 47
      vertex 40.875 6.53712 48
      vertex 40.875 6.53712 47
    endloop
  endfacet
  facet normal -1 -0 0
    outer loop
      vertex 40.875 6.53712 48
      vertex 40.875 4.52042 47
      vertex 40.875 4.38119 48
    endloop
  endfacet
  facet normal -1 0 0
    outer loop
      vertex 40.875 4.38119 49
      vertex 40.875 6.33263 50
      vertex 40.875 6.33263 49
    endloop
  endfacet
  facet normal -1 -0 0
    outer loop
      vertex 40.875 6.33263 50
      vertex 40.875 4.38119 49
      vertex 40.875 4.24196 50
    endloop
  endfacet
  facet normal -1 0 0
    outer loop
      vertex 40.875 4.24196 51
      vertex 40.875 6.12814 52
      vertex 40.875 6.12814 51
    endloop
  endfacet
  facet normal -1 -0 0
    outer loop
      vertex 40.875 6.12814 52
      vertex 40.875 4.24196 51
      vertex 40.875 4.10274 52
    endloop
  endfacet
  facet normal -1 0 0
    outer loop
      vertex 40.875 4.10274 53
      vertex 40.875 5.92365 54
      vertex 40.875 5.92365 53
    endloop
  endfacet
  facet normal -1 -0 0
    outer loop
      vertex 40.875 5.92365 54
      vertex 40.875 4.10274 53
      vertex 40.875 3.96351 54
    endloop
  endfacet
  facet normal -1 0 0
    outer loop
      vertex 40.875 3.96351 55
      vertex 40.875 5.71916 56
      vertex 40.875 5.71916 55
    endloop
  endfacet
  facet normal -1 -0 0
    outer loop
      vertex 40.875 5.71916 56
      vertex 40.875 3.96351 55
      vertex 40.875 3.82428 56
    endloop
  endfacet
  facet normal -1 0 0
    outer loop
      vertex 40.875 3.82428 57
      vertex 40.875 5.51467 58
      vertex 40.875 5.51467 57
    endloop
  endfacet
  facet normal -1 -0 0
    outer loop
      vertex 40.875 5.51467 58
      vertex 40.875 3.82428 57
      vertex 40.875 3.68505 58
    endloop
  endfacet
  facet normal -1 0 0
    outer loop
      vertex 40.875 3.68505 59
      vertex 40.875 5.31017 60
      vertex 40.875 5.31017 59
    endloop
  endfacet
  facet normal -1 -0 0
    outer loop
      vertex 40.875 5.31017 60
      vertex 40.875 3.68505 59
      vertex 40.875 3.54582 60
    endloop
  endfacet
  facet normal -1 0 0
    outer loop
      vertex 40.875 3.54582 61
      vertex 40.875 5.10568 62
      vertex 40.875 5.10568 61
    endloop
  endfacet
  facet normal -1 -0 0
    outer loop
      vertex 40.875 5.10568 62
      vertex 40.875 3.54582 61
      vertex 40.875 3.4066 62
    endloop
  endfacet
  facet normal -1 0 0
    outer loop
      vertex 40.875 3.4066 63
      vertex 40.875 4.90119 64
      vertex 40.875 4.90119 63
    endloop
  endfacet
  facet normal -1 -0 0
    outer loop
      vertex 40.875 4.90119 64
      vertex 40.875 3.4066 63
      vertex 40.875 3.26737 64
    endloop
  endfacet
  facet normal -1 0 0
    outer loop
      vertex 40.875 3.26737 65
      vertex 40.875 4.6967 66
      vertex 40.875 4.6967 65
    endloop
  endfacet
  facet normal -1 -0 0
    outer loop
      vertex 40.875 4.6967 66
      vertex 40.875 3.26737 65
      vertex 40.875 3.12814 66
    endloop
  endfacet
  facet normal -1 0 0
    outer loop
      vertex 40.875 3.12814 67
      vertex 40.875 4.49221 68
      vertex 40.875 4.49221 67
    endloop
  endfacet
  facet normal -1 -0 0
    outer loop
      vertex 40.875 4.49221 68
      vertex 40.875 3.12814 67
      vertex 40.875 2.98891 68
    endloop
  endfacet
  facet normal -1 0 0
    outer loop
      vertex 40.875 2.98891 69
      vertex 40.875 4.28772 70
      vertex 40.875 4.28772 69
    endloop
  endfacet
  facet normal -1 -0 0
    outer loop
      vertex 40.875 4.28772 70
      vertex 40.875 2.98891 69
      vertex 40.875 2.84968 70
    endloop
  endfacet
  facet normal -1 0 0
    outer loop
      vertex 40.875 2.84968 71
      vertex 40.875 4.08323 72
      vertex 40.875 4.08323 71
    endloop
  endfacet
  facet normal -1 -0 0
    outer loop
      vertex 40.875 4.08323 72
      vertex 40.875 2.84968 71
      vertex 40.875 2.71046 72
    endloop
  endfacet
  facet normal -1 0 0
    outer loop
      vertex 40.875 2.71046 73
      vertex 40.875 3.87874 74
      vertex 40.875 3.87874 73
    endloop
  endfacet
  facet normal -1 -0 0
    outer loop
      vertex 40.875 3.87874 74
      vertex 40.875 2.71046 73
      vertex 40.875 2.57123 74
    endloop
  endfacet
  facet normal -1 0 0
    outer loop
      vertex 40.875 2.57123 75
      vertex 40.875 3.67424 76
      vertex 40.875 3.67424 75
    endloop
  endfacet
  facet normal -1 -0 0
    outer loop
      vertex 40.875 3.67424 76
      vertex 40.875 2.57123 75
      vertex 40.875 2.432 76
    endloop
  endfacet
  facet normal -1 0 0
    outer loop
      vertex 40.875 4.9381 41
      vertex 40.875 1.17931 42.5
      vertex 40.875 4.79888 42
    endloop
  endfacet
  facet normal -1 0 0
    outer loop
      vertex 40.875 1.17931 43
      vertex 40.875 4.79888 42
      vertex 40.875 1.17931 42.5
    endloop
  endfacet
  facet normal -1 0 0
    outer loop
      vertex 40.875 1.14483 43.5
      vertex 40.875 4.79888 42
      vertex 40.875 1.17931 43
    endloop
  endfacet
  facet normal -1 0 0
    outer loop
      vertex 40.875 1.14483 43.5
      vertex 40.875 1.17931 43
      vertex 40.875 1.14483 43
    endloop
  endfacet
  facet normal -1 0 0
    outer loop
      vertex 40.875 1.11034 44
      vertex 40.875 4.79888 42
      vertex 40.875 1.14483 43.5
    endloop
  endfacet
  facet normal -1 0 0
    outer loop
      vertex 40.875 1.11034 44
      vertex 40.875 1.14483 43.5
      vertex 40.875 1.11034 43.5
    endloop
  endfacet
  facet normal -1 0 0
    outer loop
      vertex 40.875 1.07586 44.5
      vertex 40.875 4.79888 42
      vertex 40.875 1.11034 44
    endloop
  endfacet
  facet normal -1 0 0
    outer loop
      vertex 40.875 1.07586 44.5
      vertex 40.875 1.11034 44
      vertex 40.875 1.07586 44
    endloop
  endfacet
  facet normal -1 0 0
    outer loop
      vertex 40.875 1.04138 45
      vertex 40.875 4.79888 42
      vertex 40.875 1.07586 44.5
    endloop
  endfacet
  facet normal -1 0 0
    outer loop
      vertex 40.875 1.04138 45
      vertex 40.875 1.07586 44.5
      vertex 40.875 1.04138 44.5
    endloop
  endfacet
  facet normal -1 0 0
    outer loop
      vertex 40.875 1.0069 45.5
      vertex 40.875 4.79888 42
      vertex 40.875 1.04138 45
    endloop
  endfacet
  facet normal -1 0 0
    outer loop
      vertex 40.875 1.0069 45.5
      vertex 40.875 1.04138 45
      vertex 40.875 1.0069 45
    endloop
  endfacet
  facet normal -1 0 0
    outer loop
      vertex 40.875 0.972413 46
      vertex 40.875 4.79888 42
      vertex 40.875 1.0069 45.5
    endloop
  endfacet
  facet normal -1 0 0
    outer loop
      vertex 40.875 0.972413 46
      vertex 40.875 1.0069 45.5
      vertex 40.875 0.972413 45.5
    endloop
  endfacet
  facet normal -1 0 0
    outer loop
      vertex 40.875 4.79888 42
      vertex 40.875 0.972413 46
      vertex 40.875 1.2 48
    endloop
  endfacet
  facet normal -1 0 0
    outer loop
      vertex 40.875 0.93793 46.5
      vertex 40.875 0.972413 46
      vertex 40.875 0.93793 46
    endloop
  endfacet
  facet normal -1 0 0
    outer loop
      vertex 40.875 0.972413 46
      vertex 40.875 0.93793 46.5
      vertex 40.875 1.2 48
    endloop
  endfacet
  facet normal -1 0 0
    outer loop
      vertex 40.875 0.903448 47
      vertex 40.875 0.93793 46.5
      vertex 40.875 0.903448 46.5
    endloop
  endfacet
  facet normal -1 0 0
    outer loop
      vertex 40.875 0.93793 46.5
      vertex 40.875 0.903448 47
      vertex 40.875 1.2 48
    endloop
  endfacet
  facet normal -1 0 0
    outer loop
      vertex 40.875 0.868965 47.5
      vertex 40.875 0.903448 47
      vertex 40.875 0.868965 47
    endloop
  endfacet
  facet normal -1 0 0
    outer loop
      vertex 40.875 0.903448 47
      vertex 40.875 0.868965 47.5
      vertex 40.875 1.2 48
    endloop
  endfacet
  facet normal -1 0 0
    outer loop
      vertex 40.875 0.834482 48
      vertex 40.875 0.868965 47.5
      vertex 40.875 0.834482 47.5
    endloop
  endfacet
  facet normal -1 0 0
    outer loop
      vertex 40.875 0.868965 47.5
      vertex 40.875 0.834482 48
      vertex 40.875 1.2 48
    endloop
  endfacet
  facet normal -1 0 0
    outer loop
      vertex 40.875 1.17241 31
      vertex 40.875 5.77347 28
      vertex 40.875 1.18621 25.5
    endloop
  endfacet
  facet normal -1 0 0
    outer loop
      vertex 40.875 1.17241 31.5
      vertex 40.875 5.77347 28
      vertex 40.875 1.17241 31
    endloop
  endfacet
  facet normal -1 0 0
    outer loop
      vertex 40.875 1.13793 32
      vertex 40.875 5.77347 28
      vertex 40.875 1.17241 31.5
    endloop
  endfacet
  facet normal -1 0 0
    outer loop
      vertex 40.875 1.13793 32
      vertex 40.875 1.17241 31.5
      vertex 40.875 1.13793 31.5
    endloop
  endfacet
  facet normal -1 0 0
    outer loop
      vertex 40.875 1.10345 32.5
      vertex 40.875 5.77347 28
      vertex 40.875 1.13793 32
    endloop
  endfacet
  facet normal -1 0 0
    outer loop
      vertex 40.875 1.10345 32.5
      vertex 40.875 1.13793 32
      vertex 40.875 1.10345 32
    endloop
  endfacet
  facet normal -1 0 0
    outer loop
      vertex 40.875 1.06896 33
      vertex 40.875 5.77347 28
      vertex 40.875 1.10345 32.5
    endloop
  endfacet
  facet normal -1 0 0
    outer loop
      vertex 40.875 1.06896 33
      vertex 40.875 1.10345 32.5
      vertex 40.875 1.06896 32.5
    endloop
  endfacet
  facet normal -1 0 0
    outer loop
      vertex 40.875 1.03448 33.5
      vertex 40.875 5.77347 28
      vertex 40.875 1.06896 33
    endloop
  endfacet
  facet normal -1 0 0
    outer loop
      vertex 40.875 1.03448 33.5
      vertex 40.875 1.06896 33
      vertex 40.875 1.03448 33
    endloop
  endfacet
  facet normal -1 0 0
    outer loop
      vertex 40.875 1 34
      vertex 40.875 5.77347 28
      vertex 40.875 1.03448 33.5
    endloop
  endfacet
  facet normal -1 0 0
    outer loop
      vertex 40.875 1 34
      vertex 40.875 1.03448 33.5
      vertex 40.875 1 33.5
    endloop
  endfacet
  facet normal -1 0 0
    outer loop
      vertex 40.875 5.77347 28
      vertex 40.875 1 34
      vertex 40.875 1.1931 36.5
    endloop
  endfacet
  facet normal -1 0 0
    outer loop
      vertex 40.875 0.965517 34.5
      vertex 40.875 1 34
      vertex 40.875 0.965517 34
    endloop
  endfacet
  facet normal -1 0 0
    outer loop
      vertex 40.875 1 34
      vertex 40.875 0.965517 34.5
      vertex 40.875 1.1931 36.5
    endloop
  endfacet
  facet normal -1 0 0
    outer loop
      vertex 40.875 0.931034 35
      vertex 40.875 0.965517 34.5
      vertex 40.875 0.931034 34.5
    endloop
  endfacet
  facet normal -1 0 0
    outer loop
      vertex 40.875 0.965517 34.5
      vertex 40.875 0.931034 35
      vertex 40.875 1.1931 36.5
    endloop
  endfacet
  facet normal -1 0 0
    outer loop
      vertex 40.875 0.896551 35.5
      vertex 40.875 0.931034 35
      vertex 40.875 0.896551 35
    endloop
  endfacet
  facet normal -1 0 0
    outer loop
      vertex 40.875 0.931034 35
      vertex 40.875 0.896551 35.5
      vertex 40.875 1.1931 36.5
    endloop
  endfacet
  facet normal -1 0 0
    outer loop
      vertex 40.875 0.862068 36
      vertex 40.875 0.896551 35.5
      vertex 40.875 0.862068 35.5
    endloop
  endfacet
  facet normal -1 0 0
    outer loop
      vertex 40.875 0.896551 35.5
      vertex 40.875 0.862068 36
      vertex 40.875 1.1931 36.5
    endloop
  endfacet
  facet normal -1 0 0
    outer loop
      vertex 40.875 0.827586 36.5
      vertex 40.875 0.862068 36
      vertex 40.875 0.827586 36
    endloop
  endfacet
  facet normal -1 0 0
    outer loop
      vertex 40.875 0.862068 36
      vertex 40.875 0.827586 36.5
      vertex 40.875 1.1931 36.5
    endloop
  endfacet
  facet normal -1 0 0
    outer loop
      vertex 40.875 3.68505 59
      vertex 40.875 1.17241 60
      vertex 40.875 3.54582 60
    endloop
  endfacet
  facet normal -1 0 0
    outer loop
      vertex 40.875 1.17241 60.5
      vertex 40.875 3.54582 60
      vertex 40.875 1.17241 60
    endloop
  endfacet
  facet normal -1 0 0
    outer loop
      vertex 40.875 1.13793 61
      vertex 40.875 3.54582 60
      vertex 40.875 1.17241 60.5
    endloop
  endfacet
  facet normal -1 0 0
    outer loop
      vertex 40.875 1.13793 61
      vertex 40.875 1.17241 60.5
      vertex 40.875 1.13793 60.5
    endloop
  endfacet
  facet normal -1 0 0
    outer loop
      vertex 40.875 1.10345 61.5
      vertex 40.875 3.54582 60
      vertex 40.875 1.13793 61
    endloop
  endfacet
  facet normal -1 0 0
    outer loop
      vertex 40.875 1.10345 61.5
      vertex 40.875 1.13793 61
      vertex 40.875 1.10345 61
    endloop
  endfacet
  facet normal -1 0 0
    outer loop
      vertex 40.875 1.06896 62
      vertex 40.875 3.54582 60
      vertex 40.875 1.10345 61.5
    endloop
  endfacet
  facet normal -1 0 0
    outer loop
      vertex 40.875 1.06896 62
      vertex 40.875 1.10345 61.5
      vertex 40.875 1.06896 61.5
    endloop
  endfacet
  facet normal -1 0 0
    outer loop
      vertex 40.875 1.03448 62.5
      vertex 40.875 3.54582 60
      vertex 40.875 1.06896 62
    endloop
  endfacet
  facet normal -1 0 0
    outer loop
      vertex 40.875 1.03448 62.5
      vertex 40.875 1.06896 62
      vertex 40.875 1.03448 62
    endloop
  endfacet
  facet normal -1 0 0
    outer loop
      vertex 40.875 1 63
      vertex 40.875 3.54582 60
      vertex 40.875 1.03448 62.5
    endloop
  endfacet
  facet normal -1 0 0
    outer loop
      vertex 40.875 1 63
      vertex 40.875 1.03448 62.5
      vertex 40.875 1 62.5
    endloop
  endfacet
  facet normal -1 0 0
    outer loop
      vertex 40.875 0.965517 63.5
      vertex 40.875 3.54582 60
      vertex 40.875 1 63
    endloop
  endfacet
  facet normal -1 0 0
    outer loop
      vertex 40.875 0.965517 63.5
      vertex 40.875 1 63
      vertex 40.875 0.965517 63
    endloop
  endfacet
  facet normal -1 0 0
    outer loop
      vertex 40.875 3.54582 60
      vertex 40.875 0.965517 63.5
      vertex 40.875 1.1931 65.5
    endloop
  endfacet
  facet normal -1 0 0
    outer loop
      vertex 40.875 0.931034 64
      vertex 40.875 0.965517 63.5
      vertex 40.875 0.931034 63.5
    endloop
  endfacet
  facet normal -1 0 0
    outer loop
      vertex 40.875 0.965517 63.5
      vertex 40.875 0.931034 64
      vertex 40.875 1.1931 65.5
    endloop
  endfacet
  facet normal -1 0 0
    outer loop
      vertex 40.875 0.896551 64.5
      vertex 40.875 0.931034 64
      vertex 40.875 0.896551 64
    endloop
  endfacet
  facet normal -1 0 0
    outer loop
      vertex 40.875 0.931034 64
      vertex 40.875 0.896551 64.5
      vertex 40.875 1.1931 65.5
    endloop
  endfacet
  facet normal -1 0 0
    outer loop
      vertex 40.875 0.862068 65
      vertex 40.875 0.896551 64.5
      vertex 40.875 0.862068 64.5
    endloop
  endfacet
  facet normal -1 0 0
    outer loop
      vertex 40.875 0.896551 64.5
      vertex 40.875 0.862068 65
      vertex 40.875 1.1931 65.5
    endloop
  endfacet
  facet normal -1 0 0
    outer loop
      vertex 40.875 0.827586 65.5
      vertex 40.875 0.862068 65
      vertex 40.875 0.827586 65
    endloop
  endfacet
  facet normal -1 0 0
    outer loop
      vertex 40.875 0.862068 65
      vertex 40.875 0.827586 65.5
      vertex 40.875 1.1931 65.5
    endloop
  endfacet
  facet normal -0.998041 0 0.0625567
    outer loop
      vertex 40.8575 -9.4 18.5816
      vertex 40.8706 9.4 18.7906
      vertex 40.8575 9.4 18.5816
    endloop
  endfacet
  facet normal -0.998041 0 0.0625567
    outer loop
      vertex 40.8706 9.4 18.7906
      vertex 40.8575 -9.4 18.5816
      vertex 40.8706 -9.4 18.7906
    endloop
  endfacet
  facet normal -0.999779 0 0.0210078
    outer loop
      vertex 40.8706 9.4 18.7906
      vertex 40.875 1.2 19
      vertex 40.875 9.4 19
    endloop
  endfacet
  facet normal -0.999779 0 0.0210078
    outer loop
      vertex 40.8706 9.4 18.7906
      vertex 40.875 -1.2 19
      vertex 40.875 1.2 19
    endloop
  endfacet
  facet normal -0.999779 0 0.0210078
    outer loop
      vertex 40.8706 -9.4 18.7906
      vertex 40.875 -1.2 19
      vertex 40.8706 9.4 18.7906
    endloop
  endfacet
  facet normal -0.999779 0 0.0210078
    outer loop
      vertex 40.875 -1.2 19
      vertex 40.8706 -9.4 18.7906
      vertex 40.875 -9.4 19
    endloop
  endfacet
  facet normal -0.994492 0 0.104812
    outer loop
      vertex 40.8489 -9.4 18.5
      vertex 40.8575 9.4 18.5816
      vertex 40.8489 9.4 18.5
    endloop
  endfacet
  facet normal -0.994492 0 0.104812
    outer loop
      vertex 40.8575 9.4 18.5816
      vertex 40.8489 -9.4 18.5
      vertex 40.8575 -9.4 18.5816
    endloop
  endfacet
  facet normal -0 0 1
    outer loop
      vertex 40.875 2.432 77
      vertex 45.375 0.834482 77
      vertex 45.375 2.432 77
    endloop
  endfacet
  facet normal 0 0 1
    outer loop
      vertex 45.375 0.834482 77
      vertex 40.875 2.432 77
      vertex 40.875 0.834482 77
    endloop
  endfacet
  facet normal -0 0 1
    outer loop
      vertex 40.875 -0.834482 77
      vertex 45.375 -2.432 77
      vertex 45.375 -0.834482 77
    endloop
  endfacet
  facet normal 0 0 1
    outer loop
      vertex 45.375 -2.432 77
      vertex 40.875 -0.834482 77
      vertex 40.875 -2.432 77
    endloop
  endfacet
  facet normal 0 0 -1
    outer loop
      vertex 40.875 -1.2 19.5
      vertex 45.375 -1.16552 19.5
      vertex 45.375 -1.2 19.5
    endloop
  endfacet
  facet normal -0 0 -1
    outer loop
      vertex 45.375 -1.16552 19.5
      vertex 40.875 -1.2 19.5
      vertex 40.875 -1.16552 19.5
    endloop
  endfacet
  facet normal 0 0 -1
    outer loop
      vertex 40.875 1.16552 19.5
      vertex 45.375 1.2 19.5
      vertex 45.375 1.16552 19.5
    endloop
  endfacet
  facet normal -0 0 -1
    outer loop
      vertex 45.375 1.2 19.5
      vertex 40.875 1.16552 19.5
      vertex 40.875 1.2 19.5
    endloop
  endfacet
  facet normal -0 0 1
    outer loop
      vertex 40.875 1.2 19
      vertex 45.375 -1.2 19
      vertex 45.375 1.2 19
    endloop
  endfacet
  facet normal 0 0 1
    outer loop
      vertex 45.375 -1.2 19
      vertex 40.875 1.2 19
      vertex 40.875 -1.2 19
    endloop
  endfacet
  facet normal 0 -1 0
    outer loop
      vertex 40.875 1.2 19
      vertex 45.375 1.2 19.5
      vertex 40.875 1.2 19.5
    endloop
  endfacet
  facet normal 0 -1 -0
    outer loop
      vertex 45.375 1.2 19.5
      vertex 40.875 1.2 19
      vertex 45.375 1.2 19
    endloop
  endfacet
  facet normal 0 1 -0
    outer loop
      vertex 45.375 -1.2 19
      vertex 40.875 -1.2 19.5
      vertex 45.375 -1.2 19.5
    endloop
  endfacet
  facet normal 0 1 0
    outer loop
      vertex 40.875 -1.2 19.5
      vertex 45.375 -1.2 19
      vertex 40.875 -1.2 19
    endloop
  endfacet
  facet normal 0 0 -1
    outer loop
      vertex 40.875 -1.16552 20
      vertex 45.375 -1.13103 20
      vertex 45.375 -1.16552 20
    endloop
  endfacet
  facet normal -0 0 -1
    outer loop
      vertex 45.375 -1.13103 20
      vertex 40.875 -1.16552 20
      vertex 40.875 -1.13103 20
    endloop
  endfacet
  facet normal 0 0 -1
    outer loop
      vertex 40.875 1.13103 20
      vertex 45.375 1.16552 20
      vertex 45.375 1.13103 20
    endloop
  endfacet
  facet normal -0 0 -1
    outer loop
      vertex 45.375 1.16552 20
      vertex 40.875 1.13103 20
      vertex 40.875 1.16552 20
    endloop
  endfacet
  facet normal 0 -1 0
    outer loop
      vertex 40.875 1.16552 19.5
      vertex 45.375 1.16552 20
      vertex 40.875 1.16552 20
    endloop
  endfacet
  facet normal 0 -1 -0
    outer loop
      vertex 45.375 1.16552 20
      vertex 40.875 1.16552 19.5
      vertex 45.375 1.16552 19.5
    endloop
  endfacet
  facet normal 0 1 -0
    outer loop
      vertex 45.375 -1.16552 19.5
      vertex 40.875 -1.16552 20
      vertex 45.375 -1.16552 20
    endloop
  endfacet
  facet normal 0 1 0
    outer loop
      vertex 40.875 -1.16552 20
      vertex 45.375 -1.16552 19.5
      vertex 40.875 -1.16552 19.5
    endloop
  endfacet
  facet normal 0 0 -1
    outer loop
      vertex 40.875 -1.13103 20.5
      vertex 45.375 -1.09655 20.5
      vertex 45.375 -1.13103 20.5
    endloop
  endfacet
  facet normal -0 0 -1
    outer loop
      vertex 45.375 -1.09655 20.5
      vertex 40.875 -1.13103 20.5
      vertex 40.875 -1.09655 20.5
    endloop
  endfacet
  facet normal 0 0 -1
    outer loop
      vertex 40.875 1.09655 20.5
      vertex 45.375 1.13103 20.5
      vertex 45.375 1.09655 20.5
    endloop
  endfacet
  facet normal -0 0 -1
    outer loop
      vertex 45.375 1.13103 20.5
      vertex 40.875 1.09655 20.5
      vertex 40.875 1.13103 20.5
    endloop
  endfacet
  facet normal 0 -1 0
    outer loop
      vertex 40.875 1.13103 20
      vertex 45.375 1.13103 20.5
      vertex 40.875 1.13103 20.5
    endloop
  endfacet
  facet normal 0 -1 -0
    outer loop
      vertex 45.375 1.13103 20.5
      vertex 40.875 1.13103 20
      vertex 45.375 1.13103 20
    endloop
  endfacet
  facet normal 0 1 -0
    outer loop
      vertex 45.375 -1.13103 20
      vertex 40.875 -1.13103 20.5
      vertex 45.375 -1.13103 20.5
    endloop
  endfacet
  facet normal 0 1 0
    outer loop
      vertex 40.875 -1.13103 20.5
      vertex 45.375 -1.13103 20
      vertex 40.875 -1.13103 20
    endloop
  endfacet
  facet normal 0 0 -1
    outer loop
      vertex 40.875 -1.09655 21
      vertex 45.375 -1.06207 21
      vertex 45.375 -1.09655 21
    endloop
  endfacet
  facet normal -0 0 -1
    outer loop
      vertex 45.375 -1.06207 21
      vertex 40.875 -1.09655 21
      vertex 40.875 -1.06207 21
    endloop
  endfacet
  facet normal 0 0 -1
    outer loop
      vertex 40.875 1.06207 21
      vertex 45.375 1.09655 21
      vertex 45.375 1.06207 21
    endloop
  endfacet
  facet normal -0 0 -1
    outer loop
      vertex 45.375 1.09655 21
      vertex 40.875 1.06207 21
      vertex 40.875 1.09655 21
    endloop
  endfacet
  facet normal 0 -1 0
    outer loop
      vertex 40.875 1.09655 20.5
      vertex 45.375 1.09655 21
      vertex 40.875 1.09655 21
    endloop
  endfacet
  facet normal 0 -1 -0
    outer loop
      vertex 45.375 1.09655 21
      vertex 40.875 1.09655 20.5
      vertex 45.375 1.09655 20.5
    endloop
  endfacet
  facet normal 0 1 -0
    outer loop
      vertex 45.375 -1.09655 20.5
      vertex 40.875 -1.09655 21
      vertex 45.375 -1.09655 21
    endloop
  endfacet
  facet normal 0 1 0
    outer loop
      vertex 40.875 -1.09655 21
      vertex 45.375 -1.09655 20.5
      vertex 40.875 -1.09655 20.5
    endloop
  endfacet
  facet normal 0 0 -1
    outer loop
      vertex 40.875 -1.06207 21.5
      vertex 45.375 -1.02759 21.5
      vertex 45.375 -1.06207 21.5
    endloop
  endfacet
  facet normal -0 0 -1
    outer loop
      vertex 45.375 -1.02759 21.5
      vertex 40.875 -1.06207 21.5
      vertex 40.875 -1.02759 21.5
    endloop
  endfacet
  facet normal 0 0 -1
    outer loop
      vertex 40.875 1.02759 21.5
      vertex 45.375 1.06207 21.5
      vertex 45.375 1.02759 21.5
    endloop
  endfacet
  facet normal -0 0 -1
    outer loop
      vertex 45.375 1.06207 21.5
      vertex 40.875 1.02759 21.5
      vertex 40.875 1.06207 21.5
    endloop
  endfacet
  facet normal 0 -1 0
    outer loop
      vertex 40.875 1.06207 21
      vertex 45.375 1.06207 21.5
      vertex 40.875 1.06207 21.5
    endloop
  endfacet
  facet normal 0 -1 -0
    outer loop
      vertex 45.375 1.06207 21.5
      vertex 40.875 1.06207 21
      vertex 45.375 1.06207 21
    endloop
  endfacet
  facet normal 0 1 -0
    outer loop
      vertex 45.375 -1.06207 21
      vertex 40.875 -1.06207 21.5
      vertex 45.375 -1.06207 21.5
    endloop
  endfacet
  facet normal 0 1 0
    outer loop
      vertex 40.875 -1.06207 21.5
      vertex 45.375 -1.06207 21
      vertex 40.875 -1.06207 21
    endloop
  endfacet
  facet normal 0 0 -1
    outer loop
      vertex 40.875 -1.02759 22
      vertex 45.375 -0.993103 22
      vertex 45.375 -1.02759 22
    endloop
  endfacet
  facet normal -0 0 -1
    outer loop
      vertex 45.375 -0.993103 22
      vertex 40.875 -1.02759 22
      vertex 40.875 -0.993103 22
    endloop
  endfacet
  facet normal 0 0 -1
    outer loop
      vertex 40.875 0.993103 22
      vertex 45.375 1.02759 22
      vertex 45.375 0.993103 22
    endloop
  endfacet
  facet normal -0 0 -1
    outer loop
      vertex 45.375 1.02759 22
      vertex 40.875 0.993103 22
      vertex 40.875 1.02759 22
    endloop
  endfacet
  facet normal 0 -1 0
    outer loop
      vertex 40.875 1.02759 21.5
      vertex 45.375 1.02759 22
      vertex 40.875 1.02759 22
    endloop
  endfacet
  facet normal 0 -1 -0
    outer loop
      vertex 45.375 1.02759 22
      vertex 40.875 1.02759 21.5
      vertex 45.375 1.02759 21.5
    endloop
  endfacet
  facet normal 0 1 -0
    outer loop
      vertex 45.375 -1.02759 21.5
      vertex 40.875 -1.02759 22
      vertex 45.375 -1.02759 22
    endloop
  endfacet
  facet normal 0 1 0
    outer loop
      vertex 40.875 -1.02759 22
      vertex 45.375 -1.02759 21.5
      vertex 40.875 -1.02759 21.5
    endloop
  endfacet
  facet normal 0 0 -1
    outer loop
      vertex 40.875 -0.993103 22.5
      vertex 45.375 -0.95862 22.5
      vertex 45.375 -0.993103 22.5
    endloop
  endfacet
  facet normal -0 0 -1
    outer loop
      vertex 45.375 -0.95862 22.5
      vertex 40.875 -0.993103 22.5
      vertex 40.875 -0.95862 22.5
    endloop
  endfacet
  facet normal 0 0 -1
    outer loop
      vertex 40.875 0.95862 22.5
      vertex 45.375 0.993103 22.5
      vertex 45.375 0.95862 22.5
    endloop
  endfacet
  facet normal -0 0 -1
    outer loop
      vertex 45.375 0.993103 22.5
      vertex 40.875 0.95862 22.5
      vertex 40.875 0.993103 22.5
    endloop
  endfacet
  facet normal 0 -1 0
    outer loop
      vertex 40.875 0.993103 22
      vertex 45.375 0.993103 22.5
      vertex 40.875 0.993103 22.5
    endloop
  endfacet
  facet normal 0 -1 -0
    outer loop
      vertex 45.375 0.993103 22.5
      vertex 40.875 0.993103 22
      vertex 45.375 0.993103 22
    endloop
  endfacet
  facet normal 0 1 -0
    outer loop
      vertex 45.375 -0.993103 22
      vertex 40.875 -0.993103 22.5
      vertex 45.375 -0.993103 22.5
    endloop
  endfacet
  facet normal 0 1 0
    outer loop
      vertex 40.875 -0.993103 22.5
      vertex 45.375 -0.993103 22
      vertex 40.875 -0.993103 22
    endloop
  endfacet
  facet normal 0 0 -1
    outer loop
      vertex 40.875 -0.95862 23
      vertex 45.375 -0.924137 23
      vertex 45.375 -0.95862 23
    endloop
  endfacet
  facet normal -0 0 -1
    outer loop
      vertex 45.375 -0.924137 23
      vertex 40.875 -0.95862 23
      vertex 40.875 -0.924137 23
    endloop
  endfacet
  facet normal 0 0 -1
    outer loop
      vertex 40.875 0.924137 23
      vertex 45.375 0.95862 23
      vertex 45.375 0.924137 23
    endloop
  endfacet
  facet normal -0 0 -1
    outer loop
      vertex 45.375 0.95862 23
      vertex 40.875 0.924137 23
      vertex 40.875 0.95862 23
    endloop
  endfacet
  facet normal 0 -1 0
    outer loop
      vertex 40.875 0.95862 22.5
      vertex 45.375 0.95862 23
      vertex 40.875 0.95862 23
    endloop
  endfacet
  facet normal 0 -1 -0
    outer loop
      vertex 45.375 0.95862 23
      vertex 40.875 0.95862 22.5
      vertex 45.375 0.95862 22.5
    endloop
  endfacet
  facet normal 0 1 -0
    outer loop
      vertex 45.375 -0.95862 22.5
      vertex 40.875 -0.95862 23
      vertex 45.375 -0.95862 23
    endloop
  endfacet
  facet normal 0 1 0
    outer loop
      vertex 40.875 -0.95862 23
      vertex 45.375 -0.95862 22.5
      vertex 40.875 -0.95862 22.5
    endloop
  endfacet
  facet normal 0 0 -1
    outer loop
      vertex 40.875 -0.924137 23.5
      vertex 45.375 -0.889655 23.5
      vertex 45.375 -0.924137 23.5
    endloop
  endfacet
  facet normal -0 0 -1
    outer loop
      vertex 45.375 -0.889655 23.5
      vertex 40.875 -0.924137 23.5
      vertex 40.875 -0.889655 23.5
    endloop
  endfacet
  facet normal 0 0 -1
    outer loop
      vertex 40.875 0.889655 23.5
      vertex 45.375 0.924137 23.5
      vertex 45.375 0.889655 23.5
    endloop
  endfacet
  facet normal -0 0 -1
    outer loop
      vertex 45.375 0.924137 23.5
      vertex 40.875 0.889655 23.5
      vertex 40.875 0.924137 23.5
    endloop
  endfacet
  facet normal 0 -1 0
    outer loop
      vertex 40.875 0.924137 23
      vertex 45.375 0.924137 23.5
      vertex 40.875 0.924137 23.5
    endloop
  endfacet
  facet normal 0 -1 -0
    outer loop
      vertex 45.375 0.924137 23.5
      vertex 40.875 0.924137 23
      vertex 45.375 0.924137 23
    endloop
  endfacet
  facet normal 0 1 -0
    outer loop
      vertex 45.375 -0.924137 23
      vertex 40.875 -0.924137 23.5
      vertex 45.375 -0.924137 23.5
    endloop
  endfacet
  facet normal 0 1 0
    outer loop
      vertex 40.875 -0.924137 23.5
      vertex 45.375 -0.924137 23
      vertex 40.875 -0.924137 23
    endloop
  endfacet
  facet normal 0 0 -1
    outer loop
      vertex 40.875 -0.889655 24
      vertex 45.375 -0.855172 24
      vertex 45.375 -0.889655 24
    endloop
  endfacet
  facet normal -0 0 -1
    outer loop
      vertex 45.375 -0.855172 24
      vertex 40.875 -0.889655 24
      vertex 40.875 -0.855172 24
    endloop
  endfacet
  facet normal 0 0 -1
    outer loop
      vertex 40.875 0.855172 24
      vertex 45.375 0.889655 24
      vertex 45.375 0.855172 24
    endloop
  endfacet
  facet normal -0 0 -1
    outer loop
      vertex 45.375 0.889655 24
      vertex 40.875 0.855172 24
      vertex 40.875 0.889655 24
    endloop
  endfacet
  facet normal 0 -1 0
    outer loop
      vertex 40.875 0.889655 23.5
      vertex 45.375 0.889655 24
      vertex 40.875 0.889655 24
    endloop
  endfacet
  facet normal 0 -1 -0
    outer loop
      vertex 45.375 0.889655 24
      vertex 40.875 0.889655 23.5
      vertex 45.375 0.889655 23.5
    endloop
  endfacet
  facet normal 0 1 -0
    outer loop
      vertex 45.375 -0.889655 23.5
      vertex 40.875 -0.889655 24
      vertex 45.375 -0.889655 24
    endloop
  endfacet
  facet normal 0 1 0
    outer loop
      vertex 40.875 -0.889655 24
      vertex 45.375 -0.889655 23.5
      vertex 40.875 -0.889655 23.5
    endloop
  endfacet
  facet normal 0 0 -1
    outer loop
      vertex 40.875 -0.855172 24.5
      vertex 45.375 -0.820689 24.5
      vertex 45.375 -0.855172 24.5
    endloop
  endfacet
  facet normal -0 0 -1
    outer loop
      vertex 45.375 -0.820689 24.5
      vertex 40.875 -0.855172 24.5
      vertex 40.875 -0.820689 24.5
    endloop
  endfacet
  facet normal 0 0 -1
    outer loop
      vertex 40.875 0.820689 24.5
      vertex 45.375 0.855172 24.5
      vertex 45.375 0.820689 24.5
    endloop
  endfacet
  facet normal -0 0 -1
    outer loop
      vertex 45.375 0.855172 24.5
      vertex 40.875 0.820689 24.5
      vertex 40.875 0.855172 24.5
    endloop
  endfacet
  facet normal 0 -1 0
    outer loop
      vertex 40.875 0.855172 24
      vertex 45.375 0.855172 24.5
      vertex 40.875 0.855172 24.5
    endloop
  endfacet
  facet normal 0 -1 -0
    outer loop
      vertex 45.375 0.855172 24.5
      vertex 40.875 0.855172 24
      vertex 45.375 0.855172 24
    endloop
  endfacet
  facet normal 0 1 -0
    outer loop
      vertex 45.375 -0.855172 24
      vertex 40.875 -0.855172 24.5
      vertex 45.375 -0.855172 24.5
    endloop
  endfacet
  facet normal 0 1 0
    outer loop
      vertex 40.875 -0.855172 24.5
      vertex 45.375 -0.855172 24
      vertex 40.875 -0.855172 24
    endloop
  endfacet
  facet normal -0 0 1
    outer loop
      vertex 40.875 -0.820689 25
      vertex 45.375 -1.18621 25
      vertex 45.375 -0.820689 25
    endloop
  endfacet
  facet normal 0 0 1
    outer loop
      vertex 45.375 -1.18621 25
      vertex 40.875 -0.820689 25
      vertex 40.875 -1.18621 25
    endloop
  endfacet
  facet normal -0 0 1
    outer loop
      vertex 40.875 1.18621 25
      vertex 45.375 0.820689 25
      vertex 45.375 1.18621 25
    endloop
  endfacet
  facet normal 0 0 1
    outer loop
      vertex 45.375 0.820689 25
      vertex 40.875 1.18621 25
      vertex 40.875 0.820689 25
    endloop
  endfacet
  facet normal 0 -1 0
    outer loop
      vertex 40.875 0.820689 24.5
      vertex 45.375 0.820689 25
      vertex 40.875 0.820689 25
    endloop
  endfacet
  facet normal 0 -1 -0
    outer loop
      vertex 45.375 0.820689 25
      vertex 40.875 0.820689 24.5
      vertex 45.375 0.820689 24.5
    endloop
  endfacet
  facet normal 0 1 -0
    outer loop
      vertex 45.375 -0.820689 24.5
      vertex 40.875 -0.820689 25
      vertex 45.375 -0.820689 25
    endloop
  endfacet
  facet normal 0 1 0
    outer loop
      vertex 40.875 -0.820689 25
      vertex 45.375 -0.820689 24.5
      vertex 40.875 -0.820689 24.5
    endloop
  endfacet
  facet normal 0 0 -1
    outer loop
      vertex 40.875 -1.18621 25.5
      vertex 45.375 -1.15172 25.5
      vertex 45.375 -1.18621 25.5
    endloop
  endfacet
  facet normal -0 0 -1
    outer loop
      vertex 45.375 -1.15172 25.5
      vertex 40.875 -1.18621 25.5
      vertex 40.875 -1.15172 25.5
    endloop
  endfacet
  facet normal 0 0 -1
    outer loop
      vertex 40.875 1.15172 25.5
      vertex 45.375 1.18621 25.5
      vertex 45.375 1.15172 25.5
    endloop
  endfacet
  facet normal -0 0 -1
    outer loop
      vertex 45.375 1.18621 25.5
      vertex 40.875 1.15172 25.5
      vertex 40.875 1.18621 25.5
    endloop
  endfacet
  facet normal 0 -1 0
    outer loop
      vertex 40.875 1.18621 25
      vertex 45.375 1.18621 25.5
      vertex 40.875 1.18621 25.5
    endloop
  endfacet
  facet normal 0 -1 -0
    outer loop
      vertex 45.375 1.18621 25.5
      vertex 40.875 1.18621 25
      vertex 45.375 1.18621 25
    endloop
  endfacet
  facet normal 0 1 -0
    outer loop
      vertex 45.375 -1.18621 25
      vertex 40.875 -1.18621 25.5
      vertex 45.375 -1.18621 25.5
    endloop
  endfacet
  facet normal 0 1 0
    outer loop
      vertex 40.875 -1.18621 25.5
      vertex 45.375 -1.18621 25
      vertex 40.875 -1.18621 25
    endloop
  endfacet
  facet normal 0 0 -1
    outer loop
      vertex 40.875 -1.15172 26
      vertex 45.375 -1.11724 26
      vertex 45.375 -1.15172 26
    endloop
  endfacet
  facet normal -0 0 -1
    outer loop
      vertex 45.375 -1.11724 26
      vertex 40.875 -1.15172 26
      vertex 40.875 -1.11724 26
    endloop
  endfacet
  facet normal 0 0 -1
    outer loop
      vertex 40.875 1.11724 26
      vertex 45.375 1.15172 26
      vertex 45.375 1.11724 26
    endloop
  endfacet
  facet normal -0 0 -1
    outer loop
      vertex 45.375 1.15172 26
      vertex 40.875 1.11724 26
      vertex 40.875 1.15172 26
    endloop
  endfacet
  facet normal 0 -1 0
    outer loop
      vertex 40.875 1.15172 25.5
      vertex 45.375 1.15172 26
      vertex 40.875 1.15172 26
    endloop
  endfacet
  facet normal 0 -1 -0
    outer loop
      vertex 45.375 1.15172 26
      vertex 40.875 1.15172 25.5
      vertex 45.375 1.15172 25.5
    endloop
  endfacet
  facet normal 0 1 -0
    outer loop
      vertex 45.375 -1.15172 25.5
      vertex 40.875 -1.15172 26
      vertex 45.375 -1.15172 26
    endloop
  endfacet
  facet normal 0 1 0
    outer loop
      vertex 40.875 -1.15172 26
      vertex 45.375 -1.15172 25.5
      vertex 40.875 -1.15172 25.5
    endloop
  endfacet
  facet normal 0 0 -1
    outer loop
      vertex 40.875 -1.11724 26.5
      vertex 45.375 -1.08276 26.5
      vertex 45.375 -1.11724 26.5
    endloop
  endfacet
  facet normal -0 0 -1
    outer loop
      vertex 45.375 -1.08276 26.5
      vertex 40.875 -1.11724 26.5
      vertex 40.875 -1.08276 26.5
    endloop
  endfacet
  facet normal 0 0 -1
    outer loop
      vertex 40.875 1.08276 26.5
      vertex 45.375 1.11724 26.5
      vertex 45.375 1.08276 26.5
    endloop
  endfacet
  facet normal -0 0 -1
    outer loop
      vertex 45.375 1.11724 26.5
      vertex 40.875 1.08276 26.5
      vertex 40.875 1.11724 26.5
    endloop
  endfacet
  facet normal 0 -1 0
    outer loop
      vertex 40.875 1.11724 26
      vertex 45.375 1.11724 26.5
      vertex 40.875 1.11724 26.5
    endloop
  endfacet
  facet normal 0 -1 -0
    outer loop
      vertex 45.375 1.11724 26.5
      vertex 40.875 1.11724 26
      vertex 45.375 1.11724 26
    endloop
  endfacet
  facet normal 0 1 -0
    outer loop
      vertex 45.375 -1.11724 26
      vertex 40.875 -1.11724 26.5
      vertex 45.375 -1.11724 26.5
    endloop
  endfacet
  facet normal 0 1 0
    outer loop
      vertex 40.875 -1.11724 26.5
      vertex 45.375 -1.11724 26
      vertex 40.875 -1.11724 26
    endloop
  endfacet
  facet normal 0 0 -1
    outer loop
      vertex 40.875 -1.08276 27
      vertex 45.375 -1.04827 27
      vertex 45.375 -1.08276 27
    endloop
  endfacet
  facet normal -0 0 -1
    outer loop
      vertex 45.375 -1.04827 27
      vertex 40.875 -1.08276 27
      vertex 40.875 -1.04827 27
    endloop
  endfacet
  facet normal 0 0 -1
    outer loop
      vertex 40.875 1.04827 27
      vertex 45.375 1.08276 27
      vertex 45.375 1.04827 27
    endloop
  endfacet
  facet normal -0 0 -1
    outer loop
      vertex 45.375 1.08276 27
      vertex 40.875 1.04827 27
      vertex 40.875 1.08276 27
    endloop
  endfacet
  facet normal 0 -1 0
    outer loop
      vertex 40.875 1.08276 26.5
      vertex 45.375 1.08276 27
      vertex 40.875 1.08276 27
    endloop
  endfacet
  facet normal 0 -1 -0
    outer loop
      vertex 45.375 1.08276 27
      vertex 40.875 1.08276 26.5
      vertex 45.375 1.08276 26.5
    endloop
  endfacet
  facet normal 0 1 -0
    outer loop
      vertex 45.375 -1.08276 26.5
      vertex 40.875 -1.08276 27
      vertex 45.375 -1.08276 27
    endloop
  endfacet
  facet normal 0 1 0
    outer loop
      vertex 40.875 -1.08276 27
      vertex 45.375 -1.08276 26.5
      vertex 40.875 -1.08276 26.5
    endloop
  endfacet
  facet normal 0 0 -1
    outer loop
      vertex 40.875 -1.04827 27.5
      vertex 45.375 -1.01379 27.5
      vertex 45.375 -1.04827 27.5
    endloop
  endfacet
  facet normal -0 0 -1
    outer loop
      vertex 45.375 -1.01379 27.5
      vertex 40.875 -1.04827 27.5
      vertex 40.875 -1.01379 27.5
    endloop
  endfacet
  facet normal 0 0 -1
    outer loop
      vertex 40.875 1.01379 27.5
      vertex 45.375 1.04827 27.5
      vertex 45.375 1.01379 27.5
    endloop
  endfacet
  facet normal -0 0 -1
    outer loop
      vertex 45.375 1.04827 27.5
      vertex 40.875 1.01379 27.5
      vertex 40.875 1.04827 27.5
    endloop
  endfacet
  facet normal 0 -1 0
    outer loop
      vertex 40.875 1.04827 27
      vertex 45.375 1.04827 27.5
      vertex 40.875 1.04827 27.5
    endloop
  endfacet
  facet normal 0 -1 -0
    outer loop
      vertex 45.375 1.04827 27.5
      vertex 40.875 1.04827 27
      vertex 45.375 1.04827 27
    endloop
  endfacet
  facet normal 0 1 -0
    outer loop
      vertex 45.375 -1.04827 27
      vertex 40.875 -1.04827 27.5
      vertex 45.375 -1.04827 27.5
    endloop
  endfacet
  facet normal 0 1 0
    outer loop
      vertex 40.875 -1.04827 27.5
      vertex 45.375 -1.04827 27
      vertex 40.875 -1.04827 27
    endloop
  endfacet
  facet normal 0 0 -1
    outer loop
      vertex 40.875 -1.01379 28
      vertex 45.375 -0.97931 28
      vertex 45.375 -1.01379 28
    endloop
  endfacet
  facet normal -0 0 -1
    outer loop
      vertex 45.375 -0.97931 28
      vertex 40.875 -1.01379 28
      vertex 40.875 -0.97931 28
    endloop
  endfacet
  facet normal 0 0 -1
    outer loop
      vertex 40.875 0.97931 28
      vertex 45.375 1.01379 28
      vertex 45.375 0.97931 28
    endloop
  endfacet
  facet normal -0 0 -1
    outer loop
      vertex 45.375 1.01379 28
      vertex 40.875 0.97931 28
      vertex 40.875 1.01379 28
    endloop
  endfacet
  facet normal 0 -1 0
    outer loop
      vertex 40.875 1.01379 27.5
      vertex 45.375 1.01379 28
      vertex 40.875 1.01379 28
    endloop
  endfacet
  facet normal 0 -1 -0
    outer loop
      vertex 45.375 1.01379 28
      vertex 40.875 1.01379 27.5
      vertex 45.375 1.01379 27.5
    endloop
  endfacet
  facet normal 0 1 -0
    outer loop
      vertex 45.375 -1.01379 27.5
      vertex 40.875 -1.01379 28
      vertex 45.375 -1.01379 28
    endloop
  endfacet
  facet normal 0 1 0
    outer loop
      vertex 40.875 -1.01379 28
      vertex 45.375 -1.01379 27.5
      vertex 40.875 -1.01379 27.5
    endloop
  endfacet
  facet normal 0 0 -1
    outer loop
      vertex 40.875 -0.97931 28.5
      vertex 45.375 -0.944827 28.5
      vertex 45.375 -0.97931 28.5
    endloop
  endfacet
  facet normal -0 0 -1
    outer loop
      vertex 45.375 -0.944827 28.5
      vertex 40.875 -0.97931 28.5
      vertex 40.875 -0.944827 28.5
    endloop
  endfacet
  facet normal 0 0 -1
    outer loop
      vertex 40.875 0.944827 28.5
      vertex 45.375 0.97931 28.5
      vertex 45.375 0.944827 28.5
    endloop
  endfacet
  facet normal -0 0 -1
    outer loop
      vertex 45.375 0.97931 28.5
      vertex 40.875 0.944827 28.5
      vertex 40.875 0.97931 28.5
    endloop
  endfacet
  facet normal 0 -1 0
    outer loop
      vertex 40.875 0.97931 28
      vertex 45.375 0.97931 28.5
      vertex 40.875 0.97931 28.5
    endloop
  endfacet
  facet normal 0 -1 -0
    outer loop
      vertex 45.375 0.97931 28.5
      vertex 40.875 0.97931 28
      vertex 45.375 0.97931 28
    endloop
  endfacet
  facet normal 0 1 -0
    outer loop
      vertex 45.375 -0.97931 28
      vertex 40.875 -0.97931 28.5
      vertex 45.375 -0.97931 28.5
    endloop
  endfacet
  facet normal 0 1 0
    outer loop
      vertex 40.875 -0.97931 28.5
      vertex 45.375 -0.97931 28
      vertex 40.875 -0.97931 28
    endloop
  endfacet
  facet normal 0 0 -1
    outer loop
      vertex 40.875 -0.944827 29
      vertex 45.375 -0.910344 29
      vertex 45.375 -0.944827 29
    endloop
  endfacet
  facet normal -0 0 -1
    outer loop
      vertex 45.375 -0.910344 29
      vertex 40.875 -0.944827 29
      vertex 40.875 -0.910344 29
    endloop
  endfacet
  facet normal 0 0 -1
    outer loop
      vertex 40.875 0.910344 29
      vertex 45.375 0.944827 29
      vertex 45.375 0.910344 29
    endloop
  endfacet
  facet normal -0 0 -1
    outer loop
      vertex 45.375 0.944827 29
      vertex 40.875 0.910344 29
      vertex 40.875 0.944827 29
    endloop
  endfacet
  facet normal 0 -1 0
    outer loop
      vertex 40.875 0.944827 28.5
      vertex 45.375 0.944827 29
      vertex 40.875 0.944827 29
    endloop
  endfacet
  facet normal 0 -1 -0
    outer loop
      vertex 45.375 0.944827 29
      vertex 40.875 0.944827 28.5
      vertex 45.375 0.944827 28.5
    endloop
  endfacet
  facet normal 0 1 -0
    outer loop
      vertex 45.375 -0.944827 28.5
      vertex 40.875 -0.944827 29
      vertex 45.375 -0.944827 29
    endloop
  endfacet
  facet normal 0 1 0
    outer loop
      vertex 40.875 -0.944827 29
      vertex 45.375 -0.944827 28.5
      vertex 40.875 -0.944827 28.5
    endloop
  endfacet
  facet normal 0 0 -1
    outer loop
      vertex 40.875 -0.910344 29.5
      vertex 45.375 -0.875861 29.5
      vertex 45.375 -0.910344 29.5
    endloop
  endfacet
  facet normal -0 0 -1
    outer loop
      vertex 45.375 -0.875861 29.5
      vertex 40.875 -0.910344 29.5
      vertex 40.875 -0.875861 29.5
    endloop
  endfacet
  facet normal 0 0 -1
    outer loop
      vertex 40.875 0.875861 29.5
      vertex 45.375 0.910344 29.5
      vertex 45.375 0.875861 29.5
    endloop
  endfacet
  facet normal -0 0 -1
    outer loop
      vertex 45.375 0.910344 29.5
      vertex 40.875 0.875861 29.5
      vertex 40.875 0.910344 29.5
    endloop
  endfacet
  facet normal 0 -1 0
    outer loop
      vertex 40.875 0.910344 29
      vertex 45.375 0.910344 29.5
      vertex 40.875 0.910344 29.5
    endloop
  endfacet
  facet normal 0 -1 -0
    outer loop
      vertex 45.375 0.910344 29.5
      vertex 40.875 0.910344 29
      vertex 45.375 0.910344 29
    endloop
  endfacet
  facet normal 0 1 -0
    outer loop
      vertex 45.375 -0.910344 29
      vertex 40.875 -0.910344 29.5
      vertex 45.375 -0.910344 29.5
    endloop
  endfacet
  facet normal 0 1 0
    outer loop
      vertex 40.875 -0.910344 29.5
      vertex 45.375 -0.910344 29
      vertex 40.875 -0.910344 29
    endloop
  endfacet
  facet normal 0 0 -1
    outer loop
      vertex 40.875 -0.875861 30
      vertex 45.375 -0.841379 30
      vertex 45.375 -0.875861 30
    endloop
  endfacet
  facet normal -0 0 -1
    outer loop
      vertex 45.375 -0.841379 30
      vertex 40.875 -0.875861 30
      vertex 40.875 -0.841379 30
    endloop
  endfacet
  facet normal 0 0 -1
    outer loop
      vertex 40.875 0.841379 30
      vertex 45.375 0.875861 30
      vertex 45.375 0.841379 30
    endloop
  endfacet
  facet normal -0 0 -1
    outer loop
      vertex 45.375 0.875861 30
      vertex 40.875 0.841379 30
      vertex 40.875 0.875861 30
    endloop
  endfacet
  facet normal 0 -1 0
    outer loop
      vertex 40.875 0.875861 29.5
      vertex 45.375 0.875861 30
      vertex 40.875 0.875861 30
    endloop
  endfacet
  facet normal 0 -1 -0
    outer loop
      vertex 45.375 0.875861 30
      vertex 40.875 0.875861 29.5
      vertex 45.375 0.875861 29.5
    endloop
  endfacet
  facet normal 0 1 -0
    outer loop
      vertex 45.375 -0.875861 29.5
      vertex 40.875 -0.875861 30
      vertex 45.375 -0.875861 30
    endloop
  endfacet
  facet normal 0 1 0
    outer loop
      vertex 40.875 -0.875861 30
      vertex 45.375 -0.875861 29.5
      vertex 40.875 -0.875861 29.5
    endloop
  endfacet
  facet normal 0 0 -1
    outer loop
      vertex 40.875 0.806896 30.5
      vertex 45.375 0.841379 30.5
      vertex 45.375 0.806896 30.5
    endloop
  endfacet
  facet normal -0 0 -1
    outer loop
      vertex 45.375 0.841379 30.5
      vertex 40.875 0.806896 30.5
      vertex 40.875 0.841379 30.5
    endloop
  endfacet
  facet normal 0 0 -1
    outer loop
      vertex 40.875 -0.841379 30.5
      vertex 45.375 -0.806896 30.5
      vertex 45.375 -0.841379 30.5
    endloop
  endfacet
  facet normal -0 0 -1
    outer loop
      vertex 45.375 -0.806896 30.5
      vertex 40.875 -0.841379 30.5
      vertex 40.875 -0.806896 30.5
    endloop
  endfacet
  facet normal 0 -1 0
    outer loop
      vertex 40.875 0.841379 30
      vertex 45.375 0.841379 30.5
      vertex 40.875 0.841379 30.5
    endloop
  endfacet
  facet normal 0 -1 -0
    outer loop
      vertex 45.375 0.841379 30.5
      vertex 40.875 0.841379 30
      vertex 45.375 0.841379 30
    endloop
  endfacet
  facet normal 0 1 -0
    outer loop
      vertex 45.375 -0.841379 30
      vertex 40.875 -0.841379 30.5
      vertex 45.375 -0.841379 30.5
    endloop
  endfacet
  facet normal 0 1 0
    outer loop
      vertex 40.875 -0.841379 30.5
      vertex 45.375 -0.841379 30
      vertex 40.875 -0.841379 30
    endloop
  endfacet
  facet normal -0 0 1
    outer loop
      vertex 40.875 -0.806896 31
      vertex 45.375 -1.17241 31
      vertex 45.375 -0.806896 31
    endloop
  endfacet
  facet normal 0 0 1
    outer loop
      vertex 45.375 -1.17241 31
      vertex 40.875 -0.806896 31
      vertex 40.875 -1.17241 31
    endloop
  endfacet
  facet normal -0 0 1
    outer loop
      vertex 40.875 1.17241 31
      vertex 45.375 0.806896 31
      vertex 45.375 1.17241 31
    endloop
  endfacet
  facet normal 0 0 1
    outer loop
      vertex 45.375 0.806896 31
      vertex 40.875 1.17241 31
      vertex 40.875 0.806896 31
    endloop
  endfacet
  facet normal 0 -1 0
    outer loop
      vertex 40.875 0.806896 30.5
      vertex 45.375 0.806896 31
      vertex 40.875 0.806896 31
    endloop
  endfacet
  facet normal 0 -1 -0
    outer loop
      vertex 45.375 0.806896 31
      vertex 40.875 0.806896 30.5
      vertex 45.375 0.806896 30.5
    endloop
  endfacet
  facet normal 0 1 -0
    outer loop
      vertex 45.375 -0.806896 30.5
      vertex 40.875 -0.806896 31
      vertex 45.375 -0.806896 31
    endloop
  endfacet
  facet normal 0 1 0
    outer loop
      vertex 40.875 -0.806896 31
      vertex 45.375 -0.806896 30.5
      vertex 40.875 -0.806896 30.5
    endloop
  endfacet
  facet normal 0 0 -1
    outer loop
      vertex 40.875 -1.17241 31.5
      vertex 45.375 -1.13793 31.5
      vertex 45.375 -1.17241 31.5
    endloop
  endfacet
  facet normal -0 0 -1
    outer loop
      vertex 45.375 -1.13793 31.5
      vertex 40.875 -1.17241 31.5
      vertex 40.875 -1.13793 31.5
    endloop
  endfacet
  facet normal 0 0 -1
    outer loop
      vertex 40.875 1.13793 31.5
      vertex 45.375 1.17241 31.5
      vertex 45.375 1.13793 31.5
    endloop
  endfacet
  facet normal -0 0 -1
    outer loop
      vertex 45.375 1.17241 31.5
      vertex 40.875 1.13793 31.5
      vertex 40.875 1.17241 31.5
    endloop
  endfacet
  facet normal 0 -1 0
    outer loop
      vertex 40.875 1.17241 31
      vertex 45.375 1.17241 31.5
      vertex 40.875 1.17241 31.5
    endloop
  endfacet
  facet normal 0 -1 -0
    outer loop
      vertex 45.375 1.17241 31.5
      vertex 40.875 1.17241 31
      vertex 45.375 1.17241 31
    endloop
  endfacet
  facet normal 0 1 -0
    outer loop
      vertex 45.375 -1.17241 31
      vertex 40.875 -1.17241 31.5
      vertex 45.375 -1.17241 31.5
    endloop
  endfacet
  facet normal 0 1 0
    outer loop
      vertex 40.875 -1.17241 31.5
      vertex 45.375 -1.17241 31
      vertex 40.875 -1.17241 31
    endloop
  endfacet
  facet normal 0 0 -1
    outer loop
      vertex 40.875 -1.13793 32
      vertex 45.375 -1.10345 32
      vertex 45.375 -1.13793 32
    endloop
  endfacet
  facet normal -0 0 -1
    outer loop
      vertex 45.375 -1.10345 32
      vertex 40.875 -1.13793 32
      vertex 40.875 -1.10345 32
    endloop
  endfacet
  facet normal 0 0 -1
    outer loop
      vertex 40.875 1.10345 32
      vertex 45.375 1.13793 32
      vertex 45.375 1.10345 32
    endloop
  endfacet
  facet normal -0 0 -1
    outer loop
      vertex 45.375 1.13793 32
      vertex 40.875 1.10345 32
      vertex 40.875 1.13793 32
    endloop
  endfacet
  facet normal 0 -1 0
    outer loop
      vertex 40.875 1.13793 31.5
      vertex 45.375 1.13793 32
      vertex 40.875 1.13793 32
    endloop
  endfacet
  facet normal 0 -1 -0
    outer loop
      vertex 45.375 1.13793 32
      vertex 40.875 1.13793 31.5
      vertex 45.375 1.13793 31.5
    endloop
  endfacet
  facet normal 0 1 -0
    outer loop
      vertex 45.375 -1.13793 31.5
      vertex 40.875 -1.13793 32
      vertex 45.375 -1.13793 32
    endloop
  endfacet
  facet normal 0 1 0
    outer loop
      vertex 40.875 -1.13793 32
      vertex 45.375 -1.13793 31.5
      vertex 40.875 -1.13793 31.5
    endloop
  endfacet
  facet normal 0 0 -1
    outer loop
      vertex 40.875 -1.10345 32.5
      vertex 45.375 -1.06896 32.5
      vertex 45.375 -1.10345 32.5
    endloop
  endfacet
  facet normal -0 0 -1
    outer loop
      vertex 45.375 -1.06896 32.5
      vertex 40.875 -1.10345 32.5
      vertex 40.875 -1.06896 32.5
    endloop
  endfacet
  facet normal 0 0 -1
    outer loop
      vertex 40.875 1.06896 32.5
      vertex 45.375 1.10345 32.5
      vertex 45.375 1.06896 32.5
    endloop
  endfacet
  facet normal -0 0 -1
    outer loop
      vertex 45.375 1.10345 32.5
      vertex 40.875 1.06896 32.5
      vertex 40.875 1.10345 32.5
    endloop
  endfacet
  facet normal 0 -1 0
    outer loop
      vertex 40.875 1.10345 32
      vertex 45.375 1.10345 32.5
      vertex 40.875 1.10345 32.5
    endloop
  endfacet
  facet normal 0 -1 -0
    outer loop
      vertex 45.375 1.10345 32.5
      vertex 40.875 1.10345 32
      vertex 45.375 1.10345 32
    endloop
  endfacet
  facet normal 0 1 -0
    outer loop
      vertex 45.375 -1.10345 32
      vertex 40.875 -1.10345 32.5
      vertex 45.375 -1.10345 32.5
    endloop
  endfacet
  facet normal 0 1 0
    outer loop
      vertex 40.875 -1.10345 32.5
      vertex 45.375 -1.10345 32
      vertex 40.875 -1.10345 32
    endloop
  endfacet
  facet normal 0 0 -1
    outer loop
      vertex 40.875 -1.06896 33
      vertex 45.375 -1.03448 33
      vertex 45.375 -1.06896 33
    endloop
  endfacet
  facet normal -0 0 -1
    outer loop
      vertex 45.375 -1.03448 33
      vertex 40.875 -1.06896 33
      vertex 40.875 -1.03448 33
    endloop
  endfacet
  facet normal 0 0 -1
    outer loop
      vertex 40.875 1.03448 33
      vertex 45.375 1.06896 33
      vertex 45.375 1.03448 33
    endloop
  endfacet
  facet normal -0 0 -1
    outer loop
      vertex 45.375 1.06896 33
      vertex 40.875 1.03448 33
      vertex 40.875 1.06896 33
    endloop
  endfacet
  facet normal 0 -1 0
    outer loop
      vertex 40.875 1.06896 32.5
      vertex 45.375 1.06896 33
      vertex 40.875 1.06896 33
    endloop
  endfacet
  facet normal 0 -1 -0
    outer loop
      vertex 45.375 1.06896 33
      vertex 40.875 1.06896 32.5
      vertex 45.375 1.06896 32.5
    endloop
  endfacet
  facet normal 0 1 -0
    outer loop
      vertex 45.375 -1.06896 32.5
      vertex 40.875 -1.06896 33
      vertex 45.375 -1.06896 33
    endloop
  endfacet
  facet normal 0 1 0
    outer loop
      vertex 40.875 -1.06896 33
      vertex 45.375 -1.06896 32.5
      vertex 40.875 -1.06896 32.5
    endloop
  endfacet
  facet normal 0 0 -1
    outer loop
      vertex 40.875 -1.03448 33.5
      vertex 45.375 -1 33.5
      vertex 45.375 -1.03448 33.5
    endloop
  endfacet
  facet normal -0 0 -1
    outer loop
      vertex 45.375 -1 33.5
      vertex 40.875 -1.03448 33.5
      vertex 40.875 -1 33.5
    endloop
  endfacet
  facet normal 0 0 -1
    outer loop
      vertex 40.875 1 33.5
      vertex 45.375 1.03448 33.5
      vertex 45.375 1 33.5
    endloop
  endfacet
  facet normal -0 0 -1
    outer loop
      vertex 45.375 1.03448 33.5
      vertex 40.875 1 33.5
      vertex 40.875 1.03448 33.5
    endloop
  endfacet
  facet normal 0 -1 0
    outer loop
      vertex 40.875 1.03448 33
      vertex 45.375 1.03448 33.5
      vertex 40.875 1.03448 33.5
    endloop
  endfacet
  facet normal 0 -1 -0
    outer loop
      vertex 45.375 1.03448 33.5
      vertex 40.875 1.03448 33
      vertex 45.375 1.03448 33
    endloop
  endfacet
  facet normal 0 1 -0
    outer loop
      vertex 45.375 -1.03448 33
      vertex 40.875 -1.03448 33.5
      vertex 45.375 -1.03448 33.5
    endloop
  endfacet
  facet normal 0 1 0
    outer loop
      vertex 40.875 -1.03448 33.5
      vertex 45.375 -1.03448 33
      vertex 40.875 -1.03448 33
    endloop
  endfacet
  facet normal 0 0 -1
    outer loop
      vertex 40.875 -1 34
      vertex 45.375 -0.965517 34
      vertex 45.375 -1 34
    endloop
  endfacet
  facet normal -0 0 -1
    outer loop
      vertex 45.375 -0.965517 34
      vertex 40.875 -1 34
      vertex 40.875 -0.965517 34
    endloop
  endfacet
  facet normal 0 0 -1
    outer loop
      vertex 40.875 0.965517 34
      vertex 45.375 1 34
      vertex 45.375 0.965517 34
    endloop
  endfacet
  facet normal -0 0 -1
    outer loop
      vertex 45.375 1 34
      vertex 40.875 0.965517 34
      vertex 40.875 1 34
    endloop
  endfacet
  facet normal 0 -1 0
    outer loop
      vertex 40.875 1 33.5
      vertex 45.375 1 34
      vertex 40.875 1 34
    endloop
  endfacet
  facet normal 0 -1 -0
    outer loop
      vertex 45.375 1 34
      vertex 40.875 1 33.5
      vertex 45.375 1 33.5
    endloop
  endfacet
  facet normal 0 1 -0
    outer loop
      vertex 45.375 -1 33.5
      vertex 40.875 -1 34
      vertex 45.375 -1 34
    endloop
  endfacet
  facet normal 0 1 0
    outer loop
      vertex 40.875 -1 34
      vertex 45.375 -1 33.5
      vertex 40.875 -1 33.5
    endloop
  endfacet
  facet normal 0 0 -1
    outer loop
      vertex 40.875 -0.965517 34.5
      vertex 45.375 -0.931034 34.5
      vertex 45.375 -0.965517 34.5
    endloop
  endfacet
  facet normal -0 0 -1
    outer loop
      vertex 45.375 -0.931034 34.5
      vertex 40.875 -0.965517 34.5
      vertex 40.875 -0.931034 34.5
    endloop
  endfacet
  facet normal 0 0 -1
    outer loop
      vertex 40.875 0.931034 34.5
      vertex 45.375 0.965517 34.5
      vertex 45.375 0.931034 34.5
    endloop
  endfacet
  facet normal -0 0 -1
    outer loop
      vertex 45.375 0.965517 34.5
      vertex 40.875 0.931034 34.5
      vertex 40.875 0.965517 34.5
    endloop
  endfacet
  facet normal 0 -1 0
    outer loop
      vertex 40.875 0.965517 34
      vertex 45.375 0.965517 34.5
      vertex 40.875 0.965517 34.5
    endloop
  endfacet
  facet normal 0 -1 -0
    outer loop
      vertex 45.375 0.965517 34.5
      vertex 40.875 0.965517 34
      vertex 45.375 0.965517 34
    endloop
  endfacet
  facet normal 0 1 -0
    outer loop
      vertex 45.375 -0.965517 34
      vertex 40.875 -0.965517 34.5
      vertex 45.375 -0.965517 34.5
    endloop
  endfacet
  facet normal 0 1 0
    outer loop
      vertex 40.875 -0.965517 34.5
      vertex 45.375 -0.965517 34
      vertex 40.875 -0.965517 34
    endloop
  endfacet
  facet normal 0 0 -1
    outer loop
      vertex 40.875 -0.931034 35
      vertex 45.375 -0.896551 35
      vertex 45.375 -0.931034 35
    endloop
  endfacet
  facet normal -0 0 -1
    outer loop
      vertex 45.375 -0.896551 35
      vertex 40.875 -0.931034 35
      vertex 40.875 -0.896551 35
    endloop
  endfacet
  facet normal 0 0 -1
    outer loop
      vertex 40.875 0.896551 35
      vertex 45.375 0.931034 35
      vertex 45.375 0.896551 35
    endloop
  endfacet
  facet normal -0 0 -1
    outer loop
      vertex 45.375 0.931034 35
      vertex 40.875 0.896551 35
      vertex 40.875 0.931034 35
    endloop
  endfacet
  facet normal 0 -1 0
    outer loop
      vertex 40.875 0.931034 34.5
      vertex 45.375 0.931034 35
      vertex 40.875 0.931034 35
    endloop
  endfacet
  facet normal 0 -1 -0
    outer loop
      vertex 45.375 0.931034 35
      vertex 40.875 0.931034 34.5
      vertex 45.375 0.931034 34.5
    endloop
  endfacet
  facet normal 0 1 -0
    outer loop
      vertex 45.375 -0.931034 34.5
      vertex 40.875 -0.931034 35
      vertex 45.375 -0.931034 35
    endloop
  endfacet
  facet normal 0 1 0
    outer loop
      vertex 40.875 -0.931034 35
      vertex 45.375 -0.931034 34.5
      vertex 40.875 -0.931034 34.5
    endloop
  endfacet
  facet normal 0 0 -1
    outer loop
      vertex 40.875 -0.896551 35.5
      vertex 45.375 -0.862068 35.5
      vertex 45.375 -0.896551 35.5
    endloop
  endfacet
  facet normal -0 0 -1
    outer loop
      vertex 45.375 -0.862068 35.5
      vertex 40.875 -0.896551 35.5
      vertex 40.875 -0.862068 35.5
    endloop
  endfacet
  facet normal 0 0 -1
    outer loop
      vertex 40.875 0.862068 35.5
      vertex 45.375 0.896551 35.5
      vertex 45.375 0.862068 35.5
    endloop
  endfacet
  facet normal -0 0 -1
    outer loop
      vertex 45.375 0.896551 35.5
      vertex 40.875 0.862068 35.5
      vertex 40.875 0.896551 35.5
    endloop
  endfacet
  facet normal 0 -1 0
    outer loop
      vertex 40.875 0.896551 35
      vertex 45.375 0.896551 35.5
      vertex 40.875 0.896551 35.5
    endloop
  endfacet
  facet normal 0 -1 -0
    outer loop
      vertex 45.375 0.896551 35.5
      vertex 40.875 0.896551 35
      vertex 45.375 0.896551 35
    endloop
  endfacet
  facet normal 0 1 -0
    outer loop
      vertex 45.375 -0.896551 35
      vertex 40.875 -0.896551 35.5
      vertex 45.375 -0.896551 35.5
    endloop
  endfacet
  facet normal 0 1 0
    outer loop
      vertex 40.875 -0.896551 35.5
      vertex 45.375 -0.896551 35
      vertex 40.875 -0.896551 35
    endloop
  endfacet
  facet normal 0 0 -1
    outer loop
      vertex 40.875 -0.862068 36
      vertex 45.375 -0.827586 36
      vertex 45.375 -0.862068 36
    endloop
  endfacet
  facet normal -0 0 -1
    outer loop
      vertex 45.375 -0.827586 36
      vertex 40.875 -0.862068 36
      vertex 40.875 -0.827586 36
    endloop
  endfacet
  facet normal 0 0 -1
    outer loop
      vertex 40.875 0.827586 36
      vertex 45.375 0.862068 36
      vertex 45.375 0.827586 36
    endloop
  endfacet
  facet normal -0 0 -1
    outer loop
      vertex 45.375 0.862068 36
      vertex 40.875 0.827586 36
      vertex 40.875 0.862068 36
    endloop
  endfacet
  facet normal 0 -1 0
    outer loop
      vertex 40.875 0.862068 35.5
      vertex 45.375 0.862068 36
      vertex 40.875 0.862068 36
    endloop
  endfacet
  facet normal 0 -1 -0
    outer loop
      vertex 45.375 0.862068 36
      vertex 40.875 0.862068 35.5
      vertex 45.375 0.862068 35.5
    endloop
  endfacet
  facet normal 0 1 -0
    outer loop
      vertex 45.375 -0.862068 35.5
      vertex 40.875 -0.862068 36
      vertex 45.375 -0.862068 36
    endloop
  endfacet
  facet normal 0 1 0
    outer loop
      vertex 40.875 -0.862068 36
      vertex 45.375 -0.862068 35.5
      vertex 40.875 -0.862068 35.5
    endloop
  endfacet
  facet normal -0 0 1
    outer loop
      vertex 40.875 -0.827586 36.5
      vertex 45.375 -1.1931 36.5
      vertex 45.375 -0.827586 36.5
    endloop
  endfacet
  facet normal 0 0 1
    outer loop
      vertex 45.375 -1.1931 36.5
      vertex 40.875 -0.827586 36.5
      vertex 40.875 -1.1931 36.5
    endloop
  endfacet
  facet normal -0 0 1
    outer loop
      vertex 40.875 1.1931 36.5
      vertex 45.375 0.827586 36.5
      vertex 45.375 1.1931 36.5
    endloop
  endfacet
  facet normal 0 0 1
    outer loop
      vertex 45.375 0.827586 36.5
      vertex 40.875 1.1931 36.5
      vertex 40.875 0.827586 36.5
    endloop
  endfacet
  facet normal 0 -1 0
    outer loop
      vertex 40.875 0.827586 36
      vertex 45.375 0.827586 36.5
      vertex 40.875 0.827586 36.5
    endloop
  endfacet
  facet normal 0 -1 -0
    outer loop
      vertex 45.375 0.827586 36.5
      vertex 40.875 0.827586 36
      vertex 45.375 0.827586 36
    endloop
  endfacet
  facet normal 0 1 -0
    outer loop
      vertex 45.375 -0.827586 36
      vertex 40.875 -0.827586 36.5
      vertex 45.375 -0.827586 36.5
    endloop
  endfacet
  facet normal 0 1 0
    outer loop
      vertex 40.875 -0.827586 36.5
      vertex 45.375 -0.827586 36
      vertex 40.875 -0.827586 36
    endloop
  endfacet
  facet normal 0 0 -1
    outer loop
      vertex 40.875 -1.1931 37
      vertex 45.375 -1.15862 37
      vertex 45.375 -1.1931 37
    endloop
  endfacet
  facet normal -0 0 -1
    outer loop
      vertex 45.375 -1.15862 37
      vertex 40.875 -1.1931 37
      vertex 40.875 -1.15862 37
    endloop
  endfacet
  facet normal 0 0 -1
    outer loop
      vertex 40.875 1.15862 37
      vertex 45.375 1.1931 37
      vertex 45.375 1.15862 37
    endloop
  endfacet
  facet normal -0 0 -1
    outer loop
      vertex 45.375 1.1931 37
      vertex 40.875 1.15862 37
      vertex 40.875 1.1931 37
    endloop
  endfacet
  facet normal 0 -1 0
    outer loop
      vertex 40.875 1.1931 36.5
      vertex 45.375 1.1931 37
      vertex 40.875 1.1931 37
    endloop
  endfacet
  facet normal 0 -1 -0
    outer loop
      vertex 45.375 1.1931 37
      vertex 40.875 1.1931 36.5
      vertex 45.375 1.1931 36.5
    endloop
  endfacet
  facet normal 0 1 -0
    outer loop
      vertex 45.375 -1.1931 36.5
      vertex 40.875 -1.1931 37
      vertex 45.375 -1.1931 37
    endloop
  endfacet
  facet normal 0 1 0
    outer loop
      vertex 40.875 -1.1931 37
      vertex 45.375 -1.1931 36.5
      vertex 40.875 -1.1931 36.5
    endloop
  endfacet
  facet normal 0 0 -1
    outer loop
      vertex 40.875 -1.15862 37.5
      vertex 45.375 -1.12414 37.5
      vertex 45.375 -1.15862 37.5
    endloop
  endfacet
  facet normal -0 0 -1
    outer loop
      vertex 45.375 -1.12414 37.5
      vertex 40.875 -1.15862 37.5
      vertex 40.875 -1.12414 37.5
    endloop
  endfacet
  facet normal 0 0 -1
    outer loop
      vertex 40.875 1.12414 37.5
      vertex 45.375 1.15862 37.5
      vertex 45.375 1.12414 37.5
    endloop
  endfacet
  facet normal -0 0 -1
    outer loop
      vertex 45.375 1.15862 37.5
      vertex 40.875 1.12414 37.5
      vertex 40.875 1.15862 37.5
    endloop
  endfacet
  facet normal 0 -1 0
    outer loop
      vertex 40.875 1.15862 37
      vertex 45.375 1.15862 37.5
      vertex 40.875 1.15862 37.5
    endloop
  endfacet
  facet normal 0 -1 -0
    outer loop
      vertex 45.375 1.15862 37.5
      vertex 40.875 1.15862 37
      vertex 45.375 1.15862 37
    endloop
  endfacet
  facet normal 0 1 -0
    outer loop
      vertex 45.375 -1.15862 37
      vertex 40.875 -1.15862 37.5
      vertex 45.375 -1.15862 37.5
    endloop
  endfacet
  facet normal 0 1 0
    outer loop
      vertex 40.875 -1.15862 37.5
      vertex 45.375 -1.15862 37
      vertex 40.875 -1.15862 37
    endloop
  endfacet
  facet normal 0 0 -1
    outer loop
      vertex 40.875 -1.12414 38
      vertex 45.375 -1.08965 38
      vertex 45.375 -1.12414 38
    endloop
  endfacet
  facet normal -0 0 -1
    outer loop
      vertex 45.375 -1.08965 38
      vertex 40.875 -1.12414 38
      vertex 40.875 -1.08965 38
    endloop
  endfacet
  facet normal 0 0 -1
    outer loop
      vertex 40.875 1.08965 38
      vertex 45.375 1.12414 38
      vertex 45.375 1.08965 38
    endloop
  endfacet
  facet normal -0 0 -1
    outer loop
      vertex 45.375 1.12414 38
      vertex 40.875 1.08965 38
      vertex 40.875 1.12414 38
    endloop
  endfacet
  facet normal 0 -1 0
    outer loop
      vertex 40.875 1.12414 37.5
      vertex 45.375 1.12414 38
      vertex 40.875 1.12414 38
    endloop
  endfacet
  facet normal 0 -1 -0
    outer loop
      vertex 45.375 1.12414 38
      vertex 40.875 1.12414 37.5
      vertex 45.375 1.12414 37.5
    endloop
  endfacet
  facet normal 0 1 -0
    outer loop
      vertex 45.375 -1.12414 37.5
      vertex 40.875 -1.12414 38
      vertex 45.375 -1.12414 38
    endloop
  endfacet
  facet normal 0 1 0
    outer loop
      vertex 40.875 -1.12414 38
      vertex 45.375 -1.12414 37.5
      vertex 40.875 -1.12414 37.5
    endloop
  endfacet
  facet normal 0 0 -1
    outer loop
      vertex 40.875 -1.08965 38.5
      vertex 45.375 -1.05517 38.5
      vertex 45.375 -1.08965 38.5
    endloop
  endfacet
  facet normal -0 0 -1
    outer loop
      vertex 45.375 -1.05517 38.5
      vertex 40.875 -1.08965 38.5
      vertex 40.875 -1.05517 38.5
    endloop
  endfacet
  facet normal 0 0 -1
    outer loop
      vertex 40.875 1.05517 38.5
      vertex 45.375 1.08965 38.5
      vertex 45.375 1.05517 38.5
    endloop
  endfacet
  facet normal -0 0 -1
    outer loop
      vertex 45.375 1.08965 38.5
      vertex 40.875 1.05517 38.5
      vertex 40.875 1.08965 38.5
    endloop
  endfacet
  facet normal 0 -1 0
    outer loop
      vertex 40.875 1.08965 38
      vertex 45.375 1.08965 38.5
      vertex 40.875 1.08965 38.5
    endloop
  endfacet
  facet normal 0 -1 -0
    outer loop
      vertex 45.375 1.08965 38.5
      vertex 40.875 1.08965 38
      vertex 45.375 1.08965 38
    endloop
  endfacet
  facet normal 0 1 -0
    outer loop
      vertex 45.375 -1.08965 38
      vertex 40.875 -1.08965 38.5
      vertex 45.375 -1.08965 38.5
    endloop
  endfacet
  facet normal 0 1 0
    outer loop
      vertex 40.875 -1.08965 38.5
      vertex 45.375 -1.08965 38
      vertex 40.875 -1.08965 38
    endloop
  endfacet
  facet normal 0 0 -1
    outer loop
      vertex 40.875 -1.05517 39
      vertex 45.375 -1.02069 39
      vertex 45.375 -1.05517 39
    endloop
  endfacet
  facet normal -0 0 -1
    outer loop
      vertex 45.375 -1.02069 39
      vertex 40.875 -1.05517 39
      vertex 40.875 -1.02069 39
    endloop
  endfacet
  facet normal 0 0 -1
    outer loop
      vertex 40.875 1.02069 39
      vertex 45.375 1.05517 39
      vertex 45.375 1.02069 39
    endloop
  endfacet
  facet normal -0 0 -1
    outer loop
      vertex 45.375 1.05517 39
      vertex 40.875 1.02069 39
      vertex 40.875 1.05517 39
    endloop
  endfacet
  facet normal 0 -1 0
    outer loop
      vertex 40.875 1.05517 38.5
      vertex 45.375 1.05517 39
      vertex 40.875 1.05517 39
    endloop
  endfacet
  facet normal 0 -1 -0
    outer loop
      vertex 45.375 1.05517 39
      vertex 40.875 1.05517 38.5
      vertex 45.375 1.05517 38.5
    endloop
  endfacet
  facet normal 0 1 -0
    outer loop
      vertex 45.375 -1.05517 38.5
      vertex 40.875 -1.05517 39
      vertex 45.375 -1.05517 39
    endloop
  endfacet
  facet normal 0 1 0
    outer loop
      vertex 40.875 -1.05517 39
      vertex 45.375 -1.05517 38.5
      vertex 40.875 -1.05517 38.5
    endloop
  endfacet
  facet normal 0 0 -1
    outer loop
      vertex 40.875 -1.02069 39.5
      vertex 45.375 -0.986206 39.5
      vertex 45.375 -1.02069 39.5
    endloop
  endfacet
  facet normal -0 0 -1
    outer loop
      vertex 45.375 -0.986206 39.5
      vertex 40.875 -1.02069 39.5
      vertex 40.875 -0.986206 39.5
    endloop
  endfacet
  facet normal 0 0 -1
    outer loop
      vertex 40.875 0.986206 39.5
      vertex 45.375 1.02069 39.5
      vertex 45.375 0.986206 39.5
    endloop
  endfacet
  facet normal -0 0 -1
    outer loop
      vertex 45.375 1.02069 39.5
      vertex 40.875 0.986206 39.5
      vertex 40.875 1.02069 39.5
    endloop
  endfacet
  facet normal 0 -1 0
    outer loop
      vertex 40.875 1.02069 39
      vertex 45.375 1.02069 39.5
      vertex 40.875 1.02069 39.5
    endloop
  endfacet
  facet normal 0 -1 -0
    outer loop
      vertex 45.375 1.02069 39.5
      vertex 40.875 1.02069 39
      vertex 45.375 1.02069 39
    endloop
  endfacet
  facet normal 0 1 -0
    outer loop
      vertex 45.375 -1.02069 39
      vertex 40.875 -1.02069 39.5
      vertex 45.375 -1.02069 39.5
    endloop
  endfacet
  facet normal 0 1 0
    outer loop
      vertex 40.875 -1.02069 39.5
      vertex 45.375 -1.02069 39
      vertex 40.875 -1.02069 39
    endloop
  endfacet
  facet normal 0 0 -1
    outer loop
      vertex 40.875 -0.986206 40
      vertex 45.375 -0.951724 40
      vertex 45.375 -0.986206 40
    endloop
  endfacet
  facet normal -0 0 -1
    outer loop
      vertex 45.375 -0.951724 40
      vertex 40.875 -0.986206 40
      vertex 40.875 -0.951724 40
    endloop
  endfacet
  facet normal 0 0 -1
    outer loop
      vertex 40.875 0.951724 40
      vertex 45.375 0.986206 40
      vertex 45.375 0.951724 40
    endloop
  endfacet
  facet normal -0 0 -1
    outer loop
      vertex 45.375 0.986206 40
      vertex 40.875 0.951724 40
      vertex 40.875 0.986206 40
    endloop
  endfacet
  facet normal 0 -1 0
    outer loop
      vertex 40.875 0.986206 39.5
      vertex 45.375 0.986206 40
      vertex 40.875 0.986206 40
    endloop
  endfacet
  facet normal 0 -1 -0
    outer loop
      vertex 45.375 0.986206 40
      vertex 40.875 0.986206 39.5
      vertex 45.375 0.986206 39.5
    endloop
  endfacet
  facet normal 0 1 -0
    outer loop
      vertex 45.375 -0.986206 39.5
      vertex 40.875 -0.986206 40
      vertex 45.375 -0.986206 40
    endloop
  endfacet
  facet normal 0 1 0
    outer loop
      vertex 40.875 -0.986206 40
      vertex 45.375 -0.986206 39.5
      vertex 40.875 -0.986206 39.5
    endloop
  endfacet
  facet normal 0 0 -1
    outer loop
      vertex 40.875 -0.951724 40.5
      vertex 45.375 -0.917241 40.5
      vertex 45.375 -0.951724 40.5
    endloop
  endfacet
  facet normal -0 0 -1
    outer loop
      vertex 45.375 -0.917241 40.5
      vertex 40.875 -0.951724 40.5
      vertex 40.875 -0.917241 40.5
    endloop
  endfacet
  facet normal 0 0 -1
    outer loop
      vertex 40.875 0.917241 40.5
      vertex 45.375 0.951724 40.5
      vertex 45.375 0.917241 40.5
    endloop
  endfacet
  facet normal -0 0 -1
    outer loop
      vertex 45.375 0.951724 40.5
      vertex 40.875 0.917241 40.5
      vertex 40.875 0.951724 40.5
    endloop
  endfacet
  facet normal 0 -1 0
    outer loop
      vertex 40.875 0.951724 40
      vertex 45.375 0.951724 40.5
      vertex 40.875 0.951724 40.5
    endloop
  endfacet
  facet normal 0 -1 -0
    outer loop
      vertex 45.375 0.951724 40.5
      vertex 40.875 0.951724 40
      vertex 45.375 0.951724 40
    endloop
  endfacet
  facet normal 0 1 -0
    outer loop
      vertex 45.375 -0.951724 40
      vertex 40.875 -0.951724 40.5
      vertex 45.375 -0.951724 40.5
    endloop
  endfacet
  facet normal 0 1 0
    outer loop
      vertex 40.875 -0.951724 40.5
      vertex 45.375 -0.951724 40
      vertex 40.875 -0.951724 40
    endloop
  endfacet
  facet normal 0 0 -1
    outer loop
      vertex 40.875 -0.917241 41
      vertex 45.375 -0.882758 41
      vertex 45.375 -0.917241 41
    endloop
  endfacet
  facet normal -0 0 -1
    outer loop
      vertex 45.375 -0.882758 41
      vertex 40.875 -0.917241 41
      vertex 40.875 -0.882758 41
    endloop
  endfacet
  facet normal 0 0 -1
    outer loop
      vertex 40.875 0.882758 41
      vertex 45.375 0.917241 41
      vertex 45.375 0.882758 41
    endloop
  endfacet
  facet normal -0 0 -1
    outer loop
      vertex 45.375 0.917241 41
      vertex 40.875 0.882758 41
      vertex 40.875 0.917241 41
    endloop
  endfacet
  facet normal 0 -1 0
    outer loop
      vertex 40.875 0.917241 40.5
      vertex 45.375 0.917241 41
      vertex 40.875 0.917241 41
    endloop
  endfacet
  facet normal 0 -1 -0
    outer loop
      vertex 45.375 0.917241 41
      vertex 40.875 0.917241 40.5
      vertex 45.375 0.917241 40.5
    endloop
  endfacet
  facet normal 0 1 -0
    outer loop
      vertex 45.375 -0.917241 40.5
      vertex 40.875 -0.917241 41
      vertex 45.375 -0.917241 41
    endloop
  endfacet
  facet normal 0 1 0
    outer loop
      vertex 40.875 -0.917241 41
      vertex 45.375 -0.917241 40.5
      vertex 40.875 -0.917241 40.5
    endloop
  endfacet
  facet normal 0 0 -1
    outer loop
      vertex 40.875 -0.882758 41.5
      vertex 45.375 -0.848275 41.5
      vertex 45.375 -0.882758 41.5
    endloop
  endfacet
  facet normal -0 0 -1
    outer loop
      vertex 45.375 -0.848275 41.5
      vertex 40.875 -0.882758 41.5
      vertex 40.875 -0.848275 41.5
    endloop
  endfacet
  facet normal 0 0 -1
    outer loop
      vertex 40.875 0.848275 41.5
      vertex 45.375 0.882758 41.5
      vertex 45.375 0.848275 41.5
    endloop
  endfacet
  facet normal -0 0 -1
    outer loop
      vertex 45.375 0.882758 41.5
      vertex 40.875 0.848275 41.5
      vertex 40.875 0.882758 41.5
    endloop
  endfacet
  facet normal 0 -1 0
    outer loop
      vertex 40.875 0.882758 41
      vertex 45.375 0.882758 41.5
      vertex 40.875 0.882758 41.5
    endloop
  endfacet
  facet normal 0 -1 -0
    outer loop
      vertex 45.375 0.882758 41.5
      vertex 40.875 0.882758 41
      vertex 45.375 0.882758 41
    endloop
  endfacet
  facet normal 0 1 -0
    outer loop
      vertex 45.375 -0.882758 41
      vertex 40.875 -0.882758 41.5
      vertex 45.375 -0.882758 41.5
    endloop
  endfacet
  facet normal 0 1 0
    outer loop
      vertex 40.875 -0.882758 41.5
      vertex 45.375 -0.882758 41
      vertex 40.875 -0.882758 41
    endloop
  endfacet
  facet normal 0 0 -1
    outer loop
      vertex 40.875 0.813792 42
      vertex 45.375 0.848275 42
      vertex 45.375 0.813792 42
    endloop
  endfacet
  facet normal -0 0 -1
    outer loop
      vertex 45.375 0.848275 42
      vertex 40.875 0.813792 42
      vertex 40.875 0.848275 42
    endloop
  endfacet
  facet normal 0 0 -1
    outer loop
      vertex 40.875 -0.848275 42
      vertex 45.375 -0.813792 42
      vertex 45.375 -0.848275 42
    endloop
  endfacet
  facet normal -0 0 -1
    outer loop
      vertex 45.375 -0.813792 42
      vertex 40.875 -0.848275 42
      vertex 40.875 -0.813792 42
    endloop
  endfacet
  facet normal 0 -1 0
    outer loop
      vertex 40.875 0.848275 41.5
      vertex 45.375 0.848275 42
      vertex 40.875 0.848275 42
    endloop
  endfacet
  facet normal 0 -1 -0
    outer loop
      vertex 45.375 0.848275 42
      vertex 40.875 0.848275 41.5
      vertex 45.375 0.848275 41.5
    endloop
  endfacet
  facet normal 0 1 -0
    outer loop
      vertex 45.375 -0.848275 41.5
      vertex 40.875 -0.848275 42
      vertex 45.375 -0.848275 42
    endloop
  endfacet
  facet normal 0 1 0
    outer loop
      vertex 40.875 -0.848275 42
      vertex 45.375 -0.848275 41.5
      vertex 40.875 -0.848275 41.5
    endloop
  endfacet
  facet normal -0 0 1
    outer loop
      vertex 40.875 -0.813792 42.5
      vertex 45.375 -1.17931 42.5
      vertex 45.375 -0.813792 42.5
    endloop
  endfacet
  facet normal 0 0 1
    outer loop
      vertex 45.375 -1.17931 42.5
      vertex 40.875 -0.813792 42.5
      vertex 40.875 -1.17931 42.5
    endloop
  endfacet
  facet normal -0 0 1
    outer loop
      vertex 40.875 1.17931 42.5
      vertex 45.375 0.813792 42.5
      vertex 45.375 1.17931 42.5
    endloop
  endfacet
  facet normal 0 0 1
    outer loop
      vertex 45.375 0.813792 42.5
      vertex 40.875 1.17931 42.5
      vertex 40.875 0.813792 42.5
    endloop
  endfacet
  facet normal 0 -1 0
    outer loop
      vertex 40.875 0.813792 42
      vertex 45.375 0.813792 42.5
      vertex 40.875 0.813792 42.5
    endloop
  endfacet
  facet normal 0 -1 -0
    outer loop
      vertex 45.375 0.813792 42.5
      vertex 40.875 0.813792 42
      vertex 45.375 0.813792 42
    endloop
  endfacet
  facet normal 0 1 -0
    outer loop
      vertex 45.375 -0.813792 42
      vertex 40.875 -0.813792 42.5
      vertex 45.375 -0.813792 42.5
    endloop
  endfacet
  facet normal 0 1 0
    outer loop
      vertex 40.875 -0.813792 42.5
      vertex 45.375 -0.813792 42
      vertex 40.875 -0.813792 42
    endloop
  endfacet
  facet normal 0 0 -1
    outer loop
      vertex 40.875 -1.17931 43
      vertex 45.375 -1.14483 43
      vertex 45.375 -1.17931 43
    endloop
  endfacet
  facet normal -0 0 -1
    outer loop
      vertex 45.375 -1.14483 43
      vertex 40.875 -1.17931 43
      vertex 40.875 -1.14483 43
    endloop
  endfacet
  facet normal 0 0 -1
    outer loop
      vertex 40.875 1.14483 43
      vertex 45.375 1.17931 43
      vertex 45.375 1.14483 43
    endloop
  endfacet
  facet normal -0 0 -1
    outer loop
      vertex 45.375 1.17931 43
      vertex 40.875 1.14483 43
      vertex 40.875 1.17931 43
    endloop
  endfacet
  facet normal 0 -1 0
    outer loop
      vertex 40.875 1.17931 42.5
      vertex 45.375 1.17931 43
      vertex 40.875 1.17931 43
    endloop
  endfacet
  facet normal 0 -1 -0
    outer loop
      vertex 45.375 1.17931 43
      vertex 40.875 1.17931 42.5
      vertex 45.375 1.17931 42.5
    endloop
  endfacet
  facet normal 0 1 -0
    outer loop
      vertex 45.375 -1.17931 42.5
      vertex 40.875 -1.17931 43
      vertex 45.375 -1.17931 43
    endloop
  endfacet
  facet normal 0 1 0
    outer loop
      vertex 40.875 -1.17931 43
      vertex 45.375 -1.17931 42.5
      vertex 40.875 -1.17931 42.5
    endloop
  endfacet
  facet normal 0 0 -1
    outer loop
      vertex 40.875 -1.14483 43.5
      vertex 45.375 -1.11034 43.5
      vertex 45.375 -1.14483 43.5
    endloop
  endfacet
  facet normal -0 0 -1
    outer loop
      vertex 45.375 -1.11034 43.5
      vertex 40.875 -1.14483 43.5
      vertex 40.875 -1.11034 43.5
    endloop
  endfacet
  facet normal 0 0 -1
    outer loop
      vertex 40.875 1.11034 43.5
      vertex 45.375 1.14483 43.5
      vertex 45.375 1.11034 43.5
    endloop
  endfacet
  facet normal -0 0 -1
    outer loop
      vertex 45.375 1.14483 43.5
      vertex 40.875 1.11034 43.5
      vertex 40.875 1.14483 43.5
    endloop
  endfacet
  facet normal 0 -1 0
    outer loop
      vertex 40.875 1.14483 43
      vertex 45.375 1.14483 43.5
      vertex 40.875 1.14483 43.5
    endloop
  endfacet
  facet normal 0 -1 -0
    outer loop
      vertex 45.375 1.14483 43.5
      vertex 40.875 1.14483 43
      vertex 45.375 1.14483 43
    endloop
  endfacet
  facet normal 0 1 -0
    outer loop
      vertex 45.375 -1.14483 43
      vertex 40.875 -1.14483 43.5
      vertex 45.375 -1.14483 43.5
    endloop
  endfacet
  facet normal 0 1 0
    outer loop
      vertex 40.875 -1.14483 43.5
      vertex 45.375 -1.14483 43
      vertex 40.875 -1.14483 43
    endloop
  endfacet
  facet normal 0 0 -1
    outer loop
      vertex 40.875 -1.11034 44
      vertex 45.375 -1.07586 44
      vertex 45.375 -1.11034 44
    endloop
  endfacet
  facet normal -0 0 -1
    outer loop
      vertex 45.375 -1.07586 44
      vertex 40.875 -1.11034 44
      vertex 40.875 -1.07586 44
    endloop
  endfacet
  facet normal 0 0 -1
    outer loop
      vertex 40.875 1.07586 44
      vertex 45.375 1.11034 44
      vertex 45.375 1.07586 44
    endloop
  endfacet
  facet normal -0 0 -1
    outer loop
      vertex 45.375 1.11034 44
      vertex 40.875 1.07586 44
      vertex 40.875 1.11034 44
    endloop
  endfacet
  facet normal 0 -1 0
    outer loop
      vertex 40.875 1.11034 43.5
      vertex 45.375 1.11034 44
      vertex 40.875 1.11034 44
    endloop
  endfacet
  facet normal 0 -1 -0
    outer loop
      vertex 45.375 1.11034 44
      vertex 40.875 1.11034 43.5
      vertex 45.375 1.11034 43.5
    endloop
  endfacet
  facet normal 0 1 -0
    outer loop
      vertex 45.375 -1.11034 43.5
      vertex 40.875 -1.11034 44
      vertex 45.375 -1.11034 44
    endloop
  endfacet
  facet normal 0 1 0
    outer loop
      vertex 40.875 -1.11034 44
      vertex 45.375 -1.11034 43.5
      vertex 40.875 -1.11034 43.5
    endloop
  endfacet
  facet normal 0 0 -1
    outer loop
      vertex 40.875 -1.07586 44.5
      vertex 45.375 -1.04138 44.5
      vertex 45.375 -1.07586 44.5
    endloop
  endfacet
  facet normal -0 0 -1
    outer loop
      vertex 45.375 -1.04138 44.5
      vertex 40.875 -1.07586 44.5
      vertex 40.875 -1.04138 44.5
    endloop
  endfacet
  facet normal 0 0 -1
    outer loop
      vertex 40.875 1.04138 44.5
      vertex 45.375 1.07586 44.5
      vertex 45.375 1.04138 44.5
    endloop
  endfacet
  facet normal -0 0 -1
    outer loop
      vertex 45.375 1.07586 44.5
      vertex 40.875 1.04138 44.5
      vertex 40.875 1.07586 44.5
    endloop
  endfacet
  facet normal 0 -1 0
    outer loop
      vertex 40.875 1.07586 44
      vertex 45.375 1.07586 44.5
      vertex 40.875 1.07586 44.5
    endloop
  endfacet
  facet normal 0 -1 -0
    outer loop
      vertex 45.375 1.07586 44.5
      vertex 40.875 1.07586 44
      vertex 45.375 1.07586 44
    endloop
  endfacet
  facet normal 0 1 -0
    outer loop
      vertex 45.375 -1.07586 44
      vertex 40.875 -1.07586 44.5
      vertex 45.375 -1.07586 44.5
    endloop
  endfacet
  facet normal 0 1 0
    outer loop
      vertex 40.875 -1.07586 44.5
      vertex 45.375 -1.07586 44
      vertex 40.875 -1.07586 44
    endloop
  endfacet
  facet normal 0 0 -1
    outer loop
      vertex 40.875 -1.04138 45
      vertex 45.375 -1.0069 45
      vertex 45.375 -1.04138 45
    endloop
  endfacet
  facet normal -0 0 -1
    outer loop
      vertex 45.375 -1.0069 45
      vertex 40.875 -1.04138 45
      vertex 40.875 -1.0069 45
    endloop
  endfacet
  facet normal 0 0 -1
    outer loop
      vertex 40.875 1.0069 45
      vertex 45.375 1.04138 45
      vertex 45.375 1.0069 45
    endloop
  endfacet
  facet normal -0 0 -1
    outer loop
      vertex 45.375 1.04138 45
      vertex 40.875 1.0069 45
      vertex 40.875 1.04138 45
    endloop
  endfacet
  facet normal 0 -1 0
    outer loop
      vertex 40.875 1.04138 44.5
      vertex 45.375 1.04138 45
      vertex 40.875 1.04138 45
    endloop
  endfacet
  facet normal 0 -1 -0
    outer loop
      vertex 45.375 1.04138 45
      vertex 40.875 1.04138 44.5
      vertex 45.375 1.04138 44.5
    endloop
  endfacet
  facet normal 0 1 -0
    outer loop
      vertex 45.375 -1.04138 44.5
      vertex 40.875 -1.04138 45
      vertex 45.375 -1.04138 45
    endloop
  endfacet
  facet normal 0 1 0
    outer loop
      vertex 40.875 -1.04138 45
      vertex 45.375 -1.04138 44.5
      vertex 40.875 -1.04138 44.5
    endloop
  endfacet
  facet normal 0 0 -1
    outer loop
      vertex 40.875 -1.0069 45.5
      vertex 45.375 -0.972413 45.5
      vertex 45.375 -1.0069 45.5
    endloop
  endfacet
  facet normal -0 0 -1
    outer loop
      vertex 45.375 -0.972413 45.5
      vertex 40.875 -1.0069 45.5
      vertex 40.875 -0.972413 45.5
    endloop
  endfacet
  facet normal 0 0 -1
    outer loop
      vertex 40.875 0.972413 45.5
      vertex 45.375 1.0069 45.5
      vertex 45.375 0.972413 45.5
    endloop
  endfacet
  facet normal -0 0 -1
    outer loop
      vertex 45.375 1.0069 45.5
      vertex 40.875 0.972413 45.5
      vertex 40.875 1.0069 45.5
    endloop
  endfacet
  facet normal 0 -1 0
    outer loop
      vertex 40.875 1.0069 45
      vertex 45.375 1.0069 45.5
      vertex 40.875 1.0069 45.5
    endloop
  endfacet
  facet normal 0 -1 -0
    outer loop
      vertex 45.375 1.0069 45.5
      vertex 40.875 1.0069 45
      vertex 45.375 1.0069 45
    endloop
  endfacet
  facet normal 0 1 -0
    outer loop
      vertex 45.375 -1.0069 45
      vertex 40.875 -1.0069 45.5
      vertex 45.375 -1.0069 45.5
    endloop
  endfacet
  facet normal 0 1 0
    outer loop
      vertex 40.875 -1.0069 45.5
      vertex 45.375 -1.0069 45
      vertex 40.875 -1.0069 45
    endloop
  endfacet
  facet normal 0 0 -1
    outer loop
      vertex 40.875 -0.972413 46
      vertex 45.375 -0.93793 46
      vertex 45.375 -0.972413 46
    endloop
  endfacet
  facet normal -0 0 -1
    outer loop
      vertex 45.375 -0.93793 46
      vertex 40.875 -0.972413 46
      vertex 40.875 -0.93793 46
    endloop
  endfacet
  facet normal 0 0 -1
    outer loop
      vertex 40.875 0.93793 46
      vertex 45.375 0.972413 46
      vertex 45.375 0.93793 46
    endloop
  endfacet
  facet normal -0 0 -1
    outer loop
      vertex 45.375 0.972413 46
      vertex 40.875 0.93793 46
      vertex 40.875 0.972413 46
    endloop
  endfacet
  facet normal 0 -1 0
    outer loop
      vertex 40.875 0.972413 45.5
      vertex 45.375 0.972413 46
      vertex 40.875 0.972413 46
    endloop
  endfacet
  facet normal 0 -1 -0
    outer loop
      vertex 45.375 0.972413 46
      vertex 40.875 0.972413 45.5
      vertex 45.375 0.972413 45.5
    endloop
  endfacet
  facet normal 0 1 -0
    outer loop
      vertex 45.375 -0.972413 45.5
      vertex 40.875 -0.972413 46
      vertex 45.375 -0.972413 46
    endloop
  endfacet
  facet normal 0 1 0
    outer loop
      vertex 40.875 -0.972413 46
      vertex 45.375 -0.972413 45.5
      vertex 40.875 -0.972413 45.5
    endloop
  endfacet
  facet normal 0 0 -1
    outer loop
      vertex 40.875 -0.93793 46.5
      vertex 45.375 -0.903448 46.5
      vertex 45.375 -0.93793 46.5
    endloop
  endfacet
  facet normal -0 0 -1
    outer loop
      vertex 45.375 -0.903448 46.5
      vertex 40.875 -0.93793 46.5
      vertex 40.875 -0.903448 46.5
    endloop
  endfacet
  facet normal 0 0 -1
    outer loop
      vertex 40.875 0.903448 46.5
      vertex 45.375 0.93793 46.5
      vertex 45.375 0.903448 46.5
    endloop
  endfacet
  facet normal -0 0 -1
    outer loop
      vertex 45.375 0.93793 46.5
      vertex 40.875 0.903448 46.5
      vertex 40.875 0.93793 46.5
    endloop
  endfacet
  facet normal 0 -1 0
    outer loop
      vertex 40.875 0.93793 46
      vertex 45.375 0.93793 46.5
      vertex 40.875 0.93793 46.5
    endloop
  endfacet
  facet normal 0 -1 -0
    outer loop
      vertex 45.375 0.93793 46.5
      vertex 40.875 0.93793 46
      vertex 45.375 0.93793 46
    endloop
  endfacet
  facet normal 0 1 -0
    outer loop
      vertex 45.375 -0.93793 46
      vertex 40.875 -0.93793 46.5
      vertex 45.375 -0.93793 46.5
    endloop
  endfacet
  facet normal 0 1 0
    outer loop
      vertex 40.875 -0.93793 46.5
      vertex 45.375 -0.93793 46
      vertex 40.875 -0.93793 46
    endloop
  endfacet
  facet normal 0 0 -1
    outer loop
      vertex 40.875 -0.903448 47
      vertex 45.375 -0.868965 47
      vertex 45.375 -0.903448 47
    endloop
  endfacet
  facet normal -0 0 -1
    outer loop
      vertex 45.375 -0.868965 47
      vertex 40.875 -0.903448 47
      vertex 40.875 -0.868965 47
    endloop
  endfacet
  facet normal 0 0 -1
    outer loop
      vertex 40.875 0.868965 47
      vertex 45.375 0.903448 47
      vertex 45.375 0.868965 47
    endloop
  endfacet
  facet normal -0 0 -1
    outer loop
      vertex 45.375 0.903448 47
      vertex 40.875 0.868965 47
      vertex 40.875 0.903448 47
    endloop
  endfacet
  facet normal 0 -1 0
    outer loop
      vertex 40.875 0.903448 46.5
      vertex 45.375 0.903448 47
      vertex 40.875 0.903448 47
    endloop
  endfacet
  facet normal 0 -1 -0
    outer loop
      vertex 45.375 0.903448 47
      vertex 40.875 0.903448 46.5
      vertex 45.375 0.903448 46.5
    endloop
  endfacet
  facet normal 0 1 -0
    outer loop
      vertex 45.375 -0.903448 46.5
      vertex 40.875 -0.903448 47
      vertex 45.375 -0.903448 47
    endloop
  endfacet
  facet normal 0 1 0
    outer loop
      vertex 40.875 -0.903448 47
      vertex 45.375 -0.903448 46.5
      vertex 40.875 -0.903448 46.5
    endloop
  endfacet
  facet normal 0 0 -1
    outer loop
      vertex 40.875 0.834482 47.5
      vertex 45.375 0.868965 47.5
      vertex 45.375 0.834482 47.5
    endloop
  endfacet
  facet normal -0 0 -1
    outer loop
      vertex 45.375 0.868965 47.5
      vertex 40.875 0.834482 47.5
      vertex 40.875 0.868965 47.5
    endloop
  endfacet
  facet normal 0 0 -1
    outer loop
      vertex 40.875 -0.868965 47.5
      vertex 45.375 -0.834482 47.5
      vertex 45.375 -0.868965 47.5
    endloop
  endfacet
  facet normal -0 0 -1
    outer loop
      vertex 45.375 -0.834482 47.5
      vertex 40.875 -0.868965 47.5
      vertex 40.875 -0.834482 47.5
    endloop
  endfacet
  facet normal 0 -1 0
    outer loop
      vertex 40.875 0.868965 47
      vertex 45.375 0.868965 47.5
      vertex 40.875 0.868965 47.5
    endloop
  endfacet
  facet normal 0 -1 -0
    outer loop
      vertex 45.375 0.868965 47.5
      vertex 40.875 0.868965 47
      vertex 45.375 0.868965 47
    endloop
  endfacet
  facet normal 0 1 -0
    outer loop
      vertex 45.375 -0.868965 47
      vertex 40.875 -0.868965 47.5
      vertex 45.375 -0.868965 47.5
    endloop
  endfacet
  facet normal 0 1 0
    outer loop
      vertex 40.875 -0.868965 47.5
      vertex 45.375 -0.868965 47
      vertex 40.875 -0.868965 47
    endloop
  endfacet
  facet normal -0 0 1
    outer loop
      vertex 40.875 -0.834482 48
      vertex 45.375 -1.2 48
      vertex 45.375 -0.834482 48
    endloop
  endfacet
  facet normal 0 0 1
    outer loop
      vertex 45.375 -1.2 48
      vertex 40.875 -0.834482 48
      vertex 40.875 -1.2 48
    endloop
  endfacet
  facet normal -0 0 1
    outer loop
      vertex 40.875 1.2 48
      vertex 45.375 0.834482 48
      vertex 45.375 1.2 48
    endloop
  endfacet
  facet normal 0 0 1
    outer loop
      vertex 45.375 0.834482 48
      vertex 40.875 1.2 48
      vertex 40.875 0.834482 48
    endloop
  endfacet
  facet normal 0 -1 0
    outer loop
      vertex 40.875 0.834482 47.5
      vertex 45.375 0.834482 48
      vertex 40.875 0.834482 48
    endloop
  endfacet
  facet normal 0 -1 -0
    outer loop
      vertex 45.375 0.834482 48
      vertex 40.875 0.834482 47.5
      vertex 45.375 0.834482 47.5
    endloop
  endfacet
  facet normal 0 1 -0
    outer loop
      vertex 45.375 -0.834482 47.5
      vertex 40.875 -0.834482 48
      vertex 45.375 -0.834482 48
    endloop
  endfacet
  facet normal 0 1 0
    outer loop
      vertex 40.875 -0.834482 48
      vertex 45.375 -0.834482 47.5
      vertex 40.875 -0.834482 47.5
    endloop
  endfacet
  facet normal 0 0 -1
    outer loop
      vertex 40.875 -1.2 48.5
      vertex 45.375 -1.16552 48.5
      vertex 45.375 -1.2 48.5
    endloop
  endfacet
  facet normal -0 0 -1
    outer loop
      vertex 45.375 -1.16552 48.5
      vertex 40.875 -1.2 48.5
      vertex 40.875 -1.16552 48.5
    endloop
  endfacet
  facet normal 0 0 -1
    outer loop
      vertex 40.875 1.16552 48.5
      vertex 45.375 1.2 48.5
      vertex 45.375 1.16552 48.5
    endloop
  endfacet
  facet normal -0 0 -1
    outer loop
      vertex 45.375 1.2 48.5
      vertex 40.875 1.16552 48.5
      vertex 40.875 1.2 48.5
    endloop
  endfacet
  facet normal 0 -1 0
    outer loop
      vertex 40.875 1.2 48
      vertex 45.375 1.2 48.5
      vertex 40.875 1.2 48.5
    endloop
  endfacet
  facet normal 0 -1 -0
    outer loop
      vertex 45.375 1.2 48.5
      vertex 40.875 1.2 48
      vertex 45.375 1.2 48
    endloop
  endfacet
  facet normal 0 1 -0
    outer loop
      vertex 45.375 -1.2 48
      vertex 40.875 -1.2 48.5
      vertex 45.375 -1.2 48.5
    endloop
  endfacet
  facet normal 0 1 0
    outer loop
      vertex 40.875 -1.2 48.5
      vertex 45.375 -1.2 48
      vertex 40.875 -1.2 48
    endloop
  endfacet
  facet normal 0 0 -1
    outer loop
      vertex 40.875 -1.16552 49
      vertex 45.375 -1.13103 49
      vertex 45.375 -1.16552 49
    endloop
  endfacet
  facet normal -0 0 -1
    outer loop
      vertex 45.375 -1.13103 49
      vertex 40.875 -1.16552 49
      vertex 40.875 -1.13103 49
    endloop
  endfacet
  facet normal 0 0 -1
    outer loop
      vertex 40.875 1.13103 49
      vertex 45.375 1.16552 49
      vertex 45.375 1.13103 49
    endloop
  endfacet
  facet normal -0 0 -1
    outer loop
      vertex 45.375 1.16552 49
      vertex 40.875 1.13103 49
      vertex 40.875 1.16552 49
    endloop
  endfacet
  facet normal 0 -1 0
    outer loop
      vertex 40.875 1.16552 48.5
      vertex 45.375 1.16552 49
      vertex 40.875 1.16552 49
    endloop
  endfacet
  facet normal 0 -1 -0
    outer loop
      vertex 45.375 1.16552 49
      vertex 40.875 1.16552 48.5
      vertex 45.375 1.16552 48.5
    endloop
  endfacet
  facet normal 0 1 -0
    outer loop
      vertex 45.375 -1.16552 48.5
      vertex 40.875 -1.16552 49
      vertex 45.375 -1.16552 49
    endloop
  endfacet
  facet normal 0 1 0
    outer loop
      vertex 40.875 -1.16552 49
      vertex 45.375 -1.16552 48.5
      vertex 40.875 -1.16552 48.5
    endloop
  endfacet
  facet normal 0 0 -1
    outer loop
      vertex 40.875 -1.13103 49.5
      vertex 45.375 -1.09655 49.5
      vertex 45.375 -1.13103 49.5
    endloop
  endfacet
  facet normal -0 0 -1
    outer loop
      vertex 45.375 -1.09655 49.5
      vertex 40.875 -1.13103 49.5
      vertex 40.875 -1.09655 49.5
    endloop
  endfacet
  facet normal 0 0 -1
    outer loop
      vertex 40.875 1.09655 49.5
      vertex 45.375 1.13103 49.5
      vertex 45.375 1.09655 49.5
    endloop
  endfacet
  facet normal -0 0 -1
    outer loop
      vertex 45.375 1.13103 49.5
      vertex 40.875 1.09655 49.5
      vertex 40.875 1.13103 49.5
    endloop
  endfacet
  facet normal 0 -1 0
    outer loop
      vertex 40.875 1.13103 49
      vertex 45.375 1.13103 49.5
      vertex 40.875 1.13103 49.5
    endloop
  endfacet
  facet normal 0 -1 -0
    outer loop
      vertex 45.375 1.13103 49.5
      vertex 40.875 1.13103 49
      vertex 45.375 1.13103 49
    endloop
  endfacet
  facet normal 0 1 -0
    outer loop
      vertex 45.375 -1.13103 49
      vertex 40.875 -1.13103 49.5
      vertex 45.375 -1.13103 49.5
    endloop
  endfacet
  facet normal 0 1 0
    outer loop
      vertex 40.875 -1.13103 49.5
      vertex 45.375 -1.13103 49
      vertex 40.875 -1.13103 49
    endloop
  endfacet
  facet normal 0 0 -1
    outer loop
      vertex 40.875 -1.09655 50
      vertex 45.375 -1.06207 50
      vertex 45.375 -1.09655 50
    endloop
  endfacet
  facet normal -0 0 -1
    outer loop
      vertex 45.375 -1.06207 50
      vertex 40.875 -1.09655 50
      vertex 40.875 -1.06207 50
    endloop
  endfacet
  facet normal 0 0 -1
    outer loop
      vertex 40.875 1.06207 50
      vertex 45.375 1.09655 50
      vertex 45.375 1.06207 50
    endloop
  endfacet
  facet normal -0 0 -1
    outer loop
      vertex 45.375 1.09655 50
      vertex 40.875 1.06207 50
      vertex 40.875 1.09655 50
    endloop
  endfacet
  facet normal 0 -1 0
    outer loop
      vertex 40.875 1.09655 49.5
      vertex 45.375 1.09655 50
      vertex 40.875 1.09655 50
    endloop
  endfacet
  facet normal 0 -1 -0
    outer loop
      vertex 45.375 1.09655 50
      vertex 40.875 1.09655 49.5
      vertex 45.375 1.09655 49.5
    endloop
  endfacet
  facet normal 0 1 -0
    outer loop
      vertex 45.375 -1.09655 49.5
      vertex 40.875 -1.09655 50
      vertex 45.375 -1.09655 50
    endloop
  endfacet
  facet normal 0 1 0
    outer loop
      vertex 40.875 -1.09655 50
      vertex 45.375 -1.09655 49.5
      vertex 40.875 -1.09655 49.5
    endloop
  endfacet
  facet normal 0 0 -1
    outer loop
      vertex 40.875 -1.06207 50.5
      vertex 45.375 -1.02759 50.5
      vertex 45.375 -1.06207 50.5
    endloop
  endfacet
  facet normal -0 0 -1
    outer loop
      vertex 45.375 -1.02759 50.5
      vertex 40.875 -1.06207 50.5
      vertex 40.875 -1.02759 50.5
    endloop
  endfacet
  facet normal 0 0 -1
    outer loop
      vertex 40.875 1.02759 50.5
      vertex 45.375 1.06207 50.5
      vertex 45.375 1.02759 50.5
    endloop
  endfacet
  facet normal -0 0 -1
    outer loop
      vertex 45.375 1.06207 50.5
      vertex 40.875 1.02759 50.5
      vertex 40.875 1.06207 50.5
    endloop
  endfacet
  facet normal 0 -1 0
    outer loop
      vertex 40.875 1.06207 50
      vertex 45.375 1.06207 50.5
      vertex 40.875 1.06207 50.5
    endloop
  endfacet
  facet normal 0 -1 -0
    outer loop
      vertex 45.375 1.06207 50.5
      vertex 40.875 1.06207 50
      vertex 45.375 1.06207 50
    endloop
  endfacet
  facet normal 0 1 -0
    outer loop
      vertex 45.375 -1.06207 50
      vertex 40.875 -1.06207 50.5
      vertex 45.375 -1.06207 50.5
    endloop
  endfacet
  facet normal 0 1 0
    outer loop
      vertex 40.875 -1.06207 50.5
      vertex 45.375 -1.06207 50
      vertex 40.875 -1.06207 50
    endloop
  endfacet
  facet normal 0 0 -1
    outer loop
      vertex 40.875 -1.02759 51
      vertex 45.375 -0.993103 51
      vertex 45.375 -1.02759 51
    endloop
  endfacet
  facet normal -0 0 -1
    outer loop
      vertex 45.375 -0.993103 51
      vertex 40.875 -1.02759 51
      vertex 40.875 -0.993103 51
    endloop
  endfacet
  facet normal 0 0 -1
    outer loop
      vertex 40.875 0.993103 51
      vertex 45.375 1.02759 51
      vertex 45.375 0.993103 51
    endloop
  endfacet
  facet normal -0 0 -1
    outer loop
      vertex 45.375 1.02759 51
      vertex 40.875 0.993103 51
      vertex 40.875 1.02759 51
    endloop
  endfacet
  facet normal 0 -1 0
    outer loop
      vertex 40.875 1.02759 50.5
      vertex 45.375 1.02759 51
      vertex 40.875 1.02759 51
    endloop
  endfacet
  facet normal 0 -1 -0
    outer loop
      vertex 45.375 1.02759 51
      vertex 40.875 1.02759 50.5
      vertex 45.375 1.02759 50.5
    endloop
  endfacet
  facet normal 0 1 -0
    outer loop
      vertex 45.375 -1.02759 50.5
      vertex 40.875 -1.02759 51
      vertex 45.375 -1.02759 51
    endloop
  endfacet
  facet normal 0 1 0
    outer loop
      vertex 40.875 -1.02759 51
      vertex 45.375 -1.02759 50.5
      vertex 40.875 -1.02759 50.5
    endloop
  endfacet
  facet normal 0 0 -1
    outer loop
      vertex 40.875 -0.993103 51.5
      vertex 45.375 -0.95862 51.5
      vertex 45.375 -0.993103 51.5
    endloop
  endfacet
  facet normal -0 0 -1
    outer loop
      vertex 45.375 -0.95862 51.5
      vertex 40.875 -0.993103 51.5
      vertex 40.875 -0.95862 51.5
    endloop
  endfacet
  facet normal 0 0 -1
    outer loop
      vertex 40.875 0.95862 51.5
      vertex 45.375 0.993103 51.5
      vertex 45.375 0.95862 51.5
    endloop
  endfacet
  facet normal -0 0 -1
    outer loop
      vertex 45.375 0.993103 51.5
      vertex 40.875 0.95862 51.5
      vertex 40.875 0.993103 51.5
    endloop
  endfacet
  facet normal 0 -1 0
    outer loop
      vertex 40.875 0.993103 51
      vertex 45.375 0.993103 51.5
      vertex 40.875 0.993103 51.5
    endloop
  endfacet
  facet normal 0 -1 -0
    outer loop
      vertex 45.375 0.993103 51.5
      vertex 40.875 0.993103 51
      vertex 45.375 0.993103 51
    endloop
  endfacet
  facet normal 0 1 -0
    outer loop
      vertex 45.375 -0.993103 51
      vertex 40.875 -0.993103 51.5
      vertex 45.375 -0.993103 51.5
    endloop
  endfacet
  facet normal 0 1 0
    outer loop
      vertex 40.875 -0.993103 51.5
      vertex 45.375 -0.993103 51
      vertex 40.875 -0.993103 51
    endloop
  endfacet
  facet normal 0 0 -1
    outer loop
      vertex 40.875 -0.95862 52
      vertex 45.375 -0.924137 52
      vertex 45.375 -0.95862 52
    endloop
  endfacet
  facet normal -0 0 -1
    outer loop
      vertex 45.375 -0.924137 52
      vertex 40.875 -0.95862 52
      vertex 40.875 -0.924137 52
    endloop
  endfacet
  facet normal 0 0 -1
    outer loop
      vertex 40.875 0.924137 52
      vertex 45.375 0.95862 52
      vertex 45.375 0.924137 52
    endloop
  endfacet
  facet normal -0 0 -1
    outer loop
      vertex 45.375 0.95862 52
      vertex 40.875 0.924137 52
      vertex 40.875 0.95862 52
    endloop
  endfacet
  facet normal 0 -1 0
    outer loop
      vertex 40.875 0.95862 51.5
      vertex 45.375 0.95862 52
      vertex 40.875 0.95862 52
    endloop
  endfacet
  facet normal 0 -1 -0
    outer loop
      vertex 45.375 0.95862 52
      vertex 40.875 0.95862 51.5
      vertex 45.375 0.95862 51.5
    endloop
  endfacet
  facet normal 0 1 -0
    outer loop
      vertex 45.375 -0.95862 51.5
      vertex 40.875 -0.95862 52
      vertex 45.375 -0.95862 52
    endloop
  endfacet
  facet normal 0 1 0
    outer loop
      vertex 40.875 -0.95862 52
      vertex 45.375 -0.95862 51.5
      vertex 40.875 -0.95862 51.5
    endloop
  endfacet
  facet normal 0 0 -1
    outer loop
      vertex 40.875 0.889655 52.5
      vertex 45.375 0.924137 52.5
      vertex 45.375 0.889655 52.5
    endloop
  endfacet
  facet normal -0 0 -1
    outer loop
      vertex 45.375 0.924137 52.5
      vertex 40.875 0.889655 52.5
      vertex 40.875 0.924137 52.5
    endloop
  endfacet
  facet normal 0 0 -1
    outer loop
      vertex 40.875 -0.924137 52.5
      vertex 45.375 -0.889655 52.5
      vertex 45.375 -0.924137 52.5
    endloop
  endfacet
  facet normal -0 0 -1
    outer loop
      vertex 45.375 -0.889655 52.5
      vertex 40.875 -0.924137 52.5
      vertex 40.875 -0.889655 52.5
    endloop
  endfacet
  facet normal 0 -1 0
    outer loop
      vertex 40.875 0.924137 52
      vertex 45.375 0.924137 52.5
      vertex 40.875 0.924137 52.5
    endloop
  endfacet
  facet normal 0 -1 -0
    outer loop
      vertex 45.375 0.924137 52.5
      vertex 40.875 0.924137 52
      vertex 45.375 0.924137 52
    endloop
  endfacet
  facet normal 0 1 -0
    outer loop
      vertex 45.375 -0.924137 52
      vertex 40.875 -0.924137 52.5
      vertex 45.375 -0.924137 52.5
    endloop
  endfacet
  facet normal 0 1 0
    outer loop
      vertex 40.875 -0.924137 52.5
      vertex 45.375 -0.924137 52
      vertex 40.875 -0.924137 52
    endloop
  endfacet
  facet normal 0 0 -1
    outer loop
      vertex 40.875 -0.889655 53
      vertex 45.375 -0.855172 53
      vertex 45.375 -0.889655 53
    endloop
  endfacet
  facet normal -0 0 -1
    outer loop
      vertex 45.375 -0.855172 53
      vertex 40.875 -0.889655 53
      vertex 40.875 -0.855172 53
    endloop
  endfacet
  facet normal 0 0 -1
    outer loop
      vertex 40.875 0.855172 53
      vertex 45.375 0.889655 53
      vertex 45.375 0.855172 53
    endloop
  endfacet
  facet normal -0 0 -1
    outer loop
      vertex 45.375 0.889655 53
      vertex 40.875 0.855172 53
      vertex 40.875 0.889655 53
    endloop
  endfacet
  facet normal 0 -1 0
    outer loop
      vertex 40.875 0.889655 52.5
      vertex 45.375 0.889655 53
      vertex 40.875 0.889655 53
    endloop
  endfacet
  facet normal 0 -1 -0
    outer loop
      vertex 45.375 0.889655 53
      vertex 40.875 0.889655 52.5
      vertex 45.375 0.889655 52.5
    endloop
  endfacet
  facet normal 0 1 -0
    outer loop
      vertex 45.375 -0.889655 52.5
      vertex 40.875 -0.889655 53
      vertex 45.375 -0.889655 53
    endloop
  endfacet
  facet normal 0 1 0
    outer loop
      vertex 40.875 -0.889655 53
      vertex 45.375 -0.889655 52.5
      vertex 40.875 -0.889655 52.5
    endloop
  endfacet
  facet normal 0 0 -1
    outer loop
      vertex 40.875 0.820689 53.5
      vertex 45.375 0.855172 53.5
      vertex 45.375 0.820689 53.5
    endloop
  endfacet
  facet normal -0 0 -1
    outer loop
      vertex 45.375 0.855172 53.5
      vertex 40.875 0.820689 53.5
      vertex 40.875 0.855172 53.5
    endloop
  endfacet
  facet normal 0 0 -1
    outer loop
      vertex 40.875 -0.855172 53.5
      vertex 45.375 -0.820689 53.5
      vertex 45.375 -0.855172 53.5
    endloop
  endfacet
  facet normal -0 0 -1
    outer loop
      vertex 45.375 -0.820689 53.5
      vertex 40.875 -0.855172 53.5
      vertex 40.875 -0.820689 53.5
    endloop
  endfacet
  facet normal 0 -1 0
    outer loop
      vertex 40.875 0.855172 53
      vertex 45.375 0.855172 53.5
      vertex 40.875 0.855172 53.5
    endloop
  endfacet
  facet normal 0 -1 -0
    outer loop
      vertex 45.375 0.855172 53.5
      vertex 40.875 0.855172 53
      vertex 45.375 0.855172 53
    endloop
  endfacet
  facet normal 0 1 -0
    outer loop
      vertex 45.375 -0.855172 53
      vertex 40.875 -0.855172 53.5
      vertex 45.375 -0.855172 53.5
    endloop
  endfacet
  facet normal 0 1 0
    outer loop
      vertex 40.875 -0.855172 53.5
      vertex 45.375 -0.855172 53
      vertex 40.875 -0.855172 53
    endloop
  endfacet
  facet normal -0 0 1
    outer loop
      vertex 40.875 -0.820689 54
      vertex 45.375 -1.18621 54
      vertex 45.375 -0.820689 54
    endloop
  endfacet
  facet normal 0 0 1
    outer loop
      vertex 45.375 -1.18621 54
      vertex 40.875 -0.820689 54
      vertex 40.875 -1.18621 54
    endloop
  endfacet
  facet normal -0 0 1
    outer loop
      vertex 40.875 1.18621 54
      vertex 45.375 0.820689 54
      vertex 45.375 1.18621 54
    endloop
  endfacet
  facet normal 0 0 1
    outer loop
      vertex 45.375 0.820689 54
      vertex 40.875 1.18621 54
      vertex 40.875 0.820689 54
    endloop
  endfacet
  facet normal 0 -1 0
    outer loop
      vertex 40.875 0.820689 53.5
      vertex 45.375 0.820689 54
      vertex 40.875 0.820689 54
    endloop
  endfacet
  facet normal 0 -1 -0
    outer loop
      vertex 45.375 0.820689 54
      vertex 40.875 0.820689 53.5
      vertex 45.375 0.820689 53.5
    endloop
  endfacet
  facet normal 0 1 -0
    outer loop
      vertex 45.375 -0.820689 53.5
      vertex 40.875 -0.820689 54
      vertex 45.375 -0.820689 54
    endloop
  endfacet
  facet normal 0 1 0
    outer loop
      vertex 40.875 -0.820689 54
      vertex 45.375 -0.820689 53.5
      vertex 40.875 -0.820689 53.5
    endloop
  endfacet
  facet normal 0 0 -1
    outer loop
      vertex 40.875 -1.18621 54.5
      vertex 45.375 -1.15172 54.5
      vertex 45.375 -1.18621 54.5
    endloop
  endfacet
  facet normal -0 0 -1
    outer loop
      vertex 45.375 -1.15172 54.5
      vertex 40.875 -1.18621 54.5
      vertex 40.875 -1.15172 54.5
    endloop
  endfacet
  facet normal 0 0 -1
    outer loop
      vertex 40.875 1.15172 54.5
      vertex 45.375 1.18621 54.5
      vertex 45.375 1.15172 54.5
    endloop
  endfacet
  facet normal -0 0 -1
    outer loop
      vertex 45.375 1.18621 54.5
      vertex 40.875 1.15172 54.5
      vertex 40.875 1.18621 54.5
    endloop
  endfacet
  facet normal 0 -1 0
    outer loop
      vertex 40.875 1.18621 54
      vertex 45.375 1.18621 54.5
      vertex 40.875 1.18621 54.5
    endloop
  endfacet
  facet normal 0 -1 -0
    outer loop
      vertex 45.375 1.18621 54.5
      vertex 40.875 1.18621 54
      vertex 45.375 1.18621 54
    endloop
  endfacet
  facet normal 0 1 -0
    outer loop
      vertex 45.375 -1.18621 54
      vertex 40.875 -1.18621 54.5
      vertex 45.375 -1.18621 54.5
    endloop
  endfacet
  facet normal 0 1 0
    outer loop
      vertex 40.875 -1.18621 54.5
      vertex 45.375 -1.18621 54
      vertex 40.875 -1.18621 54
    endloop
  endfacet
  facet normal 0 0 -1
    outer loop
      vertex 40.875 -1.15172 55
      vertex 45.375 -1.11724 55
      vertex 45.375 -1.15172 55
    endloop
  endfacet
  facet normal -0 0 -1
    outer loop
      vertex 45.375 -1.11724 55
      vertex 40.875 -1.15172 55
      vertex 40.875 -1.11724 55
    endloop
  endfacet
  facet normal 0 0 -1
    outer loop
      vertex 40.875 1.11724 55
      vertex 45.375 1.15172 55
      vertex 45.375 1.11724 55
    endloop
  endfacet
  facet normal -0 0 -1
    outer loop
      vertex 45.375 1.15172 55
      vertex 40.875 1.11724 55
      vertex 40.875 1.15172 55
    endloop
  endfacet
  facet normal 0 -1 0
    outer loop
      vertex 40.875 1.15172 54.5
      vertex 45.375 1.15172 55
      vertex 40.875 1.15172 55
    endloop
  endfacet
  facet normal 0 -1 -0
    outer loop
      vertex 45.375 1.15172 55
      vertex 40.875 1.15172 54.5
      vertex 45.375 1.15172 54.5
    endloop
  endfacet
  facet normal 0 1 -0
    outer loop
      vertex 45.375 -1.15172 54.5
      vertex 40.875 -1.15172 55
      vertex 45.375 -1.15172 55
    endloop
  endfacet
  facet normal 0 1 0
    outer loop
      vertex 40.875 -1.15172 55
      vertex 45.375 -1.15172 54.5
      vertex 40.875 -1.15172 54.5
    endloop
  endfacet
  facet normal 0 0 -1
    outer loop
      vertex 40.875 -1.11724 55.5
      vertex 45.375 -1.08276 55.5
      vertex 45.375 -1.11724 55.5
    endloop
  endfacet
  facet normal -0 0 -1
    outer loop
      vertex 45.375 -1.08276 55.5
      vertex 40.875 -1.11724 55.5
      vertex 40.875 -1.08276 55.5
    endloop
  endfacet
  facet normal 0 0 -1
    outer loop
      vertex 40.875 1.08276 55.5
      vertex 45.375 1.11724 55.5
      vertex 45.375 1.08276 55.5
    endloop
  endfacet
  facet normal -0 0 -1
    outer loop
      vertex 45.375 1.11724 55.5
      vertex 40.875 1.08276 55.5
      vertex 40.875 1.11724 55.5
    endloop
  endfacet
  facet normal 0 -1 0
    outer loop
      vertex 40.875 1.11724 55
      vertex 45.375 1.11724 55.5
      vertex 40.875 1.11724 55.5
    endloop
  endfacet
  facet normal 0 -1 -0
    outer loop
      vertex 45.375 1.11724 55.5
      vertex 40.875 1.11724 55
      vertex 45.375 1.11724 55
    endloop
  endfacet
  facet normal 0 1 -0
    outer loop
      vertex 45.375 -1.11724 55
      vertex 40.875 -1.11724 55.5
      vertex 45.375 -1.11724 55.5
    endloop
  endfacet
  facet normal 0 1 0
    outer loop
      vertex 40.875 -1.11724 55.5
      vertex 45.375 -1.11724 55
      vertex 40.875 -1.11724 55
    endloop
  endfacet
  facet normal 0 0 -1
    outer loop
      vertex 40.875 -1.08276 56
      vertex 45.375 -1.04827 56
      vertex 45.375 -1.08276 56
    endloop
  endfacet
  facet normal -0 0 -1
    outer loop
      vertex 45.375 -1.04827 56
      vertex 40.875 -1.08276 56
      vertex 40.875 -1.04827 56
    endloop
  endfacet
  facet normal 0 0 -1
    outer loop
      vertex 40.875 1.04827 56
      vertex 45.375 1.08276 56
      vertex 45.375 1.04827 56
    endloop
  endfacet
  facet normal -0 0 -1
    outer loop
      vertex 45.375 1.08276 56
      vertex 40.875 1.04827 56
      vertex 40.875 1.08276 56
    endloop
  endfacet
  facet normal 0 -1 0
    outer loop
      vertex 40.875 1.08276 55.5
      vertex 45.375 1.08276 56
      vertex 40.875 1.08276 56
    endloop
  endfacet
  facet normal 0 -1 -0
    outer loop
      vertex 45.375 1.08276 56
      vertex 40.875 1.08276 55.5
      vertex 45.375 1.08276 55.5
    endloop
  endfacet
  facet normal 0 1 -0
    outer loop
      vertex 45.375 -1.08276 55.5
      vertex 40.875 -1.08276 56
      vertex 45.375 -1.08276 56
    endloop
  endfacet
  facet normal 0 1 0
    outer loop
      vertex 40.875 -1.08276 56
      vertex 45.375 -1.08276 55.5
      vertex 40.875 -1.08276 55.5
    endloop
  endfacet
  facet normal 0 0 -1
    outer loop
      vertex 40.875 -1.04827 56.5
      vertex 45.375 -1.01379 56.5
      vertex 45.375 -1.04827 56.5
    endloop
  endfacet
  facet normal -0 0 -1
    outer loop
      vertex 45.375 -1.01379 56.5
      vertex 40.875 -1.04827 56.5
      vertex 40.875 -1.01379 56.5
    endloop
  endfacet
  facet normal 0 0 -1
    outer loop
      vertex 40.875 1.01379 56.5
      vertex 45.375 1.04827 56.5
      vertex 45.375 1.01379 56.5
    endloop
  endfacet
  facet normal -0 0 -1
    outer loop
      vertex 45.375 1.04827 56.5
      vertex 40.875 1.01379 56.5
      vertex 40.875 1.04827 56.5
    endloop
  endfacet
  facet normal 0 -1 0
    outer loop
      vertex 40.875 1.04827 56
      vertex 45.375 1.04827 56.5
      vertex 40.875 1.04827 56.5
    endloop
  endfacet
  facet normal 0 -1 -0
    outer loop
      vertex 45.375 1.04827 56.5
      vertex 40.875 1.04827 56
      vertex 45.375 1.04827 56
    endloop
  endfacet
  facet normal 0 1 -0
    outer loop
      vertex 45.375 -1.04827 56
      vertex 40.875 -1.04827 56.5
      vertex 45.375 -1.04827 56.5
    endloop
  endfacet
  facet normal 0 1 0
    outer loop
      vertex 40.875 -1.04827 56.5
      vertex 45.375 -1.04827 56
      vertex 40.875 -1.04827 56
    endloop
  endfacet
  facet normal 0 0 -1
    outer loop
      vertex 40.875 -1.01379 57
      vertex 45.375 -0.97931 57
      vertex 45.375 -1.01379 57
    endloop
  endfacet
  facet normal -0 0 -1
    outer loop
      vertex 45.375 -0.97931 57
      vertex 40.875 -1.01379 57
      vertex 40.875 -0.97931 57
    endloop
  endfacet
  facet normal 0 0 -1
    outer loop
      vertex 40.875 0.97931 57
      vertex 45.375 1.01379 57
      vertex 45.375 0.97931 57
    endloop
  endfacet
  facet normal -0 0 -1
    outer loop
      vertex 45.375 1.01379 57
      vertex 40.875 0.97931 57
      vertex 40.875 1.01379 57
    endloop
  endfacet
  facet normal 0 -1 0
    outer loop
      vertex 40.875 1.01379 56.5
      vertex 45.375 1.01379 57
      vertex 40.875 1.01379 57
    endloop
  endfacet
  facet normal 0 -1 -0
    outer loop
      vertex 45.375 1.01379 57
      vertex 40.875 1.01379 56.5
      vertex 45.375 1.01379 56.5
    endloop
  endfacet
  facet normal 0 1 -0
    outer loop
      vertex 45.375 -1.01379 56.5
      vertex 40.875 -1.01379 57
      vertex 45.375 -1.01379 57
    endloop
  endfacet
  facet normal 0 1 0
    outer loop
      vertex 40.875 -1.01379 57
      vertex 45.375 -1.01379 56.5
      vertex 40.875 -1.01379 56.5
    endloop
  endfacet
  facet normal 0 0 -1
    outer loop
      vertex 40.875 0.944827 57.5
      vertex 45.375 0.97931 57.5
      vertex 45.375 0.944827 57.5
    endloop
  endfacet
  facet normal -0 0 -1
    outer loop
      vertex 45.375 0.97931 57.5
      vertex 40.875 0.944827 57.5
      vertex 40.875 0.97931 57.5
    endloop
  endfacet
  facet normal 0 0 -1
    outer loop
      vertex 40.875 -0.97931 57.5
      vertex 45.375 -0.944827 57.5
      vertex 45.375 -0.97931 57.5
    endloop
  endfacet
  facet normal -0 0 -1
    outer loop
      vertex 45.375 -0.944827 57.5
      vertex 40.875 -0.97931 57.5
      vertex 40.875 -0.944827 57.5
    endloop
  endfacet
  facet normal 0 -1 0
    outer loop
      vertex 40.875 0.97931 57
      vertex 45.375 0.97931 57.5
      vertex 40.875 0.97931 57.5
    endloop
  endfacet
  facet normal 0 -1 -0
    outer loop
      vertex 45.375 0.97931 57.5
      vertex 40.875 0.97931 57
      vertex 45.375 0.97931 57
    endloop
  endfacet
  facet normal 0 1 -0
    outer loop
      vertex 45.375 -0.97931 57
      vertex 40.875 -0.97931 57.5
      vertex 45.375 -0.97931 57.5
    endloop
  endfacet
  facet normal 0 1 0
    outer loop
      vertex 40.875 -0.97931 57.5
      vertex 45.375 -0.97931 57
      vertex 40.875 -0.97931 57
    endloop
  endfacet
  facet normal 0 0 -1
    outer loop
      vertex 40.875 0.910344 58
      vertex 45.375 0.944827 58
      vertex 45.375 0.910344 58
    endloop
  endfacet
  facet normal -0 0 -1
    outer loop
      vertex 45.375 0.944827 58
      vertex 40.875 0.910344 58
      vertex 40.875 0.944827 58
    endloop
  endfacet
  facet normal 0 0 -1
    outer loop
      vertex 40.875 -0.944827 58
      vertex 45.375 -0.910344 58
      vertex 45.375 -0.944827 58
    endloop
  endfacet
  facet normal -0 0 -1
    outer loop
      vertex 45.375 -0.910344 58
      vertex 40.875 -0.944827 58
      vertex 40.875 -0.910344 58
    endloop
  endfacet
  facet normal 0 -1 0
    outer loop
      vertex 40.875 0.944827 57.5
      vertex 45.375 0.944827 58
      vertex 40.875 0.944827 58
    endloop
  endfacet
  facet normal 0 -1 -0
    outer loop
      vertex 45.375 0.944827 58
      vertex 40.875 0.944827 57.5
      vertex 45.375 0.944827 57.5
    endloop
  endfacet
  facet normal 0 1 -0
    outer loop
      vertex 45.375 -0.944827 57.5
      vertex 40.875 -0.944827 58
      vertex 45.375 -0.944827 58
    endloop
  endfacet
  facet normal 0 1 0
    outer loop
      vertex 40.875 -0.944827 58
      vertex 45.375 -0.944827 57.5
      vertex 40.875 -0.944827 57.5
    endloop
  endfacet
  facet normal 0 0 -1
    outer loop
      vertex 40.875 0.875861 58.5
      vertex 45.375 0.910344 58.5
      vertex 45.375 0.875861 58.5
    endloop
  endfacet
  facet normal -0 0 -1
    outer loop
      vertex 45.375 0.910344 58.5
      vertex 40.875 0.875861 58.5
      vertex 40.875 0.910344 58.5
    endloop
  endfacet
  facet normal 0 0 -1
    outer loop
      vertex 40.875 -0.910344 58.5
      vertex 45.375 -0.875861 58.5
      vertex 45.375 -0.910344 58.5
    endloop
  endfacet
  facet normal -0 0 -1
    outer loop
      vertex 45.375 -0.875861 58.5
      vertex 40.875 -0.910344 58.5
      vertex 40.875 -0.875861 58.5
    endloop
  endfacet
  facet normal 0 -1 0
    outer loop
      vertex 40.875 0.910344 58
      vertex 45.375 0.910344 58.5
      vertex 40.875 0.910344 58.5
    endloop
  endfacet
  facet normal 0 -1 -0
    outer loop
      vertex 45.375 0.910344 58.5
      vertex 40.875 0.910344 58
      vertex 45.375 0.910344 58
    endloop
  endfacet
  facet normal 0 1 -0
    outer loop
      vertex 45.375 -0.910344 58
      vertex 40.875 -0.910344 58.5
      vertex 45.375 -0.910344 58.5
    endloop
  endfacet
  facet normal 0 1 0
    outer loop
      vertex 40.875 -0.910344 58.5
      vertex 45.375 -0.910344 58
      vertex 40.875 -0.910344 58
    endloop
  endfacet
  facet normal 0 0 -1
    outer loop
      vertex 40.875 0.841379 59
      vertex 45.375 0.875861 59
      vertex 45.375 0.841379 59
    endloop
  endfacet
  facet normal -0 0 -1
    outer loop
      vertex 45.375 0.875861 59
      vertex 40.875 0.841379 59
      vertex 40.875 0.875861 59
    endloop
  endfacet
  facet normal 0 0 -1
    outer loop
      vertex 40.875 -0.875861 59
      vertex 45.375 -0.841379 59
      vertex 45.375 -0.875861 59
    endloop
  endfacet
  facet normal -0 0 -1
    outer loop
      vertex 45.375 -0.841379 59
      vertex 40.875 -0.875861 59
      vertex 40.875 -0.841379 59
    endloop
  endfacet
  facet normal 0 -1 0
    outer loop
      vertex 40.875 0.875861 58.5
      vertex 45.375 0.875861 59
      vertex 40.875 0.875861 59
    endloop
  endfacet
  facet normal 0 -1 -0
    outer loop
      vertex 45.375 0.875861 59
      vertex 40.875 0.875861 58.5
      vertex 45.375 0.875861 58.5
    endloop
  endfacet
  facet normal 0 1 -0
    outer loop
      vertex 45.375 -0.875861 58.5
      vertex 40.875 -0.875861 59
      vertex 45.375 -0.875861 59
    endloop
  endfacet
  facet normal 0 1 0
    outer loop
      vertex 40.875 -0.875861 59
      vertex 45.375 -0.875861 58.5
      vertex 40.875 -0.875861 58.5
    endloop
  endfacet
  facet normal 0 0 -1
    outer loop
      vertex 40.875 -0.841379 59.5
      vertex 45.375 -0.806896 59.5
      vertex 45.375 -0.841379 59.5
    endloop
  endfacet
  facet normal -0 0 -1
    outer loop
      vertex 45.375 -0.806896 59.5
      vertex 40.875 -0.841379 59.5
      vertex 40.875 -0.806896 59.5
    endloop
  endfacet
  facet normal 0 0 -1
    outer loop
      vertex 40.875 0.806896 59.5
      vertex 45.375 0.841379 59.5
      vertex 45.375 0.806896 59.5
    endloop
  endfacet
  facet normal -0 0 -1
    outer loop
      vertex 45.375 0.841379 59.5
      vertex 40.875 0.806896 59.5
      vertex 40.875 0.841379 59.5
    endloop
  endfacet
  facet normal 0 -1 0
    outer loop
      vertex 40.875 0.841379 59
      vertex 45.375 0.841379 59.5
      vertex 40.875 0.841379 59.5
    endloop
  endfacet
  facet normal 0 -1 -0
    outer loop
      vertex 45.375 0.841379 59.5
      vertex 40.875 0.841379 59
      vertex 45.375 0.841379 59
    endloop
  endfacet
  facet normal 0 1 -0
    outer loop
      vertex 45.375 -0.841379 59
      vertex 40.875 -0.841379 59.5
      vertex 45.375 -0.841379 59.5
    endloop
  endfacet
  facet normal 0 1 0
    outer loop
      vertex 40.875 -0.841379 59.5
      vertex 45.375 -0.841379 59
      vertex 40.875 -0.841379 59
    endloop
  endfacet
  facet normal -0 0 1
    outer loop
      vertex 40.875 -0.806896 60
      vertex 45.375 -1.17241 60
      vertex 45.375 -0.806896 60
    endloop
  endfacet
  facet normal 0 0 1
    outer loop
      vertex 45.375 -1.17241 60
      vertex 40.875 -0.806896 60
      vertex 40.875 -1.17241 60
    endloop
  endfacet
  facet normal -0 0 1
    outer loop
      vertex 40.875 1.17241 60
      vertex 45.375 0.806896 60
      vertex 45.375 1.17241 60
    endloop
  endfacet
  facet normal 0 0 1
    outer loop
      vertex 45.375 0.806896 60
      vertex 40.875 1.17241 60
      vertex 40.875 0.806896 60
    endloop
  endfacet
  facet normal 0 -1 0
    outer loop
      vertex 40.875 0.806896 59.5
      vertex 45.375 0.806896 60
      vertex 40.875 0.806896 60
    endloop
  endfacet
  facet normal 0 -1 -0
    outer loop
      vertex 45.375 0.806896 60
      vertex 40.875 0.806896 59.5
      vertex 45.375 0.806896 59.5
    endloop
  endfacet
  facet normal 0 1 -0
    outer loop
      vertex 45.375 -0.806896 59.5
      vertex 40.875 -0.806896 60
      vertex 45.375 -0.806896 60
    endloop
  endfacet
  facet normal 0 1 0
    outer loop
      vertex 40.875 -0.806896 60
      vertex 45.375 -0.806896 59.5
      vertex 40.875 -0.806896 59.5
    endloop
  endfacet
  facet normal 0 0 -1
    outer loop
      vertex 40.875 -1.17241 60.5
      vertex 45.375 -1.13793 60.5
      vertex 45.375 -1.17241 60.5
    endloop
  endfacet
  facet normal -0 0 -1
    outer loop
      vertex 45.375 -1.13793 60.5
      vertex 40.875 -1.17241 60.5
      vertex 40.875 -1.13793 60.5
    endloop
  endfacet
  facet normal 0 0 -1
    outer loop
      vertex 40.875 1.13793 60.5
      vertex 45.375 1.17241 60.5
      vertex 45.375 1.13793 60.5
    endloop
  endfacet
  facet normal -0 0 -1
    outer loop
      vertex 45.375 1.17241 60.5
      vertex 40.875 1.13793 60.5
      vertex 40.875 1.17241 60.5
    endloop
  endfacet
  facet normal 0 -1 0
    outer loop
      vertex 40.875 1.17241 60
      vertex 45.375 1.17241 60.5
      vertex 40.875 1.17241 60.5
    endloop
  endfacet
  facet normal 0 -1 -0
    outer loop
      vertex 45.375 1.17241 60.5
      vertex 40.875 1.17241 60
      vertex 45.375 1.17241 60
    endloop
  endfacet
  facet normal 0 1 -0
    outer loop
      vertex 45.375 -1.17241 60
      vertex 40.875 -1.17241 60.5
      vertex 45.375 -1.17241 60.5
    endloop
  endfacet
  facet normal 0 1 0
    outer loop
      vertex 40.875 -1.17241 60.5
      vertex 45.375 -1.17241 60
      vertex 40.875 -1.17241 60
    endloop
  endfacet
  facet normal 0 0 -1
    outer loop
      vertex 40.875 -1.13793 61
      vertex 45.375 -1.10345 61
      vertex 45.375 -1.13793 61
    endloop
  endfacet
  facet normal -0 0 -1
    outer loop
      vertex 45.375 -1.10345 61
      vertex 40.875 -1.13793 61
      vertex 40.875 -1.10345 61
    endloop
  endfacet
  facet normal 0 0 -1
    outer loop
      vertex 40.875 1.10345 61
      vertex 45.375 1.13793 61
      vertex 45.375 1.10345 61
    endloop
  endfacet
  facet normal -0 0 -1
    outer loop
      vertex 45.375 1.13793 61
      vertex 40.875 1.10345 61
      vertex 40.875 1.13793 61
    endloop
  endfacet
  facet normal 0 -1 0
    outer loop
      vertex 40.875 1.13793 60.5
      vertex 45.375 1.13793 61
      vertex 40.875 1.13793 61
    endloop
  endfacet
  facet normal 0 -1 -0
    outer loop
      vertex 45.375 1.13793 61
      vertex 40.875 1.13793 60.5
      vertex 45.375 1.13793 60.5
    endloop
  endfacet
  facet normal 0 1 -0
    outer loop
      vertex 45.375 -1.13793 60.5
      vertex 40.875 -1.13793 61
      vertex 45.375 -1.13793 61
    endloop
  endfacet
  facet normal 0 1 0
    outer loop
      vertex 40.875 -1.13793 61
      vertex 45.375 -1.13793 60.5
      vertex 40.875 -1.13793 60.5
    endloop
  endfacet
  facet normal 0 0 -1
    outer loop
      vertex 40.875 -1.10345 61.5
      vertex 45.375 -1.06896 61.5
      vertex 45.375 -1.10345 61.5
    endloop
  endfacet
  facet normal -0 0 -1
    outer loop
      vertex 45.375 -1.06896 61.5
      vertex 40.875 -1.10345 61.5
      vertex 40.875 -1.06896 61.5
    endloop
  endfacet
  facet normal 0 0 -1
    outer loop
      vertex 40.875 1.06896 61.5
      vertex 45.375 1.10345 61.5
      vertex 45.375 1.06896 61.5
    endloop
  endfacet
  facet normal -0 0 -1
    outer loop
      vertex 45.375 1.10345 61.5
      vertex 40.875 1.06896 61.5
      vertex 40.875 1.10345 61.5
    endloop
  endfacet
  facet normal 0 -1 0
    outer loop
      vertex 40.875 1.10345 61
      vertex 45.375 1.10345 61.5
      vertex 40.875 1.10345 61.5
    endloop
  endfacet
  facet normal 0 -1 -0
    outer loop
      vertex 45.375 1.10345 61.5
      vertex 40.875 1.10345 61
      vertex 45.375 1.10345 61
    endloop
  endfacet
  facet normal 0 1 -0
    outer loop
      vertex 45.375 -1.10345 61
      vertex 40.875 -1.10345 61.5
      vertex 45.375 -1.10345 61.5
    endloop
  endfacet
  facet normal 0 1 0
    outer loop
      vertex 40.875 -1.10345 61.5
      vertex 45.375 -1.10345 61
      vertex 40.875 -1.10345 61
    endloop
  endfacet
  facet normal 0 0 -1
    outer loop
      vertex 40.875 -1.06896 62
      vertex 45.375 -1.03448 62
      vertex 45.375 -1.06896 62
    endloop
  endfacet
  facet normal -0 0 -1
    outer loop
      vertex 45.375 -1.03448 62
      vertex 40.875 -1.06896 62
      vertex 40.875 -1.03448 62
    endloop
  endfacet
  facet normal 0 0 -1
    outer loop
      vertex 40.875 1.03448 62
      vertex 45.375 1.06896 62
      vertex 45.375 1.03448 62
    endloop
  endfacet
  facet normal -0 0 -1
    outer loop
      vertex 45.375 1.06896 62
      vertex 40.875 1.03448 62
      vertex 40.875 1.06896 62
    endloop
  endfacet
  facet normal 0 -1 0
    outer loop
      vertex 40.875 1.06896 61.5
      vertex 45.375 1.06896 62
      vertex 40.875 1.06896 62
    endloop
  endfacet
  facet normal 0 -1 -0
    outer loop
      vertex 45.375 1.06896 62
      vertex 40.875 1.06896 61.5
      vertex 45.375 1.06896 61.5
    endloop
  endfacet
  facet normal 0 1 -0
    outer loop
      vertex 45.375 -1.06896 61.5
      vertex 40.875 -1.06896 62
      vertex 45.375 -1.06896 62
    endloop
  endfacet
  facet normal 0 1 0
    outer loop
      vertex 40.875 -1.06896 62
      vertex 45.375 -1.06896 61.5
      vertex 40.875 -1.06896 61.5
    endloop
  endfacet
  facet normal 0 0 -1
    outer loop
      vertex 40.875 -1.03448 62.5
      vertex 45.375 -0.999999 62.5
      vertex 45.375 -1.03448 62.5
    endloop
  endfacet
  facet normal -0 0 -1
    outer loop
      vertex 45.375 -0.999999 62.5
      vertex 40.875 -1.03448 62.5
      vertex 40.875 -0.999999 62.5
    endloop
  endfacet
  facet normal 0 0 -1
    outer loop
      vertex 40.875 1 62.5
      vertex 45.375 1.03448 62.5
      vertex 45.375 1 62.5
    endloop
  endfacet
  facet normal -0 0 -1
    outer loop
      vertex 45.375 1.03448 62.5
      vertex 40.875 1 62.5
      vertex 40.875 1.03448 62.5
    endloop
  endfacet
  facet normal 0 -1 0
    outer loop
      vertex 40.875 1.03448 62
      vertex 45.375 1.03448 62.5
      vertex 40.875 1.03448 62.5
    endloop
  endfacet
  facet normal 0 -1 -0
    outer loop
      vertex 45.375 1.03448 62.5
      vertex 40.875 1.03448 62
      vertex 45.375 1.03448 62
    endloop
  endfacet
  facet normal 0 1 -0
    outer loop
      vertex 45.375 -1.03448 62
      vertex 40.875 -1.03448 62.5
      vertex 45.375 -1.03448 62.5
    endloop
  endfacet
  facet normal 0 1 0
    outer loop
      vertex 40.875 -1.03448 62.5
      vertex 45.375 -1.03448 62
      vertex 40.875 -1.03448 62
    endloop
  endfacet
  facet normal 0 0 -1
    outer loop
      vertex 40.875 -0.999999 63
      vertex 45.375 -0.965517 63
      vertex 45.375 -0.999999 63
    endloop
  endfacet
  facet normal -0 0 -1
    outer loop
      vertex 45.375 -0.965517 63
      vertex 40.875 -0.999999 63
      vertex 40.875 -0.965517 63
    endloop
  endfacet
  facet normal 0 0 -1
    outer loop
      vertex 40.875 0.965517 63
      vertex 45.375 1 63
      vertex 45.375 0.965517 63
    endloop
  endfacet
  facet normal -0 0 -1
    outer loop
      vertex 45.375 1 63
      vertex 40.875 0.965517 63
      vertex 40.875 1 63
    endloop
  endfacet
  facet normal 0 -1 0
    outer loop
      vertex 40.875 1 62.5
      vertex 45.375 1 63
      vertex 40.875 1 63
    endloop
  endfacet
  facet normal 0 -1 -0
    outer loop
      vertex 45.375 1 63
      vertex 40.875 1 62.5
      vertex 45.375 1 62.5
    endloop
  endfacet
  facet normal 0 1 -0
    outer loop
      vertex 45.375 -0.999999 62.5
      vertex 40.875 -0.999999 63
      vertex 45.375 -0.999999 63
    endloop
  endfacet
  facet normal 0 1 0
    outer loop
      vertex 40.875 -0.999999 63
      vertex 45.375 -0.999999 62.5
      vertex 40.875 -0.999999 62.5
    endloop
  endfacet
  facet normal 0 0 -1
    outer loop
      vertex 40.875 -0.965517 63.5
      vertex 45.375 -0.931034 63.5
      vertex 45.375 -0.965517 63.5
    endloop
  endfacet
  facet normal -0 0 -1
    outer loop
      vertex 45.375 -0.931034 63.5
      vertex 40.875 -0.965517 63.5
      vertex 40.875 -0.931034 63.5
    endloop
  endfacet
  facet normal 0 0 -1
    outer loop
      vertex 40.875 0.931034 63.5
      vertex 45.375 0.965517 63.5
      vertex 45.375 0.931034 63.5
    endloop
  endfacet
  facet normal -0 0 -1
    outer loop
      vertex 45.375 0.965517 63.5
      vertex 40.875 0.931034 63.5
      vertex 40.875 0.965517 63.5
    endloop
  endfacet
  facet normal 0 -1 0
    outer loop
      vertex 40.875 0.965517 63
      vertex 45.375 0.965517 63.5
      vertex 40.875 0.965517 63.5
    endloop
  endfacet
  facet normal 0 -1 -0
    outer loop
      vertex 45.375 0.965517 63.5
      vertex 40.875 0.965517 63
      vertex 45.375 0.965517 63
    endloop
  endfacet
  facet normal 0 1 -0
    outer loop
      vertex 45.375 -0.965517 63
      vertex 40.875 -0.965517 63.5
      vertex 45.375 -0.965517 63.5
    endloop
  endfacet
  facet normal 0 1 0
    outer loop
      vertex 40.875 -0.965517 63.5
      vertex 45.375 -0.965517 63
      vertex 40.875 -0.965517 63
    endloop
  endfacet
  facet normal 0 0 -1
    outer loop
      vertex 40.875 -0.931034 64
      vertex 45.375 -0.896551 64
      vertex 45.375 -0.931034 64
    endloop
  endfacet
  facet normal -0 0 -1
    outer loop
      vertex 45.375 -0.896551 64
      vertex 40.875 -0.931034 64
      vertex 40.875 -0.896551 64
    endloop
  endfacet
  facet normal 0 0 -1
    outer loop
      vertex 40.875 0.896551 64
      vertex 45.375 0.931034 64
      vertex 45.375 0.896551 64
    endloop
  endfacet
  facet normal -0 0 -1
    outer loop
      vertex 45.375 0.931034 64
      vertex 40.875 0.896551 64
      vertex 40.875 0.931034 64
    endloop
  endfacet
  facet normal 0 -1 0
    outer loop
      vertex 40.875 0.931034 63.5
      vertex 45.375 0.931034 64
      vertex 40.875 0.931034 64
    endloop
  endfacet
  facet normal 0 -1 -0
    outer loop
      vertex 45.375 0.931034 64
      vertex 40.875 0.931034 63.5
      vertex 45.375 0.931034 63.5
    endloop
  endfacet
  facet normal 0 1 -0
    outer loop
      vertex 45.375 -0.931034 63.5
      vertex 40.875 -0.931034 64
      vertex 45.375 -0.931034 64
    endloop
  endfacet
  facet normal 0 1 0
    outer loop
      vertex 40.875 -0.931034 64
      vertex 45.375 -0.931034 63.5
      vertex 40.875 -0.931034 63.5
    endloop
  endfacet
  facet normal 0 0 -1
    outer loop
      vertex 40.875 -0.896551 64.5
      vertex 45.375 -0.862068 64.5
      vertex 45.375 -0.896551 64.5
    endloop
  endfacet
  facet normal -0 0 -1
    outer loop
      vertex 45.375 -0.862068 64.5
      vertex 40.875 -0.896551 64.5
      vertex 40.875 -0.862068 64.5
    endloop
  endfacet
  facet normal 0 0 -1
    outer loop
      vertex 40.875 0.862068 64.5
      vertex 45.375 0.896551 64.5
      vertex 45.375 0.862068 64.5
    endloop
  endfacet
  facet normal -0 0 -1
    outer loop
      vertex 45.375 0.896551 64.5
      vertex 40.875 0.862068 64.5
      vertex 40.875 0.896551 64.5
    endloop
  endfacet
  facet normal 0 -1 0
    outer loop
      vertex 40.875 0.896551 64
      vertex 45.375 0.896551 64.5
      vertex 40.875 0.896551 64.5
    endloop
  endfacet
  facet normal 0 -1 -0
    outer loop
      vertex 45.375 0.896551 64.5
      vertex 40.875 0.896551 64
      vertex 45.375 0.896551 64
    endloop
  endfacet
  facet normal 0 1 -0
    outer loop
      vertex 45.375 -0.896551 64
      vertex 40.875 -0.896551 64.5
      vertex 45.375 -0.896551 64.5
    endloop
  endfacet
  facet normal 0 1 0
    outer loop
      vertex 40.875 -0.896551 64.5
      vertex 45.375 -0.896551 64
      vertex 40.875 -0.896551 64
    endloop
  endfacet
  facet normal 0 0 -1
    outer loop
      vertex 40.875 0.827586 65
      vertex 45.375 0.862068 65
      vertex 45.375 0.827586 65
    endloop
  endfacet
  facet normal -0 0 -1
    outer loop
      vertex 45.375 0.862068 65
      vertex 40.875 0.827586 65
      vertex 40.875 0.862068 65
    endloop
  endfacet
  facet normal 0 0 -1
    outer loop
      vertex 40.875 -0.862068 65
      vertex 45.375 -0.827586 65
      vertex 45.375 -0.862068 65
    endloop
  endfacet
  facet normal -0 0 -1
    outer loop
      vertex 45.375 -0.827586 65
      vertex 40.875 -0.862068 65
      vertex 40.875 -0.827586 65
    endloop
  endfacet
  facet normal 0 -1 0
    outer loop
      vertex 40.875 0.862068 64.5
      vertex 45.375 0.862068 65
      vertex 40.875 0.862068 65
    endloop
  endfacet
  facet normal 0 -1 -0
    outer loop
      vertex 45.375 0.862068 65
      vertex 40.875 0.862068 64.5
      vertex 45.375 0.862068 64.5
    endloop
  endfacet
  facet normal 0 1 -0
    outer loop
      vertex 45.375 -0.862068 64.5
      vertex 40.875 -0.862068 65
      vertex 45.375 -0.862068 65
    endloop
  endfacet
  facet normal 0 1 0
    outer loop
      vertex 40.875 -0.862068 65
      vertex 45.375 -0.862068 64.5
      vertex 40.875 -0.862068 64.5
    endloop
  endfacet
  facet normal -0 0 1
    outer loop
      vertex 40.875 -0.827586 65.5
      vertex 45.375 -1.1931 65.5
      vertex 45.375 -0.827586 65.5
    endloop
  endfacet
  facet normal 0 0 1
    outer loop
      vertex 45.375 -1.1931 65.5
      vertex 40.875 -0.827586 65.5
      vertex 40.875 -1.1931 65.5
    endloop
  endfacet
  facet normal -0 0 1
    outer loop
      vertex 40.875 1.1931 65.5
      vertex 45.375 0.827586 65.5
      vertex 45.375 1.1931 65.5
    endloop
  endfacet
  facet normal 0 0 1
    outer loop
      vertex 45.375 0.827586 65.5
      vertex 40.875 1.1931 65.5
      vertex 40.875 0.827586 65.5
    endloop
  endfacet
  facet normal 0 -1 0
    outer loop
      vertex 40.875 0.827586 65
      vertex 45.375 0.827586 65.5
      vertex 40.875 0.827586 65.5
    endloop
  endfacet
  facet normal 0 -1 -0
    outer loop
      vertex 45.375 0.827586 65.5
      vertex 40.875 0.827586 65
      vertex 45.375 0.827586 65
    endloop
  endfacet
  facet normal 0 1 -0
    outer loop
      vertex 45.375 -0.827586 65
      vertex 40.875 -0.827586 65.5
      vertex 45.375 -0.827586 65.5
    endloop
  endfacet
  facet normal 0 1 0
    outer loop
      vertex 40.875 -0.827586 65.5
      vertex 45.375 -0.827586 65
      vertex 40.875 -0.827586 65
    endloop
  endfacet
  facet normal 0 0 -1
    outer loop
      vertex 40.875 -1.1931 66
      vertex 45.375 -1.15862 66
      vertex 45.375 -1.1931 66
    endloop
  endfacet
  facet normal -0 0 -1
    outer loop
      vertex 45.375 -1.15862 66
      vertex 40.875 -1.1931 66
      vertex 40.875 -1.15862 66
    endloop
  endfacet
  facet normal 0 0 -1
    outer loop
      vertex 40.875 1.15862 66
      vertex 45.375 1.1931 66
      vertex 45.375 1.15862 66
    endloop
  endfacet
  facet normal -0 0 -1
    outer loop
      vertex 45.375 1.1931 66
      vertex 40.875 1.15862 66
      vertex 40.875 1.1931 66
    endloop
  endfacet
  facet normal 0 -1 0
    outer loop
      vertex 40.875 1.1931 65.5
      vertex 45.375 1.1931 66
      vertex 40.875 1.1931 66
    endloop
  endfacet
  facet normal 0 -1 -0
    outer loop
      vertex 45.375 1.1931 66
      vertex 40.875 1.1931 65.5
      vertex 45.375 1.1931 65.5
    endloop
  endfacet
  facet normal 0 1 -0
    outer loop
      vertex 45.375 -1.1931 65.5
      vertex 40.875 -1.1931 66
      vertex 45.375 -1.1931 66
    endloop
  endfacet
  facet normal 0 1 0
    outer loop
      vertex 40.875 -1.1931 66
      vertex 45.375 -1.1931 65.5
      vertex 40.875 -1.1931 65.5
    endloop
  endfacet
  facet normal 0 0 -1
    outer loop
      vertex 40.875 -1.15862 66.5
      vertex 45.375 -1.12414 66.5
      vertex 45.375 -1.15862 66.5
    endloop
  endfacet
  facet normal -0 0 -1
    outer loop
      vertex 45.375 -1.12414 66.5
      vertex 40.875 -1.15862 66.5
      vertex 40.875 -1.12414 66.5
    endloop
  endfacet
  facet normal 0 0 -1
    outer loop
      vertex 40.875 1.12414 66.5
      vertex 45.375 1.15862 66.5
      vertex 45.375 1.12414 66.5
    endloop
  endfacet
  facet normal -0 0 -1
    outer loop
      vertex 45.375 1.15862 66.5
      vertex 40.875 1.12414 66.5
      vertex 40.875 1.15862 66.5
    endloop
  endfacet
  facet normal 0 -1 0
    outer loop
      vertex 40.875 1.15862 66
      vertex 45.375 1.15862 66.5
      vertex 40.875 1.15862 66.5
    endloop
  endfacet
  facet normal 0 -1 -0
    outer loop
      vertex 45.375 1.15862 66.5
      vertex 40.875 1.15862 66
      vertex 45.375 1.15862 66
    endloop
  endfacet
  facet normal 0 1 -0
    outer loop
      vertex 45.375 -1.15862 66
      vertex 40.875 -1.15862 66.5
      vertex 45.375 -1.15862 66.5
    endloop
  endfacet
  facet normal 0 1 0
    outer loop
      vertex 40.875 -1.15862 66.5
      vertex 45.375 -1.15862 66
      vertex 40.875 -1.15862 66
    endloop
  endfacet
  facet normal 0 0 -1
    outer loop
      vertex 40.875 -1.12414 67
      vertex 45.375 -1.08965 67
      vertex 45.375 -1.12414 67
    endloop
  endfacet
  facet normal -0 0 -1
    outer loop
      vertex 45.375 -1.08965 67
      vertex 40.875 -1.12414 67
      vertex 40.875 -1.08965 67
    endloop
  endfacet
  facet normal 0 0 -1
    outer loop
      vertex 40.875 1.08965 67
      vertex 45.375 1.12414 67
      vertex 45.375 1.08965 67
    endloop
  endfacet
  facet normal -0 0 -1
    outer loop
      vertex 45.375 1.12414 67
      vertex 40.875 1.08965 67
      vertex 40.875 1.12414 67
    endloop
  endfacet
  facet normal 0 -1 0
    outer loop
      vertex 40.875 1.12414 66.5
      vertex 45.375 1.12414 67
      vertex 40.875 1.12414 67
    endloop
  endfacet
  facet normal 0 -1 -0
    outer loop
      vertex 45.375 1.12414 67
      vertex 40.875 1.12414 66.5
      vertex 45.375 1.12414 66.5
    endloop
  endfacet
  facet normal 0 1 -0
    outer loop
      vertex 45.375 -1.12414 66.5
      vertex 40.875 -1.12414 67
      vertex 45.375 -1.12414 67
    endloop
  endfacet
  facet normal 0 1 0
    outer loop
      vertex 40.875 -1.12414 67
      vertex 45.375 -1.12414 66.5
      vertex 40.875 -1.12414 66.5
    endloop
  endfacet
  facet normal 0 0 -1
    outer loop
      vertex 40.875 -1.08965 67.5
      vertex 45.375 -1.05517 67.5
      vertex 45.375 -1.08965 67.5
    endloop
  endfacet
  facet normal -0 0 -1
    outer loop
      vertex 45.375 -1.05517 67.5
      vertex 40.875 -1.08965 67.5
      vertex 40.875 -1.05517 67.5
    endloop
  endfacet
  facet normal 0 0 -1
    outer loop
      vertex 40.875 1.05517 67.5
      vertex 45.375 1.08965 67.5
      vertex 45.375 1.05517 67.5
    endloop
  endfacet
  facet normal -0 0 -1
    outer loop
      vertex 45.375 1.08965 67.5
      vertex 40.875 1.05517 67.5
      vertex 40.875 1.08965 67.5
    endloop
  endfacet
  facet normal 0 -1 0
    outer loop
      vertex 40.875 1.08965 67
      vertex 45.375 1.08965 67.5
      vertex 40.875 1.08965 67.5
    endloop
  endfacet
  facet normal 0 -1 -0
    outer loop
      vertex 45.375 1.08965 67.5
      vertex 40.875 1.08965 67
      vertex 45.375 1.08965 67
    endloop
  endfacet
  facet normal 0 1 -0
    outer loop
      vertex 45.375 -1.08965 67
      vertex 40.875 -1.08965 67.5
      vertex 45.375 -1.08965 67.5
    endloop
  endfacet
  facet normal 0 1 0
    outer loop
      vertex 40.875 -1.08965 67.5
      vertex 45.375 -1.08965 67
      vertex 40.875 -1.08965 67
    endloop
  endfacet
  facet normal 0 0 -1
    outer loop
      vertex 40.875 -1.05517 68
      vertex 45.375 -1.02069 68
      vertex 45.375 -1.05517 68
    endloop
  endfacet
  facet normal -0 0 -1
    outer loop
      vertex 45.375 -1.02069 68
      vertex 40.875 -1.05517 68
      vertex 40.875 -1.02069 68
    endloop
  endfacet
  facet normal 0 0 -1
    outer loop
      vertex 40.875 1.02069 68
      vertex 45.375 1.05517 68
      vertex 45.375 1.02069 68
    endloop
  endfacet
  facet normal -0 0 -1
    outer loop
      vertex 45.375 1.05517 68
      vertex 40.875 1.02069 68
      vertex 40.875 1.05517 68
    endloop
  endfacet
  facet normal 0 -1 0
    outer loop
      vertex 40.875 1.05517 67.5
      vertex 45.375 1.05517 68
      vertex 40.875 1.05517 68
    endloop
  endfacet
  facet normal 0 -1 -0
    outer loop
      vertex 45.375 1.05517 68
      vertex 40.875 1.05517 67.5
      vertex 45.375 1.05517 67.5
    endloop
  endfacet
  facet normal 0 1 -0
    outer loop
      vertex 45.375 -1.05517 67.5
      vertex 40.875 -1.05517 68
      vertex 45.375 -1.05517 68
    endloop
  endfacet
  facet normal 0 1 0
    outer loop
      vertex 40.875 -1.05517 68
      vertex 45.375 -1.05517 67.5
      vertex 40.875 -1.05517 67.5
    endloop
  endfacet
  facet normal 0 0 -1
    outer loop
      vertex 40.875 -1.02069 68.5
      vertex 45.375 -0.986206 68.5
      vertex 45.375 -1.02069 68.5
    endloop
  endfacet
  facet normal -0 0 -1
    outer loop
      vertex 45.375 -0.986206 68.5
      vertex 40.875 -1.02069 68.5
      vertex 40.875 -0.986206 68.5
    endloop
  endfacet
  facet normal 0 0 -1
    outer loop
      vertex 40.875 0.986206 68.5
      vertex 45.375 1.02069 68.5
      vertex 45.375 0.986206 68.5
    endloop
  endfacet
  facet normal -0 0 -1
    outer loop
      vertex 45.375 1.02069 68.5
      vertex 40.875 0.986206 68.5
      vertex 40.875 1.02069 68.5
    endloop
  endfacet
  facet normal 0 -1 0
    outer loop
      vertex 40.875 1.02069 68
      vertex 45.375 1.02069 68.5
      vertex 40.875 1.02069 68.5
    endloop
  endfacet
  facet normal 0 -1 -0
    outer loop
      vertex 45.375 1.02069 68.5
      vertex 40.875 1.02069 68
      vertex 45.375 1.02069 68
    endloop
  endfacet
  facet normal 0 1 -0
    outer loop
      vertex 45.375 -1.02069 68
      vertex 40.875 -1.02069 68.5
      vertex 45.375 -1.02069 68.5
    endloop
  endfacet
  facet normal 0 1 0
    outer loop
      vertex 40.875 -1.02069 68.5
      vertex 45.375 -1.02069 68
      vertex 40.875 -1.02069 68
    endloop
  endfacet
  facet normal 0 0 -1
    outer loop
      vertex 40.875 -0.986206 69
      vertex 45.375 -0.951724 69
      vertex 45.375 -0.986206 69
    endloop
  endfacet
  facet normal -0 0 -1
    outer loop
      vertex 45.375 -0.951724 69
      vertex 40.875 -0.986206 69
      vertex 40.875 -0.951724 69
    endloop
  endfacet
  facet normal 0 0 -1
    outer loop
      vertex 40.875 0.951724 69
      vertex 45.375 0.986206 69
      vertex 45.375 0.951724 69
    endloop
  endfacet
  facet normal -0 0 -1
    outer loop
      vertex 45.375 0.986206 69
      vertex 40.875 0.951724 69
      vertex 40.875 0.986206 69
    endloop
  endfacet
  facet normal 0 -1 0
    outer loop
      vertex 40.875 0.986206 68.5
      vertex 45.375 0.986206 69
      vertex 40.875 0.986206 69
    endloop
  endfacet
  facet normal 0 -1 -0
    outer loop
      vertex 45.375 0.986206 69
      vertex 40.875 0.986206 68.5
      vertex 45.375 0.986206 68.5
    endloop
  endfacet
  facet normal 0 1 -0
    outer loop
      vertex 45.375 -0.986206 68.5
      vertex 40.875 -0.986206 69
      vertex 45.375 -0.986206 69
    endloop
  endfacet
  facet normal 0 1 0
    outer loop
      vertex 40.875 -0.986206 69
      vertex 45.375 -0.986206 68.5
      vertex 40.875 -0.986206 68.5
    endloop
  endfacet
  facet normal 0 0 -1
    outer loop
      vertex 40.875 -0.951724 69.5
      vertex 45.375 -0.917241 69.5
      vertex 45.375 -0.951724 69.5
    endloop
  endfacet
  facet normal -0 0 -1
    outer loop
      vertex 45.375 -0.917241 69.5
      vertex 40.875 -0.951724 69.5
      vertex 40.875 -0.917241 69.5
    endloop
  endfacet
  facet normal 0 0 -1
    outer loop
      vertex 40.875 0.917241 69.5
      vertex 45.375 0.951724 69.5
      vertex 45.375 0.917241 69.5
    endloop
  endfacet
  facet normal -0 0 -1
    outer loop
      vertex 45.375 0.951724 69.5
      vertex 40.875 0.917241 69.5
      vertex 40.875 0.951724 69.5
    endloop
  endfacet
  facet normal 0 -1 0
    outer loop
      vertex 40.875 0.951724 69
      vertex 45.375 0.951724 69.5
      vertex 40.875 0.951724 69.5
    endloop
  endfacet
  facet normal 0 -1 -0
    outer loop
      vertex 45.375 0.951724 69.5
      vertex 40.875 0.951724 69
      vertex 45.375 0.951724 69
    endloop
  endfacet
  facet normal 0 1 -0
    outer loop
      vertex 45.375 -0.951724 69
      vertex 40.875 -0.951724 69.5
      vertex 45.375 -0.951724 69.5
    endloop
  endfacet
  facet normal 0 1 0
    outer loop
      vertex 40.875 -0.951724 69.5
      vertex 45.375 -0.951724 69
      vertex 40.875 -0.951724 69
    endloop
  endfacet
  facet normal 0 0 -1
    outer loop
      vertex 40.875 -0.917241 70
      vertex 45.375 -0.882758 70
      vertex 45.375 -0.917241 70
    endloop
  endfacet
  facet normal -0 0 -1
    outer loop
      vertex 45.375 -0.882758 70
      vertex 40.875 -0.917241 70
      vertex 40.875 -0.882758 70
    endloop
  endfacet
  facet normal 0 0 -1
    outer loop
      vertex 40.875 0.882758 70
      vertex 45.375 0.917241 70
      vertex 45.375 0.882758 70
    endloop
  endfacet
  facet normal -0 0 -1
    outer loop
      vertex 45.375 0.917241 70
      vertex 40.875 0.882758 70
      vertex 40.875 0.917241 70
    endloop
  endfacet
  facet normal 0 -1 0
    outer loop
      vertex 40.875 0.917241 69.5
      vertex 45.375 0.917241 70
      vertex 40.875 0.917241 70
    endloop
  endfacet
  facet normal 0 -1 -0
    outer loop
      vertex 45.375 0.917241 70
      vertex 40.875 0.917241 69.5
      vertex 45.375 0.917241 69.5
    endloop
  endfacet
  facet normal 0 1 -0
    outer loop
      vertex 45.375 -0.917241 69.5
      vertex 40.875 -0.917241 70
      vertex 45.375 -0.917241 70
    endloop
  endfacet
  facet normal 0 1 0
    outer loop
      vertex 40.875 -0.917241 70
      vertex 45.375 -0.917241 69.5
      vertex 40.875 -0.917241 69.5
    endloop
  endfacet
  facet normal 0 0 -1
    outer loop
      vertex 40.875 -0.882758 70.5
      vertex 45.375 -0.848275 70.5
      vertex 45.375 -0.882758 70.5
    endloop
  endfacet
  facet normal -0 0 -1
    outer loop
      vertex 45.375 -0.848275 70.5
      vertex 40.875 -0.882758 70.5
      vertex 40.875 -0.848275 70.5
    endloop
  endfacet
  facet normal 0 0 -1
    outer loop
      vertex 40.875 0.848275 70.5
      vertex 45.375 0.882758 70.5
      vertex 45.375 0.848275 70.5
    endloop
  endfacet
  facet normal -0 0 -1
    outer loop
      vertex 45.375 0.882758 70.5
      vertex 40.875 0.848275 70.5
      vertex 40.875 0.882758 70.5
    endloop
  endfacet
  facet normal 0 -1 0
    outer loop
      vertex 40.875 0.882758 70
      vertex 45.375 0.882758 70.5
      vertex 40.875 0.882758 70.5
    endloop
  endfacet
  facet normal 0 -1 -0
    outer loop
      vertex 45.375 0.882758 70.5
      vertex 40.875 0.882758 70
      vertex 45.375 0.882758 70
    endloop
  endfacet
  facet normal 0 1 -0
    outer loop
      vertex 45.375 -0.882758 70
      vertex 40.875 -0.882758 70.5
      vertex 45.375 -0.882758 70.5
    endloop
  endfacet
  facet normal 0 1 0
    outer loop
      vertex 40.875 -0.882758 70.5
      vertex 45.375 -0.882758 70
      vertex 40.875 -0.882758 70
    endloop
  endfacet
  facet normal 0 0 -1
    outer loop
      vertex 40.875 -0.848275 71
      vertex 45.375 -0.813792 71
      vertex 45.375 -0.848275 71
    endloop
  endfacet
  facet normal -0 0 -1
    outer loop
      vertex 45.375 -0.813792 71
      vertex 40.875 -0.848275 71
      vertex 40.875 -0.813792 71
    endloop
  endfacet
  facet normal 0 0 -1
    outer loop
      vertex 40.875 0.813792 71
      vertex 45.375 0.848275 71
      vertex 45.375 0.813792 71
    endloop
  endfacet
  facet normal -0 0 -1
    outer loop
      vertex 45.375 0.848275 71
      vertex 40.875 0.813792 71
      vertex 40.875 0.848275 71
    endloop
  endfacet
  facet normal 0 -1 0
    outer loop
      vertex 40.875 0.848275 70.5
      vertex 45.375 0.848275 71
      vertex 40.875 0.848275 71
    endloop
  endfacet
  facet normal 0 -1 -0
    outer loop
      vertex 45.375 0.848275 71
      vertex 40.875 0.848275 70.5
      vertex 45.375 0.848275 70.5
    endloop
  endfacet
  facet normal 0 1 -0
    outer loop
      vertex 45.375 -0.848275 70.5
      vertex 40.875 -0.848275 71
      vertex 45.375 -0.848275 71
    endloop
  endfacet
  facet normal 0 1 0
    outer loop
      vertex 40.875 -0.848275 71
      vertex 45.375 -0.848275 70.5
      vertex 40.875 -0.848275 70.5
    endloop
  endfacet
  facet normal -0 0 1
    outer loop
      vertex 40.875 -0.813792 71.5
      vertex 45.375 -1.17931 71.5
      vertex 45.375 -0.813792 71.5
    endloop
  endfacet
  facet normal 0 0 1
    outer loop
      vertex 45.375 -1.17931 71.5
      vertex 40.875 -0.813792 71.5
      vertex 40.875 -1.17931 71.5
    endloop
  endfacet
  facet normal -0 0 1
    outer loop
      vertex 40.875 1.17931 71.5
      vertex 45.375 0.813792 71.5
      vertex 45.375 1.17931 71.5
    endloop
  endfacet
  facet normal 0 0 1
    outer loop
      vertex 45.375 0.813792 71.5
      vertex 40.875 1.17931 71.5
      vertex 40.875 0.813792 71.5
    endloop
  endfacet
  facet normal 0 -1 0
    outer loop
      vertex 40.875 0.813792 71
      vertex 45.375 0.813792 71.5
      vertex 40.875 0.813792 71.5
    endloop
  endfacet
  facet normal 0 -1 -0
    outer loop
      vertex 45.375 0.813792 71.5
      vertex 40.875 0.813792 71
      vertex 45.375 0.813792 71
    endloop
  endfacet
  facet normal 0 1 -0
    outer loop
      vertex 45.375 -0.813792 71
      vertex 40.875 -0.813792 71.5
      vertex 45.375 -0.813792 71.5
    endloop
  endfacet
  facet normal 0 1 0
    outer loop
      vertex 40.875 -0.813792 71.5
      vertex 45.375 -0.813792 71
      vertex 40.875 -0.813792 71
    endloop
  endfacet
  facet normal 0 0 -1
    outer loop
      vertex 40.875 -1.17931 72
      vertex 45.375 -1.14483 72
      vertex 45.375 -1.17931 72
    endloop
  endfacet
  facet normal -0 0 -1
    outer loop
      vertex 45.375 -1.14483 72
      vertex 40.875 -1.17931 72
      vertex 40.875 -1.14483 72
    endloop
  endfacet
  facet normal 0 0 -1
    outer loop
      vertex 40.875 1.14483 72
      vertex 45.375 1.17931 72
      vertex 45.375 1.14483 72
    endloop
  endfacet
  facet normal -0 0 -1
    outer loop
      vertex 45.375 1.17931 72
      vertex 40.875 1.14483 72
      vertex 40.875 1.17931 72
    endloop
  endfacet
  facet normal 0 -1 0
    outer loop
      vertex 40.875 1.17931 71.5
      vertex 45.375 1.17931 72
      vertex 40.875 1.17931 72
    endloop
  endfacet
  facet normal 0 -1 -0
    outer loop
      vertex 45.375 1.17931 72
      vertex 40.875 1.17931 71.5
      vertex 45.375 1.17931 71.5
    endloop
  endfacet
  facet normal 0 1 -0
    outer loop
      vertex 45.375 -1.17931 71.5
      vertex 40.875 -1.17931 72
      vertex 45.375 -1.17931 72
    endloop
  endfacet
  facet normal 0 1 0
    outer loop
      vertex 40.875 -1.17931 72
      vertex 45.375 -1.17931 71.5
      vertex 40.875 -1.17931 71.5
    endloop
  endfacet
  facet normal 0 0 -1
    outer loop
      vertex 40.875 -1.14483 72.5
      vertex 45.375 -1.11034 72.5
      vertex 45.375 -1.14483 72.5
    endloop
  endfacet
  facet normal -0 0 -1
    outer loop
      vertex 45.375 -1.11034 72.5
      vertex 40.875 -1.14483 72.5
      vertex 40.875 -1.11034 72.5
    endloop
  endfacet
  facet normal 0 0 -1
    outer loop
      vertex 40.875 1.11034 72.5
      vertex 45.375 1.14483 72.5
      vertex 45.375 1.11034 72.5
    endloop
  endfacet
  facet normal -0 0 -1
    outer loop
      vertex 45.375 1.14483 72.5
      vertex 40.875 1.11034 72.5
      vertex 40.875 1.14483 72.5
    endloop
  endfacet
  facet normal 0 -1 0
    outer loop
      vertex 40.875 1.14483 72
      vertex 45.375 1.14483 72.5
      vertex 40.875 1.14483 72.5
    endloop
  endfacet
  facet normal 0 -1 -0
    outer loop
      vertex 45.375 1.14483 72.5
      vertex 40.875 1.14483 72
      vertex 45.375 1.14483 72
    endloop
  endfacet
  facet normal 0 1 -0
    outer loop
      vertex 45.375 -1.14483 72
      vertex 40.875 -1.14483 72.5
      vertex 45.375 -1.14483 72.5
    endloop
  endfacet
  facet normal 0 1 0
    outer loop
      vertex 40.875 -1.14483 72.5
      vertex 45.375 -1.14483 72
      vertex 40.875 -1.14483 72
    endloop
  endfacet
  facet normal 0 0 -1
    outer loop
      vertex 40.875 -1.11034 73
      vertex 45.375 -1.07586 73
      vertex 45.375 -1.11034 73
    endloop
  endfacet
  facet normal -0 0 -1
    outer loop
      vertex 45.375 -1.07586 73
      vertex 40.875 -1.11034 73
      vertex 40.875 -1.07586 73
    endloop
  endfacet
  facet normal 0 0 -1
    outer loop
      vertex 40.875 1.07586 73
      vertex 45.375 1.11034 73
      vertex 45.375 1.07586 73
    endloop
  endfacet
  facet normal -0 0 -1
    outer loop
      vertex 45.375 1.11034 73
      vertex 40.875 1.07586 73
      vertex 40.875 1.11034 73
    endloop
  endfacet
  facet normal 0 -1 0
    outer loop
      vertex 40.875 1.11034 72.5
      vertex 45.375 1.11034 73
      vertex 40.875 1.11034 73
    endloop
  endfacet
  facet normal 0 -1 -0
    outer loop
      vertex 45.375 1.11034 73
      vertex 40.875 1.11034 72.5
      vertex 45.375 1.11034 72.5
    endloop
  endfacet
  facet normal 0 1 -0
    outer loop
      vertex 45.375 -1.11034 72.5
      vertex 40.875 -1.11034 73
      vertex 45.375 -1.11034 73
    endloop
  endfacet
  facet normal 0 1 0
    outer loop
      vertex 40.875 -1.11034 73
      vertex 45.375 -1.11034 72.5
      vertex 40.875 -1.11034 72.5
    endloop
  endfacet
  facet normal 0 0 -1
    outer loop
      vertex 40.875 -1.07586 73.5
      vertex 45.375 -1.04138 73.5
      vertex 45.375 -1.07586 73.5
    endloop
  endfacet
  facet normal -0 0 -1
    outer loop
      vertex 45.375 -1.04138 73.5
      vertex 40.875 -1.07586 73.5
      vertex 40.875 -1.04138 73.5
    endloop
  endfacet
  facet normal 0 0 -1
    outer loop
      vertex 40.875 1.04138 73.5
      vertex 45.375 1.07586 73.5
      vertex 45.375 1.04138 73.5
    endloop
  endfacet
  facet normal -0 0 -1
    outer loop
      vertex 45.375 1.07586 73.5
      vertex 40.875 1.04138 73.5
      vertex 40.875 1.07586 73.5
    endloop
  endfacet
  facet normal 0 -1 0
    outer loop
      vertex 40.875 1.07586 73
      vertex 45.375 1.07586 73.5
      vertex 40.875 1.07586 73.5
    endloop
  endfacet
  facet normal 0 -1 -0
    outer loop
      vertex 45.375 1.07586 73.5
      vertex 40.875 1.07586 73
      vertex 45.375 1.07586 73
    endloop
  endfacet
  facet normal 0 1 -0
    outer loop
      vertex 45.375 -1.07586 73
      vertex 40.875 -1.07586 73.5
      vertex 45.375 -1.07586 73.5
    endloop
  endfacet
  facet normal 0 1 0
    outer loop
      vertex 40.875 -1.07586 73.5
      vertex 45.375 -1.07586 73
      vertex 40.875 -1.07586 73
    endloop
  endfacet
  facet normal 0 0 -1
    outer loop
      vertex 40.875 -1.04138 74
      vertex 45.375 -1.0069 74
      vertex 45.375 -1.04138 74
    endloop
  endfacet
  facet normal -0 0 -1
    outer loop
      vertex 45.375 -1.0069 74
      vertex 40.875 -1.04138 74
      vertex 40.875 -1.0069 74
    endloop
  endfacet
  facet normal 0 0 -1
    outer loop
      vertex 40.875 1.0069 74
      vertex 45.375 1.04138 74
      vertex 45.375 1.0069 74
    endloop
  endfacet
  facet normal -0 0 -1
    outer loop
      vertex 45.375 1.04138 74
      vertex 40.875 1.0069 74
      vertex 40.875 1.04138 74
    endloop
  endfacet
  facet normal 0 -1 0
    outer loop
      vertex 40.875 1.04138 73.5
      vertex 45.375 1.04138 74
      vertex 40.875 1.04138 74
    endloop
  endfacet
  facet normal 0 -1 -0
    outer loop
      vertex 45.375 1.04138 74
      vertex 40.875 1.04138 73.5
      vertex 45.375 1.04138 73.5
    endloop
  endfacet
  facet normal 0 1 -0
    outer loop
      vertex 45.375 -1.04138 73.5
      vertex 40.875 -1.04138 74
      vertex 45.375 -1.04138 74
    endloop
  endfacet
  facet normal 0 1 0
    outer loop
      vertex 40.875 -1.04138 74
      vertex 45.375 -1.04138 73.5
      vertex 40.875 -1.04138 73.5
    endloop
  endfacet
  facet normal 0 0 -1
    outer loop
      vertex 40.875 -1.0069 74.5
      vertex 45.375 -0.972413 74.5
      vertex 45.375 -1.0069 74.5
    endloop
  endfacet
  facet normal -0 0 -1
    outer loop
      vertex 45.375 -0.972413 74.5
      vertex 40.875 -1.0069 74.5
      vertex 40.875 -0.972413 74.5
    endloop
  endfacet
  facet normal 0 0 -1
    outer loop
      vertex 40.875 0.972413 74.5
      vertex 45.375 1.0069 74.5
      vertex 45.375 0.972413 74.5
    endloop
  endfacet
  facet normal -0 0 -1
    outer loop
      vertex 45.375 1.0069 74.5
      vertex 40.875 0.972413 74.5
      vertex 40.875 1.0069 74.5
    endloop
  endfacet
  facet normal 0 -1 0
    outer loop
      vertex 40.875 1.0069 74
      vertex 45.375 1.0069 74.5
      vertex 40.875 1.0069 74.5
    endloop
  endfacet
  facet normal 0 -1 -0
    outer loop
      vertex 45.375 1.0069 74.5
      vertex 40.875 1.0069 74
      vertex 45.375 1.0069 74
    endloop
  endfacet
  facet normal 0 1 -0
    outer loop
      vertex 45.375 -1.0069 74
      vertex 40.875 -1.0069 74.5
      vertex 45.375 -1.0069 74.5
    endloop
  endfacet
  facet normal 0 1 0
    outer loop
      vertex 40.875 -1.0069 74.5
      vertex 45.375 -1.0069 74
      vertex 40.875 -1.0069 74
    endloop
  endfacet
  facet normal 0 0 -1
    outer loop
      vertex 40.875 -0.972413 75
      vertex 45.375 -0.93793 75
      vertex 45.375 -0.972413 75
    endloop
  endfacet
  facet normal -0 0 -1
    outer loop
      vertex 45.375 -0.93793 75
      vertex 40.875 -0.972413 75
      vertex 40.875 -0.93793 75
    endloop
  endfacet
  facet normal 0 0 -1
    outer loop
      vertex 40.875 0.93793 75
      vertex 45.375 0.972413 75
      vertex 45.375 0.93793 75
    endloop
  endfacet
  facet normal -0 0 -1
    outer loop
      vertex 45.375 0.972413 75
      vertex 40.875 0.93793 75
      vertex 40.875 0.972413 75
    endloop
  endfacet
  facet normal 0 -1 0
    outer loop
      vertex 40.875 0.972413 74.5
      vertex 45.375 0.972413 75
      vertex 40.875 0.972413 75
    endloop
  endfacet
  facet normal 0 -1 -0
    outer loop
      vertex 45.375 0.972413 75
      vertex 40.875 0.972413 74.5
      vertex 45.375 0.972413 74.5
    endloop
  endfacet
  facet normal 0 1 -0
    outer loop
      vertex 45.375 -0.972413 74.5
      vertex 40.875 -0.972413 75
      vertex 45.375 -0.972413 75
    endloop
  endfacet
  facet normal 0 1 0
    outer loop
      vertex 40.875 -0.972413 75
      vertex 45.375 -0.972413 74.5
      vertex 40.875 -0.972413 74.5
    endloop
  endfacet
  facet normal 0 0 -1
    outer loop
      vertex 40.875 -0.93793 75.5
      vertex 45.375 -0.903448 75.5
      vertex 45.375 -0.93793 75.5
    endloop
  endfacet
  facet normal -0 0 -1
    outer loop
      vertex 45.375 -0.903448 75.5
      vertex 40.875 -0.93793 75.5
      vertex 40.875 -0.903448 75.5
    endloop
  endfacet
  facet normal 0 0 -1
    outer loop
      vertex 40.875 0.903448 75.5
      vertex 45.375 0.93793 75.5
      vertex 45.375 0.903448 75.5
    endloop
  endfacet
  facet normal -0 0 -1
    outer loop
      vertex 45.375 0.93793 75.5
      vertex 40.875 0.903448 75.5
      vertex 40.875 0.93793 75.5
    endloop
  endfacet
  facet normal 0 -1 0
    outer loop
      vertex 40.875 0.93793 75
      vertex 45.375 0.93793 75.5
      vertex 40.875 0.93793 75.5
    endloop
  endfacet
  facet normal 0 -1 -0
    outer loop
      vertex 45.375 0.93793 75.5
      vertex 40.875 0.93793 75
      vertex 45.375 0.93793 75
    endloop
  endfacet
  facet normal 0 1 -0
    outer loop
      vertex 45.375 -0.93793 75
      vertex 40.875 -0.93793 75.5
      vertex 45.375 -0.93793 75.5
    endloop
  endfacet
  facet normal 0 1 0
    outer loop
      vertex 40.875 -0.93793 75.5
      vertex 45.375 -0.93793 75
      vertex 40.875 -0.93793 75
    endloop
  endfacet
  facet normal 0 0 -1
    outer loop
      vertex 40.875 -0.903448 76
      vertex 45.375 -0.868965 76
      vertex 45.375 -0.903448 76
    endloop
  endfacet
  facet normal -0 0 -1
    outer loop
      vertex 45.375 -0.868965 76
      vertex 40.875 -0.903448 76
      vertex 40.875 -0.868965 76
    endloop
  endfacet
  facet normal 0 0 -1
    outer loop
      vertex 40.875 0.868965 76
      vertex 45.375 0.903448 76
      vertex 45.375 0.868965 76
    endloop
  endfacet
  facet normal -0 0 -1
    outer loop
      vertex 45.375 0.903448 76
      vertex 40.875 0.868965 76
      vertex 40.875 0.903448 76
    endloop
  endfacet
  facet normal 0 -1 0
    outer loop
      vertex 40.875 0.903448 75.5
      vertex 45.375 0.903448 76
      vertex 40.875 0.903448 76
    endloop
  endfacet
  facet normal 0 -1 -0
    outer loop
      vertex 45.375 0.903448 76
      vertex 40.875 0.903448 75.5
      vertex 45.375 0.903448 75.5
    endloop
  endfacet
  facet normal 0 1 -0
    outer loop
      vertex 45.375 -0.903448 75.5
      vertex 40.875 -0.903448 76
      vertex 45.375 -0.903448 76
    endloop
  endfacet
  facet normal 0 1 0
    outer loop
      vertex 40.875 -0.903448 76
      vertex 45.375 -0.903448 75.5
      vertex 40.875 -0.903448 75.5
    endloop
  endfacet
  facet normal 0 0 -1
    outer loop
      vertex 40.875 -0.868965 76.5
      vertex 45.375 -0.834482 76.5
      vertex 45.375 -0.868965 76.5
    endloop
  endfacet
  facet normal -0 0 -1
    outer loop
      vertex 45.375 -0.834482 76.5
      vertex 40.875 -0.868965 76.5
      vertex 40.875 -0.834482 76.5
    endloop
  endfacet
  facet normal 0 0 -1
    outer loop
      vertex 40.875 0.834482 76.5
      vertex 45.375 0.868965 76.5
      vertex 45.375 0.834482 76.5
    endloop
  endfacet
  facet normal -0 0 -1
    outer loop
      vertex 45.375 0.868965 76.5
      vertex 40.875 0.834482 76.5
      vertex 40.875 0.868965 76.5
    endloop
  endfacet
  facet normal 0 -1 0
    outer loop
      vertex 40.875 0.868965 76
      vertex 45.375 0.868965 76.5
      vertex 40.875 0.868965 76.5
    endloop
  endfacet
  facet normal 0 -1 -0
    outer loop
      vertex 45.375 0.868965 76.5
      vertex 40.875 0.868965 76
      vertex 45.375 0.868965 76
    endloop
  endfacet
  facet normal 0 1 -0
    outer loop
      vertex 45.375 -0.868965 76
      vertex 40.875 -0.868965 76.5
      vertex 45.375 -0.868965 76.5
    endloop
  endfacet
  facet normal 0 1 0
    outer loop
      vertex 40.875 -0.868965 76.5
      vertex 45.375 -0.868965 76
      vertex 40.875 -0.868965 76
    endloop
  endfacet
  facet normal 0 -1 0
    outer loop
      vertex 40.875 0.834482 76.5
      vertex 45.375 0.834482 77
      vertex 40.875 0.834482 77
    endloop
  endfacet
  facet normal 0 -1 -0
    outer loop
      vertex 45.375 0.834482 77
      vertex 40.875 0.834482 76.5
      vertex 45.375 0.834482 76.5
    endloop
  endfacet
  facet normal 0 1 -0
    outer loop
      vertex 45.375 -0.834482 76.5
      vertex 40.875 -0.834482 77
      vertex 45.375 -0.834482 77
    endloop
  endfacet
  facet normal 0 1 0
    outer loop
      vertex 40.875 -0.834482 77
      vertex 45.375 -0.834482 76.5
      vertex 40.875 -0.834482 76.5
    endloop
  endfacet
  facet normal 1 0 0
    outer loop
      vertex 45.375 -0.834482 77
      vertex 45.375 -0.868965 76.5
      vertex 45.375 -0.834482 76.5
    endloop
  endfacet
  facet normal 1 0 0
    outer loop
      vertex 45.375 -0.868965 76.5
      vertex 45.375 -0.903448 76
      vertex 45.375 -0.868965 76
    endloop
  endfacet
  facet normal 1 -0 0
    outer loop
      vertex 45.375 -2.432 77
      vertex 45.375 -0.868965 76.5
      vertex 45.375 -0.834482 77
    endloop
  endfacet
  facet normal 1 0 0
    outer loop
      vertex 45.375 -0.903448 76
      vertex 45.375 -0.93793 75.5
      vertex 45.375 -0.903448 75.5
    endloop
  endfacet
  facet normal 1 0 0
    outer loop
      vertex 45.375 -0.93793 75.5
      vertex 45.375 -0.972413 75
      vertex 45.375 -0.93793 75
    endloop
  endfacet
  facet normal 1 -0 0
    outer loop
      vertex 45.375 -2.432 76
      vertex 45.375 -0.93793 75.5
      vertex 45.375 -0.903448 76
    endloop
  endfacet
  facet normal 1 0 0
    outer loop
      vertex 45.375 -0.972413 75
      vertex 45.375 -1.0069 74.5
      vertex 45.375 -0.972413 74.5
    endloop
  endfacet
  facet normal 1 0 0
    outer loop
      vertex 45.375 -2.57123 75
      vertex 45.375 -0.93793 75.5
      vertex 45.375 -2.432 76
    endloop
  endfacet
  facet normal 1 0 0
    outer loop
      vertex 45.375 -1.0069 74.5
      vertex 45.375 -1.04138 74
      vertex 45.375 -1.0069 74
    endloop
  endfacet
  facet normal 1 0 0
    outer loop
      vertex 45.375 -0.972413 75
      vertex 45.375 -2.57123 75
      vertex 45.375 -1.0069 74.5
    endloop
  endfacet
  facet normal 1 0 0
    outer loop
      vertex 45.375 -1.04138 74
      vertex 45.375 -1.07586 73.5
      vertex 45.375 -1.04138 73.5
    endloop
  endfacet
  facet normal 1 0 0
    outer loop
      vertex 45.375 -0.93793 75.5
      vertex 45.375 -2.57123 75
      vertex 45.375 -0.972413 75
    endloop
  endfacet
  facet normal 1 0 0
    outer loop
      vertex 45.375 -1.07586 73.5
      vertex 45.375 -1.11034 73
      vertex 45.375 -1.07586 73
    endloop
  endfacet
  facet normal 1 0 0
    outer loop
      vertex 45.375 -1.11034 73
      vertex 45.375 -1.14483 72.5
      vertex 45.375 -1.11034 72.5
    endloop
  endfacet
  facet normal 1 0 0
    outer loop
      vertex 45.375 -2.71046 73
      vertex 45.375 -1.11034 73
      vertex 45.375 -1.07586 73.5
    endloop
  endfacet
  facet normal 1 0 0
    outer loop
      vertex 45.375 -1.14483 72.5
      vertex 45.375 -1.17931 72
      vertex 45.375 -1.14483 72
    endloop
  endfacet
  facet normal 1 0 0
    outer loop
      vertex 45.375 -1.11034 73
      vertex 45.375 -2.71046 73
      vertex 45.375 -1.14483 72.5
    endloop
  endfacet
  facet normal 1 -0 0
    outer loop
      vertex 45.375 -2.71046 72
      vertex 45.375 -1.17931 71.5
      vertex 45.375 -1.17931 72
    endloop
  endfacet
  facet normal 1 -0 0
    outer loop
      vertex 45.375 -3.12814 66
      vertex 45.375 -1.1931 65.5
      vertex 45.375 -1.1931 66
    endloop
  endfacet
  facet normal 1 0 0
    outer loop
      vertex 45.375 -4.38119 48
      vertex 45.375 -1.2 48
      vertex 45.375 -1.2 48.5
    endloop
  endfacet
  facet normal 1 0 0
    outer loop
      vertex 45.375 -1.2 48
      vertex 45.375 -5.21656 36
      vertex 45.375 -1.2 19.5
    endloop
  endfacet
  facet normal 1 0 0
    outer loop
      vertex 45.375 -2.71046 72
      vertex 45.375 -1.14483 72.5
      vertex 45.375 -2.71046 73
    endloop
  endfacet
  facet normal 1 0 0
    outer loop
      vertex 45.375 -2.71046 73
      vertex 45.375 -1.07586 73.5
      vertex 45.375 -2.57123 74
    endloop
  endfacet
  facet normal 1 0 0
    outer loop
      vertex 45.375 -1.04138 74
      vertex 45.375 -2.57123 74
      vertex 45.375 -1.07586 73.5
    endloop
  endfacet
  facet normal 1 0 0
    outer loop
      vertex 45.375 -2.57123 74
      vertex 45.375 -1.0069 74.5
      vertex 45.375 -2.57123 75
    endloop
  endfacet
  facet normal 1 0 0
    outer loop
      vertex 45.375 -0.868965 76.5
      vertex 45.375 -2.432 76
      vertex 45.375 -0.903448 76
    endloop
  endfacet
  facet normal 1 0 0
    outer loop
      vertex 45.375 -2.432 76
      vertex 45.375 -0.868965 76.5
      vertex 45.375 -2.432 77
    endloop
  endfacet
  facet normal 1 0 0
    outer loop
      vertex 45.375 -0.813792 71.5
      vertex 45.375 -0.848275 71
      vertex 45.375 -0.813792 71
    endloop
  endfacet
  facet normal 1 0 0
    outer loop
      vertex 45.375 -0.848275 71
      vertex 45.375 -0.882758 70.5
      vertex 45.375 -0.848275 70.5
    endloop
  endfacet
  facet normal 1 -0 0
    outer loop
      vertex 45.375 -1.17931 71.5
      vertex 45.375 -0.848275 71
      vertex 45.375 -0.813792 71.5
    endloop
  endfacet
  facet normal 1 0 0
    outer loop
      vertex 45.375 -0.882758 70.5
      vertex 45.375 -0.917241 70
      vertex 45.375 -0.882758 70
    endloop
  endfacet
  facet normal 1 0 0
    outer loop
      vertex 45.375 -0.848275 71
      vertex 45.375 -1.17931 71.5
      vertex 45.375 -0.882758 70.5
    endloop
  endfacet
  facet normal 1 0 0
    outer loop
      vertex 45.375 -0.917241 70
      vertex 45.375 -0.951724 69.5
      vertex 45.375 -0.917241 69.5
    endloop
  endfacet
  facet normal 1 0 0
    outer loop
      vertex 45.375 -0.882758 70.5
      vertex 45.375 -1.17931 71.5
      vertex 45.375 -0.917241 70
    endloop
  endfacet
  facet normal 1 0 0
    outer loop
      vertex 45.375 -0.951724 69.5
      vertex 45.375 -0.986206 69
      vertex 45.375 -0.951724 69
    endloop
  endfacet
  facet normal 1 0 0
    outer loop
      vertex 45.375 -0.986206 69
      vertex 45.375 -1.02069 68.5
      vertex 45.375 -0.986206 68.5
    endloop
  endfacet
  facet normal 1 0 0
    outer loop
      vertex 45.375 -1.17931 71.5
      vertex 45.375 -0.986206 69
      vertex 45.375 -0.951724 69.5
    endloop
  endfacet
  facet normal 1 0 0
    outer loop
      vertex 45.375 -1.02069 68.5
      vertex 45.375 -1.05517 68
      vertex 45.375 -1.02069 68
    endloop
  endfacet
  facet normal 1 0 0
    outer loop
      vertex 45.375 -0.986206 69
      vertex 45.375 -1.17931 71.5
      vertex 45.375 -1.02069 68.5
    endloop
  endfacet
  facet normal 1 0 0
    outer loop
      vertex 45.375 -1.05517 68
      vertex 45.375 -1.08965 67.5
      vertex 45.375 -1.05517 67.5
    endloop
  endfacet
  facet normal 1 0 0
    outer loop
      vertex 45.375 -1.02069 68.5
      vertex 45.375 -1.17931 71.5
      vertex 45.375 -1.05517 68
    endloop
  endfacet
  facet normal 1 0 0
    outer loop
      vertex 45.375 -1.08965 67.5
      vertex 45.375 -1.12414 67
      vertex 45.375 -1.08965 67
    endloop
  endfacet
  facet normal 1 0 0
    outer loop
      vertex 45.375 -1.05517 68
      vertex 45.375 -1.17931 71.5
      vertex 45.375 -1.08965 67.5
    endloop
  endfacet
  facet normal 1 0 0
    outer loop
      vertex 45.375 -1.12414 67
      vertex 45.375 -1.15862 66.5
      vertex 45.375 -1.12414 66.5
    endloop
  endfacet
  facet normal 1 0 0
    outer loop
      vertex 45.375 -0.917241 70
      vertex 45.375 -1.17931 71.5
      vertex 45.375 -0.951724 69.5
    endloop
  endfacet
  facet normal 1 0 0
    outer loop
      vertex 45.375 -1.08965 67.5
      vertex 45.375 -1.17931 71.5
      vertex 45.375 -1.12414 67
    endloop
  endfacet
  facet normal 1 0 0
    outer loop
      vertex 45.375 -1.17931 71.5
      vertex 45.375 -1.15862 66.5
      vertex 45.375 -1.12414 67
    endloop
  endfacet
  facet normal 1 0 0
    outer loop
      vertex 45.375 -1.1931 66
      vertex 45.375 -1.15862 66.5
      vertex 45.375 -1.17931 71.5
    endloop
  endfacet
  facet normal 1 0 0
    outer loop
      vertex 45.375 -1.15862 66.5
      vertex 45.375 -1.1931 66
      vertex 45.375 -1.15862 66
    endloop
  endfacet
  facet normal 1 0 0
    outer loop
      vertex 45.375 -0.834482 48
      vertex 45.375 -0.868965 47.5
      vertex 45.375 -0.834482 47.5
    endloop
  endfacet
  facet normal 1 0 0
    outer loop
      vertex 45.375 -0.868965 47.5
      vertex 45.375 -0.903448 47
      vertex 45.375 -0.868965 47
    endloop
  endfacet
  facet normal 1 -0 0
    outer loop
      vertex 45.375 -1.2 48
      vertex 45.375 -0.868965 47.5
      vertex 45.375 -0.834482 48
    endloop
  endfacet
  facet normal 1 0 0
    outer loop
      vertex 45.375 -0.903448 47
      vertex 45.375 -0.93793 46.5
      vertex 45.375 -0.903448 46.5
    endloop
  endfacet
  facet normal 1 0 0
    outer loop
      vertex 45.375 -0.93793 46.5
      vertex 45.375 -0.972413 46
      vertex 45.375 -0.93793 46
    endloop
  endfacet
  facet normal 1 0 0
    outer loop
      vertex 45.375 -1.2 48
      vertex 45.375 -0.93793 46.5
      vertex 45.375 -0.903448 47
    endloop
  endfacet
  facet normal 1 0 0
    outer loop
      vertex 45.375 -0.972413 46
      vertex 45.375 -1.0069 45.5
      vertex 45.375 -0.972413 45.5
    endloop
  endfacet
  facet normal 1 0 0
    outer loop
      vertex 45.375 -0.93793 46.5
      vertex 45.375 -1.2 48
      vertex 45.375 -0.972413 46
    endloop
  endfacet
  facet normal 1 0 0
    outer loop
      vertex 45.375 -1.0069 45.5
      vertex 45.375 -1.04138 45
      vertex 45.375 -1.0069 45
    endloop
  endfacet
  facet normal 1 0 0
    outer loop
      vertex 45.375 -0.972413 46
      vertex 45.375 -1.2 48
      vertex 45.375 -1.0069 45.5
    endloop
  endfacet
  facet normal 1 0 0
    outer loop
      vertex 45.375 -1.04138 45
      vertex 45.375 -1.07586 44.5
      vertex 45.375 -1.04138 44.5
    endloop
  endfacet
  facet normal 1 0 0
    outer loop
      vertex 45.375 -1.0069 45.5
      vertex 45.375 -1.2 48
      vertex 45.375 -1.04138 45
    endloop
  endfacet
  facet normal 1 0 0
    outer loop
      vertex 45.375 -1.07586 44.5
      vertex 45.375 -1.11034 44
      vertex 45.375 -1.07586 44
    endloop
  endfacet
  facet normal 1 0 0
    outer loop
      vertex 45.375 -1.11034 44
      vertex 45.375 -1.14483 43.5
      vertex 45.375 -1.11034 43.5
    endloop
  endfacet
  facet normal 1 0 0
    outer loop
      vertex 45.375 -1.2 48
      vertex 45.375 -1.11034 44
      vertex 45.375 -1.07586 44.5
    endloop
  endfacet
  facet normal 1 0 0
    outer loop
      vertex 45.375 -1.14483 43.5
      vertex 45.375 -1.17931 43
      vertex 45.375 -1.14483 43
    endloop
  endfacet
  facet normal 1 0 0
    outer loop
      vertex 45.375 -1.11034 44
      vertex 45.375 -1.2 48
      vertex 45.375 -1.14483 43.5
    endloop
  endfacet
  facet normal 1 0 0
    outer loop
      vertex 45.375 -1.17931 43
      vertex 45.375 -1.1931 37
      vertex 45.375 -1.17931 42.5
    endloop
  endfacet
  facet normal 1 0 0
    outer loop
      vertex 45.375 -1.1931 37
      vertex 45.375 -1.2 48
      vertex 45.375 -1.1931 36.5
    endloop
  endfacet
  facet normal 1 0 0
    outer loop
      vertex 45.375 -1.17931 43
      vertex 45.375 -1.2 48
      vertex 45.375 -1.1931 37
    endloop
  endfacet
  facet normal 1 0 0
    outer loop
      vertex 45.375 -1.14483 43.5
      vertex 45.375 -1.2 48
      vertex 45.375 -1.17931 43
    endloop
  endfacet
  facet normal 1 0 0
    outer loop
      vertex 45.375 -1.04138 45
      vertex 45.375 -1.2 48
      vertex 45.375 -1.07586 44.5
    endloop
  endfacet
  facet normal 1 0 0
    outer loop
      vertex 45.375 -0.868965 47.5
      vertex 45.375 -1.2 48
      vertex 45.375 -0.903448 47
    endloop
  endfacet
  facet normal 1 0 0
    outer loop
      vertex 45.375 -0.813792 42.5
      vertex 45.375 -0.848275 42
      vertex 45.375 -0.813792 42
    endloop
  endfacet
  facet normal 1 0 0
    outer loop
      vertex 45.375 -0.848275 42
      vertex 45.375 -0.882758 41.5
      vertex 45.375 -0.848275 41.5
    endloop
  endfacet
  facet normal 1 -0 0
    outer loop
      vertex 45.375 -1.17931 42.5
      vertex 45.375 -0.848275 42
      vertex 45.375 -0.813792 42.5
    endloop
  endfacet
  facet normal 1 0 0
    outer loop
      vertex 45.375 -0.882758 41.5
      vertex 45.375 -0.917241 41
      vertex 45.375 -0.882758 41
    endloop
  endfacet
  facet normal 1 0 0
    outer loop
      vertex 45.375 -0.848275 42
      vertex 45.375 -1.17931 42.5
      vertex 45.375 -0.882758 41.5
    endloop
  endfacet
  facet normal 1 0 0
    outer loop
      vertex 45.375 -0.917241 41
      vertex 45.375 -0.951724 40.5
      vertex 45.375 -0.917241 40.5
    endloop
  endfacet
  facet normal 1 0 0
    outer loop
      vertex 45.375 -0.882758 41.5
      vertex 45.375 -1.17931 42.5
      vertex 45.375 -0.917241 41
    endloop
  endfacet
  facet normal 1 0 0
    outer loop
      vertex 45.375 -0.951724 40.5
      vertex 45.375 -0.986206 40
      vertex 45.375 -0.951724 40
    endloop
  endfacet
  facet normal 1 0 0
    outer loop
      vertex 45.375 -0.986206 40
      vertex 45.375 -1.02069 39.5
      vertex 45.375 -0.986206 39.5
    endloop
  endfacet
  facet normal 1 0 0
    outer loop
      vertex 45.375 -1.17931 42.5
      vertex 45.375 -0.986206 40
      vertex 45.375 -0.951724 40.5
    endloop
  endfacet
  facet normal 1 0 0
    outer loop
      vertex 45.375 -1.02069 39.5
      vertex 45.375 -1.05517 39
      vertex 45.375 -1.02069 39
    endloop
  endfacet
  facet normal 1 0 0
    outer loop
      vertex 45.375 -0.986206 40
      vertex 45.375 -1.17931 42.5
      vertex 45.375 -1.02069 39.5
    endloop
  endfacet
  facet normal 1 0 0
    outer loop
      vertex 45.375 -1.05517 39
      vertex 45.375 -1.08965 38.5
      vertex 45.375 -1.05517 38.5
    endloop
  endfacet
  facet normal 1 0 0
    outer loop
      vertex 45.375 -1.02069 39.5
      vertex 45.375 -1.17931 42.5
      vertex 45.375 -1.05517 39
    endloop
  endfacet
  facet normal 1 0 0
    outer loop
      vertex 45.375 -1.08965 38.5
      vertex 45.375 -1.12414 38
      vertex 45.375 -1.08965 38
    endloop
  endfacet
  facet normal 1 0 0
    outer loop
      vertex 45.375 -1.05517 39
      vertex 45.375 -1.17931 42.5
      vertex 45.375 -1.08965 38.5
    endloop
  endfacet
  facet normal 1 0 0
    outer loop
      vertex 45.375 -1.12414 38
      vertex 45.375 -1.15862 37.5
      vertex 45.375 -1.12414 37.5
    endloop
  endfacet
  facet normal 1 0 0
    outer loop
      vertex 45.375 -0.917241 41
      vertex 45.375 -1.17931 42.5
      vertex 45.375 -0.951724 40.5
    endloop
  endfacet
  facet normal 1 0 0
    outer loop
      vertex 45.375 -1.08965 38.5
      vertex 45.375 -1.17931 42.5
      vertex 45.375 -1.12414 38
    endloop
  endfacet
  facet normal 1 0 0
    outer loop
      vertex 45.375 -1.17931 42.5
      vertex 45.375 -1.15862 37.5
      vertex 45.375 -1.12414 38
    endloop
  endfacet
  facet normal 1 0 0
    outer loop
      vertex 45.375 -1.1931 37
      vertex 45.375 -1.15862 37.5
      vertex 45.375 -1.17931 42.5
    endloop
  endfacet
  facet normal 1 0 0
    outer loop
      vertex 45.375 -1.15862 37.5
      vertex 45.375 -1.1931 37
      vertex 45.375 -1.15862 37
    endloop
  endfacet
  facet normal 1 0 0
    outer loop
      vertex 45.375 -0.827586 36.5
      vertex 45.375 -0.862068 36
      vertex 45.375 -0.827586 36
    endloop
  endfacet
  facet normal 1 0 0
    outer loop
      vertex 45.375 -0.862068 36
      vertex 45.375 -0.896551 35.5
      vertex 45.375 -0.862068 35.5
    endloop
  endfacet
  facet normal 1 -0 0
    outer loop
      vertex 45.375 -1.1931 36.5
      vertex 45.375 -0.862068 36
      vertex 45.375 -0.827586 36.5
    endloop
  endfacet
  facet normal 1 0 0
    outer loop
      vertex 45.375 -0.896551 35.5
      vertex 45.375 -0.931034 35
      vertex 45.375 -0.896551 35
    endloop
  endfacet
  facet normal 1 0 0
    outer loop
      vertex 45.375 -0.862068 36
      vertex 45.375 -1.1931 36.5
      vertex 45.375 -0.896551 35.5
    endloop
  endfacet
  facet normal 1 0 0
    outer loop
      vertex 45.375 -0.931034 35
      vertex 45.375 -0.965517 34.5
      vertex 45.375 -0.931034 34.5
    endloop
  endfacet
  facet normal 1 0 0
    outer loop
      vertex 45.375 -0.896551 35.5
      vertex 45.375 -1.1931 36.5
      vertex 45.375 -0.931034 35
    endloop
  endfacet
  facet normal 1 0 0
    outer loop
      vertex 45.375 -0.965517 34.5
      vertex 45.375 -1 34
      vertex 45.375 -0.965517 34
    endloop
  endfacet
  facet normal 1 0 0
    outer loop
      vertex 45.375 -0.931034 35
      vertex 45.375 -1.1931 36.5
      vertex 45.375 -0.965517 34.5
    endloop
  endfacet
  facet normal 1 0 0
    outer loop
      vertex 45.375 -1 34
      vertex 45.375 -1.03448 33.5
      vertex 45.375 -1 33.5
    endloop
  endfacet
  facet normal 1 0 0
    outer loop
      vertex 45.375 -1.03448 33.5
      vertex 45.375 -1.06896 33
      vertex 45.375 -1.03448 33
    endloop
  endfacet
  facet normal 1 0 0
    outer loop
      vertex 45.375 -1.1931 36.5
      vertex 45.375 -1.03448 33.5
      vertex 45.375 -1 34
    endloop
  endfacet
  facet normal 1 0 0
    outer loop
      vertex 45.375 -1.06896 33
      vertex 45.375 -1.10345 32.5
      vertex 45.375 -1.06896 32.5
    endloop
  endfacet
  facet normal 1 0 0
    outer loop
      vertex 45.375 -1.03448 33.5
      vertex 45.375 -1.1931 36.5
      vertex 45.375 -1.06896 33
    endloop
  endfacet
  facet normal 1 0 0
    outer loop
      vertex 45.375 -1.10345 32.5
      vertex 45.375 -1.13793 32
      vertex 45.375 -1.10345 32
    endloop
  endfacet
  facet normal 1 0 0
    outer loop
      vertex 45.375 -1.06896 33
      vertex 45.375 -1.1931 36.5
      vertex 45.375 -1.10345 32.5
    endloop
  endfacet
  facet normal 1 0 0
    outer loop
      vertex 45.375 -1.13793 32
      vertex 45.375 -1.17241 31.5
      vertex 45.375 -1.13793 31.5
    endloop
  endfacet
  facet normal 1 0 0
    outer loop
      vertex 45.375 -1.17241 31.5
      vertex 45.375 -1.18621 25.5
      vertex 45.375 -1.17241 31
    endloop
  endfacet
  facet normal 1 0 0
    outer loop
      vertex 45.375 -1.18621 25.5
      vertex 45.375 -1.1931 36.5
      vertex 45.375 -1.18621 25
    endloop
  endfacet
  facet normal 1 0 0
    outer loop
      vertex 45.375 -1.17241 31.5
      vertex 45.375 -1.1931 36.5
      vertex 45.375 -1.18621 25.5
    endloop
  endfacet
  facet normal 1 0 0
    outer loop
      vertex 45.375 -1.13793 32
      vertex 45.375 -1.1931 36.5
      vertex 45.375 -1.17241 31.5
    endloop
  endfacet
  facet normal 1 0 0
    outer loop
      vertex 45.375 -1.10345 32.5
      vertex 45.375 -1.1931 36.5
      vertex 45.375 -1.13793 32
    endloop
  endfacet
  facet normal 1 0 0
    outer loop
      vertex 45.375 -0.965517 34.5
      vertex 45.375 -1.1931 36.5
      vertex 45.375 -1 34
    endloop
  endfacet
  facet normal 1 0 0
    outer loop
      vertex 45.375 -0.806896 31
      vertex 45.375 -0.841379 30.5
      vertex 45.375 -0.806896 30.5
    endloop
  endfacet
  facet normal 1 0 0
    outer loop
      vertex 45.375 -0.841379 30.5
      vertex 45.375 -0.875861 30
      vertex 45.375 -0.841379 30
    endloop
  endfacet
  facet normal 1 0 0
    outer loop
      vertex 45.375 -0.875861 30
      vertex 45.375 -0.910344 29.5
      vertex 45.375 -0.875861 29.5
    endloop
  endfacet
  facet normal 1 0 0
    outer loop
      vertex 45.375 -1.17241 31
      vertex 45.375 -0.875861 30
      vertex 45.375 -0.841379 30.5
    endloop
  endfacet
  facet normal 1 0 0
    outer loop
      vertex 45.375 -0.910344 29.5
      vertex 45.375 -0.944827 29
      vertex 45.375 -0.910344 29
    endloop
  endfacet
  facet normal 1 0 0
    outer loop
      vertex 45.375 -0.875861 30
      vertex 45.375 -1.17241 31
      vertex 45.375 -0.910344 29.5
    endloop
  endfacet
  facet normal 1 0 0
    outer loop
      vertex 45.375 -0.944827 29
      vertex 45.375 -0.97931 28.5
      vertex 45.375 -0.944827 28.5
    endloop
  endfacet
  facet normal 1 0 0
    outer loop
      vertex 45.375 -0.910344 29.5
      vertex 45.375 -1.17241 31
      vertex 45.375 -0.944827 29
    endloop
  endfacet
  facet normal 1 0 0
    outer loop
      vertex 45.375 -0.97931 28.5
      vertex 45.375 -1.01379 28
      vertex 45.375 -0.97931 28
    endloop
  endfacet
  facet normal 1 0 0
    outer loop
      vertex 45.375 -0.944827 29
      vertex 45.375 -1.17241 31
      vertex 45.375 -0.97931 28.5
    endloop
  endfacet
  facet normal 1 0 0
    outer loop
      vertex 45.375 -1.01379 28
      vertex 45.375 -1.04827 27.5
      vertex 45.375 -1.01379 27.5
    endloop
  endfacet
  facet normal 1 0 0
    outer loop
      vertex 45.375 -1.04827 27.5
      vertex 45.375 -1.08276 27
      vertex 45.375 -1.04827 27
    endloop
  endfacet
  facet normal 1 0 0
    outer loop
      vertex 45.375 -1.17241 31
      vertex 45.375 -1.04827 27.5
      vertex 45.375 -1.01379 28
    endloop
  endfacet
  facet normal 1 0 0
    outer loop
      vertex 45.375 -1.08276 27
      vertex 45.375 -1.11724 26.5
      vertex 45.375 -1.08276 26.5
    endloop
  endfacet
  facet normal 1 0 0
    outer loop
      vertex 45.375 -1.04827 27.5
      vertex 45.375 -1.17241 31
      vertex 45.375 -1.08276 27
    endloop
  endfacet
  facet normal 1 0 0
    outer loop
      vertex 45.375 -1.11724 26.5
      vertex 45.375 -1.15172 26
      vertex 45.375 -1.11724 26
    endloop
  endfacet
  facet normal 1 0 0
    outer loop
      vertex 45.375 -1.08276 27
      vertex 45.375 -1.17241 31
      vertex 45.375 -1.11724 26.5
    endloop
  endfacet
  facet normal 1 -0 0
    outer loop
      vertex 45.375 -1.17241 31
      vertex 45.375 -0.841379 30.5
      vertex 45.375 -0.806896 31
    endloop
  endfacet
  facet normal 1 0 0
    outer loop
      vertex 45.375 -0.97931 28.5
      vertex 45.375 -1.17241 31
      vertex 45.375 -1.01379 28
    endloop
  endfacet
  facet normal 1 0 0
    outer loop
      vertex 45.375 -1.11724 26.5
      vertex 45.375 -1.17241 31
      vertex 45.375 -1.15172 26
    endloop
  endfacet
  facet normal 1 0 0
    outer loop
      vertex 45.375 -1.18621 25.5
      vertex 45.375 -1.15172 26
      vertex 45.375 -1.17241 31
    endloop
  endfacet
  facet normal 1 0 0
    outer loop
      vertex 45.375 -1.15172 26
      vertex 45.375 -1.18621 25.5
      vertex 45.375 -1.15172 25.5
    endloop
  endfacet
  facet normal 1 0 0
    outer loop
      vertex 45.375 -0.827586 65.5
      vertex 45.375 -0.862068 65
      vertex 45.375 -0.827586 65
    endloop
  endfacet
  facet normal 1 0 0
    outer loop
      vertex 45.375 -0.862068 65
      vertex 45.375 -0.896551 64.5
      vertex 45.375 -0.862068 64.5
    endloop
  endfacet
  facet normal 1 -0 0
    outer loop
      vertex 45.375 -1.1931 65.5
      vertex 45.375 -0.862068 65
      vertex 45.375 -0.827586 65.5
    endloop
  endfacet
  facet normal 1 0 0
    outer loop
      vertex 45.375 -0.896551 64.5
      vertex 45.375 -0.931034 64
      vertex 45.375 -0.896551 64
    endloop
  endfacet
  facet normal 1 0 0
    outer loop
      vertex 45.375 -0.862068 65
      vertex 45.375 -1.1931 65.5
      vertex 45.375 -0.896551 64.5
    endloop
  endfacet
  facet normal 1 0 0
    outer loop
      vertex 45.375 -0.931034 64
      vertex 45.375 -0.965517 63.5
      vertex 45.375 -0.931034 63.5
    endloop
  endfacet
  facet normal 1 0 0
    outer loop
      vertex 45.375 -0.896551 64.5
      vertex 45.375 -1.1931 65.5
      vertex 45.375 -0.931034 64
    endloop
  endfacet
  facet normal 1 0 0
    outer loop
      vertex 45.375 -0.965517 63.5
      vertex 45.375 -0.999999 63
      vertex 45.375 -0.965517 63
    endloop
  endfacet
  facet normal 1 0 0
    outer loop
      vertex 45.375 -0.999999 63
      vertex 45.375 -1.03448 62.5
      vertex 45.375 -0.999999 62.5
    endloop
  endfacet
  facet normal 1 0 0
    outer loop
      vertex 45.375 -1.1931 65.5
      vertex 45.375 -0.999999 63
      vertex 45.375 -0.965517 63.5
    endloop
  endfacet
  facet normal 1 0 0
    outer loop
      vertex 45.375 -1.03448 62.5
      vertex 45.375 -1.06896 62
      vertex 45.375 -1.03448 62
    endloop
  endfacet
  facet normal 1 0 0
    outer loop
      vertex 45.375 -0.999999 63
      vertex 45.375 -1.1931 65.5
      vertex 45.375 -1.03448 62.5
    endloop
  endfacet
  facet normal 1 0 0
    outer loop
      vertex 45.375 -1.06896 62
      vertex 45.375 -1.10345 61.5
      vertex 45.375 -1.06896 61.5
    endloop
  endfacet
  facet normal 1 0 0
    outer loop
      vertex 45.375 -1.03448 62.5
      vertex 45.375 -1.1931 65.5
      vertex 45.375 -1.06896 62
    endloop
  endfacet
  facet normal 1 0 0
    outer loop
      vertex 45.375 -0.931034 64
      vertex 45.375 -1.1931 65.5
      vertex 45.375 -0.965517 63.5
    endloop
  endfacet
  facet normal 1 0 0
    outer loop
      vertex 45.375 -1.10345 61.5
      vertex 45.375 -1.13793 61
      vertex 45.375 -1.10345 61
    endloop
  endfacet
  facet normal 1 0 0
    outer loop
      vertex 45.375 -1.06896 62
      vertex 45.375 -1.1931 65.5
      vertex 45.375 -1.10345 61.5
    endloop
  endfacet
  facet normal 1 0 0
    outer loop
      vertex 45.375 -1.13793 61
      vertex 45.375 -1.17241 60.5
      vertex 45.375 -1.13793 60.5
    endloop
  endfacet
  facet normal 1 0 0
    outer loop
      vertex 45.375 -1.17241 60.5
      vertex 45.375 -1.18621 54.5
      vertex 45.375 -1.17241 60
    endloop
  endfacet
  facet normal 1 0 0
    outer loop
      vertex 45.375 -1.18621 54.5
      vertex 45.375 -1.1931 65.5
      vertex 45.375 -1.18621 54
    endloop
  endfacet
  facet normal 1 0 0
    outer loop
      vertex 45.375 -1.17241 60.5
      vertex 45.375 -1.1931 65.5
      vertex 45.375 -1.18621 54.5
    endloop
  endfacet
  facet normal 1 0 0
    outer loop
      vertex 45.375 -1.13793 61
      vertex 45.375 -1.1931 65.5
      vertex 45.375 -1.17241 60.5
    endloop
  endfacet
  facet normal 1 0 0
    outer loop
      vertex 45.375 -1.10345 61.5
      vertex 45.375 -1.1931 65.5
      vertex 45.375 -1.13793 61
    endloop
  endfacet
  facet normal 1 0 0
    outer loop
      vertex 45.375 -0.806896 60
      vertex 45.375 -0.841379 59.5
      vertex 45.375 -0.806896 59.5
    endloop
  endfacet
  facet normal 1 0 0
    outer loop
      vertex 45.375 -0.841379 59.5
      vertex 45.375 -0.875861 59
      vertex 45.375 -0.841379 59
    endloop
  endfacet
  facet normal 1 0 0
    outer loop
      vertex 45.375 -0.875861 59
      vertex 45.375 -0.910344 58.5
      vertex 45.375 -0.875861 58.5
    endloop
  endfacet
  facet normal 1 0 0
    outer loop
      vertex 45.375 -1.17241 60
      vertex 45.375 -0.875861 59
      vertex 45.375 -0.841379 59.5
    endloop
  endfacet
  facet normal 1 0 0
    outer loop
      vertex 45.375 -0.910344 58.5
      vertex 45.375 -0.944827 58
      vertex 45.375 -0.910344 58
    endloop
  endfacet
  facet normal 1 0 0
    outer loop
      vertex 45.375 -0.875861 59
      vertex 45.375 -1.17241 60
      vertex 45.375 -0.910344 58.5
    endloop
  endfacet
  facet normal 1 0 0
    outer loop
      vertex 45.375 -0.944827 58
      vertex 45.375 -0.97931 57.5
      vertex 45.375 -0.944827 57.5
    endloop
  endfacet
  facet normal 1 0 0
    outer loop
      vertex 45.375 -0.910344 58.5
      vertex 45.375 -1.17241 60
      vertex 45.375 -0.944827 58
    endloop
  endfacet
  facet normal 1 0 0
    outer loop
      vertex 45.375 -0.97931 57.5
      vertex 45.375 -1.01379 57
      vertex 45.375 -0.97931 57
    endloop
  endfacet
  facet normal 1 0 0
    outer loop
      vertex 45.375 -0.944827 58
      vertex 45.375 -1.17241 60
      vertex 45.375 -0.97931 57.5
    endloop
  endfacet
  facet normal 1 0 0
    outer loop
      vertex 45.375 -1.01379 57
      vertex 45.375 -1.04827 56.5
      vertex 45.375 -1.01379 56.5
    endloop
  endfacet
  facet normal 1 0 0
    outer loop
      vertex 45.375 -1.04827 56.5
      vertex 45.375 -1.08276 56
      vertex 45.375 -1.04827 56
    endloop
  endfacet
  facet normal 1 0 0
    outer loop
      vertex 45.375 -1.17241 60
      vertex 45.375 -1.04827 56.5
      vertex 45.375 -1.01379 57
    endloop
  endfacet
  facet normal 1 0 0
    outer loop
      vertex 45.375 -1.08276 56
      vertex 45.375 -1.11724 55.5
      vertex 45.375 -1.08276 55.5
    endloop
  endfacet
  facet normal 1 0 0
    outer loop
      vertex 45.375 -1.04827 56.5
      vertex 45.375 -1.17241 60
      vertex 45.375 -1.08276 56
    endloop
  endfacet
  facet normal 1 0 0
    outer loop
      vertex 45.375 -1.11724 55.5
      vertex 45.375 -1.15172 55
      vertex 45.375 -1.11724 55
    endloop
  endfacet
  facet normal 1 0 0
    outer loop
      vertex 45.375 -1.08276 56
      vertex 45.375 -1.17241 60
      vertex 45.375 -1.11724 55.5
    endloop
  endfacet
  facet normal 1 -0 0
    outer loop
      vertex 45.375 -1.17241 60
      vertex 45.375 -0.841379 59.5
      vertex 45.375 -0.806896 60
    endloop
  endfacet
  facet normal 1 0 0
    outer loop
      vertex 45.375 -0.97931 57.5
      vertex 45.375 -1.17241 60
      vertex 45.375 -1.01379 57
    endloop
  endfacet
  facet normal 1 0 0
    outer loop
      vertex 45.375 -1.11724 55.5
      vertex 45.375 -1.17241 60
      vertex 45.375 -1.15172 55
    endloop
  endfacet
  facet normal 1 0 0
    outer loop
      vertex 45.375 -1.18621 54.5
      vertex 45.375 -1.15172 55
      vertex 45.375 -1.17241 60
    endloop
  endfacet
  facet normal 1 0 0
    outer loop
      vertex 45.375 -1.15172 55
      vertex 45.375 -1.18621 54.5
      vertex 45.375 -1.15172 54.5
    endloop
  endfacet
  facet normal 1 0 0
    outer loop
      vertex 45.375 5.63424 30
      vertex 45.375 1.11724 26.5
      vertex 45.375 1.15172 26
    endloop
  endfacet
  facet normal 1 0 0
    outer loop
      vertex 45.375 5.63424 30
      vertex 45.375 1.08276 27
      vertex 45.375 1.11724 26.5
    endloop
  endfacet
  facet normal 1 0 0
    outer loop
      vertex 45.375 5.63424 30
      vertex 45.375 1.04827 27.5
      vertex 45.375 1.08276 27
    endloop
  endfacet
  facet normal 1 0 0
    outer loop
      vertex 45.375 5.63424 30
      vertex 45.375 1.01379 28
      vertex 45.375 1.04827 27.5
    endloop
  endfacet
  facet normal 1 0 0
    outer loop
      vertex 45.375 5.63424 30
      vertex 45.375 0.97931 28.5
      vertex 45.375 1.01379 28
    endloop
  endfacet
  facet normal 1 0 0
    outer loop
      vertex 45.375 5.63424 30
      vertex 45.375 0.944827 29
      vertex 45.375 0.97931 28.5
    endloop
  endfacet
  facet normal 1 0 0
    outer loop
      vertex 45.375 5.63424 30
      vertex 45.375 0.910344 29.5
      vertex 45.375 0.944827 29
    endloop
  endfacet
  facet normal 1 0 0
    outer loop
      vertex 45.375 1.17241 31
      vertex 45.375 0.875861 30
      vertex 45.375 0.910344 29.5
    endloop
  endfacet
  facet normal 1 0 0
    outer loop
      vertex 45.375 1.17241 31
      vertex 45.375 0.841379 30.5
      vertex 45.375 0.875861 30
    endloop
  endfacet
  facet normal 1 -0 0
    outer loop
      vertex 45.375 0.806896 31
      vertex 45.375 0.841379 30.5
      vertex 45.375 1.17241 31
    endloop
  endfacet
  facet normal 1 0 0
    outer loop
      vertex 45.375 0.841379 30.5
      vertex 45.375 0.806896 31
      vertex 45.375 0.806896 30.5
    endloop
  endfacet
  facet normal 1 0 0
    outer loop
      vertex 45.375 1.17241 60
      vertex 45.375 1.11724 55.5
      vertex 45.375 1.15172 55
    endloop
  endfacet
  facet normal 1 0 0
    outer loop
      vertex 45.375 1.17241 60
      vertex 45.375 1.08276 56
      vertex 45.375 1.11724 55.5
    endloop
  endfacet
  facet normal 1 0 0
    outer loop
      vertex 45.375 1.17241 60
      vertex 45.375 1.04827 56.5
      vertex 45.375 1.08276 56
    endloop
  endfacet
  facet normal 1 0 0
    outer loop
      vertex 45.375 1.17241 60
      vertex 45.375 1.01379 57
      vertex 45.375 1.04827 56.5
    endloop
  endfacet
  facet normal 1 0 0
    outer loop
      vertex 45.375 1.17241 60
      vertex 45.375 0.97931 57.5
      vertex 45.375 1.01379 57
    endloop
  endfacet
  facet normal 1 0 0
    outer loop
      vertex 45.375 1.17241 60
      vertex 45.375 0.944827 58
      vertex 45.375 0.97931 57.5
    endloop
  endfacet
  facet normal 1 0 0
    outer loop
      vertex 45.375 1.17241 60
      vertex 45.375 0.910344 58.5
      vertex 45.375 0.944827 58
    endloop
  endfacet
  facet normal 1 0 0
    outer loop
      vertex 45.375 1.17241 60
      vertex 45.375 0.875861 59
      vertex 45.375 0.910344 58.5
    endloop
  endfacet
  facet normal 1 0 0
    outer loop
      vertex 45.375 1.17241 60
      vertex 45.375 0.841379 59.5
      vertex 45.375 0.875861 59
    endloop
  endfacet
  facet normal 1 -0 0
    outer loop
      vertex 45.375 0.806896 60
      vertex 45.375 0.841379 59.5
      vertex 45.375 1.17241 60
    endloop
  endfacet
  facet normal 1 0 0
    outer loop
      vertex 45.375 0.841379 59.5
      vertex 45.375 0.806896 60
      vertex 45.375 0.806896 59.5
    endloop
  endfacet
  facet normal 1 0 0
    outer loop
      vertex 45.375 4.79888 42
      vertex 45.375 1.12414 38
      vertex 45.375 1.15862 37.5
    endloop
  endfacet
  facet normal 1 0 0
    outer loop
      vertex 45.375 4.79888 42
      vertex 45.375 1.08965 38.5
      vertex 45.375 1.12414 38
    endloop
  endfacet
  facet normal 1 0 0
    outer loop
      vertex 45.375 4.79888 42
      vertex 45.375 1.05517 39
      vertex 45.375 1.08965 38.5
    endloop
  endfacet
  facet normal 1 0 0
    outer loop
      vertex 45.375 4.79888 42
      vertex 45.375 1.02069 39.5
      vertex 45.375 1.05517 39
    endloop
  endfacet
  facet normal 1 0 0
    outer loop
      vertex 45.375 4.79888 42
      vertex 45.375 0.986206 40
      vertex 45.375 1.02069 39.5
    endloop
  endfacet
  facet normal 1 0 0
    outer loop
      vertex 45.375 4.79888 42
      vertex 45.375 0.951724 40.5
      vertex 45.375 0.986206 40
    endloop
  endfacet
  facet normal 1 0 0
    outer loop
      vertex 45.375 4.79888 42
      vertex 45.375 0.917241 41
      vertex 45.375 0.951724 40.5
    endloop
  endfacet
  facet normal 1 0 0
    outer loop
      vertex 45.375 4.79888 42
      vertex 45.375 0.882758 41.5
      vertex 45.375 0.917241 41
    endloop
  endfacet
  facet normal 1 0 0
    outer loop
      vertex 45.375 1.17931 42.5
      vertex 45.375 0.848275 42
      vertex 45.375 0.882758 41.5
    endloop
  endfacet
  facet normal 1 -0 0
    outer loop
      vertex 45.375 0.813792 42.5
      vertex 45.375 0.848275 42
      vertex 45.375 1.17931 42.5
    endloop
  endfacet
  facet normal 1 0 0
    outer loop
      vertex 45.375 0.848275 42
      vertex 45.375 0.813792 42.5
      vertex 45.375 0.813792 42
    endloop
  endfacet
  facet normal 1 0 0
    outer loop
      vertex 45.375 2.432 76
      vertex 45.375 1.12414 67
      vertex 45.375 1.15862 66.5
    endloop
  endfacet
  facet normal 1 0 0
    outer loop
      vertex 45.375 2.432 76
      vertex 45.375 1.08965 67.5
      vertex 45.375 1.12414 67
    endloop
  endfacet
  facet normal 1 0 0
    outer loop
      vertex 45.375 2.432 76
      vertex 45.375 1.05517 68
      vertex 45.375 1.08965 67.5
    endloop
  endfacet
  facet normal 1 0 0
    outer loop
      vertex 45.375 1.17931 71.5
      vertex 45.375 1.02069 68.5
      vertex 45.375 1.05517 68
    endloop
  endfacet
  facet normal 1 0 0
    outer loop
      vertex 45.375 1.17931 71.5
      vertex 45.375 0.986206 69
      vertex 45.375 1.02069 68.5
    endloop
  endfacet
  facet normal 1 0 0
    outer loop
      vertex 45.375 1.17931 71.5
      vertex 45.375 0.951724 69.5
      vertex 45.375 0.986206 69
    endloop
  endfacet
  facet normal 1 0 0
    outer loop
      vertex 45.375 1.17931 71.5
      vertex 45.375 0.917241 70
      vertex 45.375 0.951724 69.5
    endloop
  endfacet
  facet normal 1 0 0
    outer loop
      vertex 45.375 1.17931 71.5
      vertex 45.375 0.882758 70.5
      vertex 45.375 0.917241 70
    endloop
  endfacet
  facet normal 1 0 0
    outer loop
      vertex 45.375 1.17931 71.5
      vertex 45.375 0.848275 71
      vertex 45.375 0.882758 70.5
    endloop
  endfacet
  facet normal 1 -0 0
    outer loop
      vertex 45.375 0.813792 71.5
      vertex 45.375 0.848275 71
      vertex 45.375 1.17931 71.5
    endloop
  endfacet
  facet normal 1 0 0
    outer loop
      vertex 45.375 0.848275 71
      vertex 45.375 0.813792 71.5
      vertex 45.375 0.813792 71
    endloop
  endfacet
  facet normal 1 0 0
    outer loop
      vertex 45.375 5.63424 30
      vertex 45.375 1.13103 20.5
      vertex 45.375 1.16552 20
    endloop
  endfacet
  facet normal 1 0 0
    outer loop
      vertex 45.375 5.63424 30
      vertex 45.375 1.09655 21
      vertex 45.375 1.13103 20.5
    endloop
  endfacet
  facet normal 1 0 0
    outer loop
      vertex 45.375 5.63424 30
      vertex 45.375 1.06207 21.5
      vertex 45.375 1.09655 21
    endloop
  endfacet
  facet normal 1 0 0
    outer loop
      vertex 45.375 5.63424 30
      vertex 45.375 1.02759 22
      vertex 45.375 1.06207 21.5
    endloop
  endfacet
  facet normal 1 0 0
    outer loop
      vertex 45.375 5.63424 30
      vertex 45.375 0.993103 22.5
      vertex 45.375 1.02759 22
    endloop
  endfacet
  facet normal 1 0 0
    outer loop
      vertex 45.375 1.18621 25
      vertex 45.375 0.95862 23
      vertex 45.375 0.993103 22.5
    endloop
  endfacet
  facet normal 1 0 0
    outer loop
      vertex 45.375 1.18621 25
      vertex 45.375 0.924137 23.5
      vertex 45.375 0.95862 23
    endloop
  endfacet
  facet normal 1 0 0
    outer loop
      vertex 45.375 1.18621 25
      vertex 45.375 0.889655 24
      vertex 45.375 0.924137 23.5
    endloop
  endfacet
  facet normal 1 0 0
    outer loop
      vertex 45.375 1.18621 25
      vertex 45.375 0.855172 24.5
      vertex 45.375 0.889655 24
    endloop
  endfacet
  facet normal 1 -0 0
    outer loop
      vertex 45.375 0.820689 25
      vertex 45.375 0.855172 24.5
      vertex 45.375 1.18621 25
    endloop
  endfacet
  facet normal 1 0 0
    outer loop
      vertex 45.375 0.855172 24.5
      vertex 45.375 0.820689 25
      vertex 45.375 0.820689 24.5
    endloop
  endfacet
  facet normal 1 0 0
    outer loop
      vertex 45.375 1.18621 54
      vertex 45.375 1.13103 49.5
      vertex 45.375 1.16552 49
    endloop
  endfacet
  facet normal 1 0 0
    outer loop
      vertex 45.375 1.18621 54
      vertex 45.375 1.09655 50
      vertex 45.375 1.13103 49.5
    endloop
  endfacet
  facet normal 1 0 0
    outer loop
      vertex 45.375 1.18621 54
      vertex 45.375 1.06207 50.5
      vertex 45.375 1.09655 50
    endloop
  endfacet
  facet normal 1 0 0
    outer loop
      vertex 45.375 1.18621 54
      vertex 45.375 1.02759 51
      vertex 45.375 1.06207 50.5
    endloop
  endfacet
  facet normal 1 0 0
    outer loop
      vertex 45.375 1.18621 54
      vertex 45.375 0.993103 51.5
      vertex 45.375 1.02759 51
    endloop
  endfacet
  facet normal 1 0 0
    outer loop
      vertex 45.375 1.18621 54
      vertex 45.375 0.95862 52
      vertex 45.375 0.993103 51.5
    endloop
  endfacet
  facet normal 1 0 0
    outer loop
      vertex 45.375 1.18621 54
      vertex 45.375 0.924137 52.5
      vertex 45.375 0.95862 52
    endloop
  endfacet
  facet normal 1 0 0
    outer loop
      vertex 45.375 1.18621 54
      vertex 45.375 0.889655 53
      vertex 45.375 0.924137 52.5
    endloop
  endfacet
  facet normal 1 0 0
    outer loop
      vertex 45.375 1.18621 54
      vertex 45.375 0.855172 53.5
      vertex 45.375 0.889655 53
    endloop
  endfacet
  facet normal 1 -0 0
    outer loop
      vertex 45.375 0.820689 54
      vertex 45.375 0.855172 53.5
      vertex 45.375 1.18621 54
    endloop
  endfacet
  facet normal 1 0 0
    outer loop
      vertex 45.375 0.855172 53.5
      vertex 45.375 0.820689 54
      vertex 45.375 0.820689 53.5
    endloop
  endfacet
  facet normal 1 0 0
    outer loop
      vertex 45.375 5.63424 31
      vertex 45.375 1.17241 31
      vertex 45.375 5.63424 30
    endloop
  endfacet
  facet normal 1 0 0
    outer loop
      vertex 45.375 5.35579 34
      vertex 45.375 1.13793 32
      vertex 45.375 1.17241 31.5
    endloop
  endfacet
  facet normal 1 0 0
    outer loop
      vertex 45.375 5.35579 34
      vertex 45.375 1.10345 32.5
      vertex 45.375 1.13793 32
    endloop
  endfacet
  facet normal 1 0 0
    outer loop
      vertex 45.375 5.35579 34
      vertex 45.375 1.06896 33
      vertex 45.375 1.10345 32.5
    endloop
  endfacet
  facet normal 1 0 0
    outer loop
      vertex 45.375 5.35579 34
      vertex 45.375 1.03448 33.5
      vertex 45.375 1.06896 33
    endloop
  endfacet
  facet normal 1 0 0
    outer loop
      vertex 45.375 5.35579 34
      vertex 45.375 1 34
      vertex 45.375 1.03448 33.5
    endloop
  endfacet
  facet normal 1 0 0
    outer loop
      vertex 45.375 5.35579 34
      vertex 45.375 0.965517 34.5
      vertex 45.375 1 34
    endloop
  endfacet
  facet normal 1 0 0
    outer loop
      vertex 45.375 5.35579 35
      vertex 45.375 0.965517 34.5
      vertex 45.375 5.35579 34
    endloop
  endfacet
  facet normal 1 0 0
    outer loop
      vertex 45.375 1.1931 36.5
      vertex 45.375 0.896551 35.5
      vertex 45.375 0.931034 35
    endloop
  endfacet
  facet normal 1 0 0
    outer loop
      vertex 45.375 1.1931 36.5
      vertex 45.375 0.862068 36
      vertex 45.375 0.896551 35.5
    endloop
  endfacet
  facet normal 1 -0 0
    outer loop
      vertex 45.375 0.827586 36.5
      vertex 45.375 0.862068 36
      vertex 45.375 1.1931 36.5
    endloop
  endfacet
  facet normal 1 0 0
    outer loop
      vertex 45.375 0.862068 36
      vertex 45.375 0.827586 36.5
      vertex 45.375 0.827586 36
    endloop
  endfacet
  facet normal 1 0 0
    outer loop
      vertex 45.375 1.17241 60
      vertex 45.375 2.432 76
      vertex 45.375 1.17241 60.5
    endloop
  endfacet
  facet normal 1 0 0
    outer loop
      vertex 45.375 1.1931 65.5
      vertex 45.375 1.13793 61
      vertex 45.375 1.17241 60.5
    endloop
  endfacet
  facet normal 1 0 0
    outer loop
      vertex 45.375 1.1931 65.5
      vertex 45.375 1.10345 61.5
      vertex 45.375 1.13793 61
    endloop
  endfacet
  facet normal 1 0 0
    outer loop
      vertex 45.375 1.1931 65.5
      vertex 45.375 1.06896 62
      vertex 45.375 1.10345 61.5
    endloop
  endfacet
  facet normal 1 0 0
    outer loop
      vertex 45.375 1.1931 65.5
      vertex 45.375 1.03448 62.5
      vertex 45.375 1.06896 62
    endloop
  endfacet
  facet normal 1 0 0
    outer loop
      vertex 45.375 1.1931 65.5
      vertex 45.375 1 63
      vertex 45.375 1.03448 62.5
    endloop
  endfacet
  facet normal 1 0 0
    outer loop
      vertex 45.375 1.1931 65.5
      vertex 45.375 0.965517 63.5
      vertex 45.375 1 63
    endloop
  endfacet
  facet normal 1 0 0
    outer loop
      vertex 45.375 1.1931 65.5
      vertex 45.375 0.931034 64
      vertex 45.375 0.965517 63.5
    endloop
  endfacet
  facet normal 1 0 0
    outer loop
      vertex 45.375 1.1931 65.5
      vertex 45.375 0.896551 64.5
      vertex 45.375 0.931034 64
    endloop
  endfacet
  facet normal 1 0 0
    outer loop
      vertex 45.375 1.1931 65.5
      vertex 45.375 0.862068 65
      vertex 45.375 0.896551 64.5
    endloop
  endfacet
  facet normal 1 -0 0
    outer loop
      vertex 45.375 0.827586 65.5
      vertex 45.375 0.862068 65
      vertex 45.375 1.1931 65.5
    endloop
  endfacet
  facet normal 1 0 0
    outer loop
      vertex 45.375 0.862068 65
      vertex 45.375 0.827586 65.5
      vertex 45.375 0.827586 65
    endloop
  endfacet
  facet normal 1 0 0
    outer loop
      vertex 45.375 1.17241 31
      vertex 45.375 5.49502 32
      vertex 45.375 1.17241 31.5
    endloop
  endfacet
  facet normal 1 0 0
    outer loop
      vertex 45.375 4.79888 43
      vertex 45.375 1.17931 42.5
      vertex 45.375 4.79888 42
    endloop
  endfacet
  facet normal 1 0 0
    outer loop
      vertex 45.375 1.17931 42.5
      vertex 45.375 4.79888 43
      vertex 45.375 1.17931 43
    endloop
  endfacet
  facet normal 1 0 0
    outer loop
      vertex 45.375 4.65965 44
      vertex 45.375 1.17931 43
      vertex 45.375 4.79888 43
    endloop
  endfacet
  facet normal 1 0 -0
    outer loop
      vertex 45.375 1.17931 43
      vertex 45.375 4.65965 44
      vertex 45.375 1.14483 43.5
    endloop
  endfacet
  facet normal 1 0 -0
    outer loop
      vertex 45.375 1.14483 43.5
      vertex 45.375 4.65965 44
      vertex 45.375 1.11034 44
    endloop
  endfacet
  facet normal 1 0 -0
    outer loop
      vertex 45.375 1.11034 44
      vertex 45.375 4.65965 44
      vertex 45.375 1.07586 44.5
    endloop
  endfacet
  facet normal 1 0 0
    outer loop
      vertex 45.375 4.65965 45
      vertex 45.375 1.07586 44.5
      vertex 45.375 4.65965 44
    endloop
  endfacet
  facet normal 1 0 0
    outer loop
      vertex 45.375 1.2 48
      vertex 45.375 0.93793 46.5
      vertex 45.375 0.972413 46
    endloop
  endfacet
  facet normal 1 0 0
    outer loop
      vertex 45.375 1.2 48
      vertex 45.375 0.903448 47
      vertex 45.375 0.93793 46.5
    endloop
  endfacet
  facet normal 1 0 0
    outer loop
      vertex 45.375 1.2 48
      vertex 45.375 0.868965 47.5
      vertex 45.375 0.903448 47
    endloop
  endfacet
  facet normal 1 -0 0
    outer loop
      vertex 45.375 0.834482 48
      vertex 45.375 0.868965 47.5
      vertex 45.375 1.2 48
    endloop
  endfacet
  facet normal 1 0 0
    outer loop
      vertex 45.375 0.868965 47.5
      vertex 45.375 0.834482 48
      vertex 45.375 0.834482 47.5
    endloop
  endfacet
  facet normal 1 -0 0
    outer loop
      vertex 45.375 0.868965 76.5
      vertex 45.375 2.432 76
      vertex 45.375 2.432 77
    endloop
  endfacet
  facet normal 1 0 0
    outer loop
      vertex 45.375 2.432 76
      vertex 45.375 1.1931 66
      vertex 45.375 1.1931 65.5
    endloop
  endfacet
  facet normal 1 0 0
    outer loop
      vertex 45.375 2.432 76
      vertex 45.375 1.17931 72
      vertex 45.375 1.17931 71.5
    endloop
  endfacet
  facet normal 1 0 0
    outer loop
      vertex 45.375 2.432 76
      vertex 45.375 1.14483 72.5
      vertex 45.375 1.17931 72
    endloop
  endfacet
  facet normal 1 0 0
    outer loop
      vertex 45.375 2.432 76
      vertex 45.375 1.11034 73
      vertex 45.375 1.14483 72.5
    endloop
  endfacet
  facet normal 1 0 0
    outer loop
      vertex 45.375 2.432 76
      vertex 45.375 1.07586 73.5
      vertex 45.375 1.11034 73
    endloop
  endfacet
  facet normal 1 0 0
    outer loop
      vertex 45.375 2.432 76
      vertex 45.375 1.04138 74
      vertex 45.375 1.07586 73.5
    endloop
  endfacet
  facet normal 1 0 0
    outer loop
      vertex 45.375 2.432 76
      vertex 45.375 1.0069 74.5
      vertex 45.375 1.04138 74
    endloop
  endfacet
  facet normal 1 0 0
    outer loop
      vertex 45.375 2.432 76
      vertex 45.375 0.972413 75
      vertex 45.375 1.0069 74.5
    endloop
  endfacet
  facet normal 1 0 0
    outer loop
      vertex 45.375 2.432 76
      vertex 45.375 0.93793 75.5
      vertex 45.375 0.972413 75
    endloop
  endfacet
  facet normal 1 0 0
    outer loop
      vertex 45.375 2.432 76
      vertex 45.375 0.903448 76
      vertex 45.375 0.93793 75.5
    endloop
  endfacet
  facet normal 1 0 0
    outer loop
      vertex 45.375 2.432 76
      vertex 45.375 0.868965 76.5
      vertex 45.375 0.903448 76
    endloop
  endfacet
  facet normal 1 -0 0
    outer loop
      vertex 45.375 0.834482 77
      vertex 45.375 0.868965 76.5
      vertex 45.375 2.432 77
    endloop
  endfacet
  facet normal 1 0 0
    outer loop
      vertex 45.375 0.868965 76.5
      vertex 45.375 0.834482 77
      vertex 45.375 0.834482 76.5
    endloop
  endfacet
  facet normal 1 0 0
    outer loop
      vertex 45.375 3.67424 76
      vertex 45.375 2.57123 75
      vertex 45.375 3.67424 75
    endloop
  endfacet
  facet normal 1 0 0
    outer loop
      vertex 45.375 2.57123 75
      vertex 45.375 2.432 76
      vertex 45.375 2.57123 74
    endloop
  endfacet
  facet normal 1 -0 0
    outer loop
      vertex 45.375 2.432 76
      vertex 45.375 2.57123 75
      vertex 45.375 3.67424 76
    endloop
  endfacet
  facet normal 1 0 0
    outer loop
      vertex 45.375 3.87874 74
      vertex 45.375 2.71046 73
      vertex 45.375 3.87874 73
    endloop
  endfacet
  facet normal 1 0 0
    outer loop
      vertex 45.375 2.71046 73
      vertex 45.375 2.57123 74
      vertex 45.375 2.71046 72
    endloop
  endfacet
  facet normal 1 -0 0
    outer loop
      vertex 45.375 2.57123 74
      vertex 45.375 2.71046 73
      vertex 45.375 3.87874 74
    endloop
  endfacet
  facet normal 1 0 0
    outer loop
      vertex 45.375 4.08323 72
      vertex 45.375 2.84968 71
      vertex 45.375 4.08323 71
    endloop
  endfacet
  facet normal 1 0 0
    outer loop
      vertex 45.375 2.84968 71
      vertex 45.375 2.71046 72
      vertex 45.375 2.84968 70
    endloop
  endfacet
  facet normal 1 -0 0
    outer loop
      vertex 45.375 2.71046 72
      vertex 45.375 2.84968 71
      vertex 45.375 4.08323 72
    endloop
  endfacet
  facet normal 1 0 0
    outer loop
      vertex 45.375 4.28772 70
      vertex 45.375 2.98891 69
      vertex 45.375 4.28772 69
    endloop
  endfacet
  facet normal 1 0 0
    outer loop
      vertex 45.375 2.98891 69
      vertex 45.375 2.84968 70
      vertex 45.375 2.98891 68
    endloop
  endfacet
  facet normal 1 -0 0
    outer loop
      vertex 45.375 2.84968 70
      vertex 45.375 2.98891 69
      vertex 45.375 4.28772 70
    endloop
  endfacet
  facet normal 1 0 0
    outer loop
      vertex 45.375 4.49221 68
      vertex 45.375 3.12814 67
      vertex 45.375 4.49221 67
    endloop
  endfacet
  facet normal 1 0 0
    outer loop
      vertex 45.375 3.12814 67
      vertex 45.375 2.98891 68
      vertex 45.375 3.12814 66
    endloop
  endfacet
  facet normal 1 -0 0
    outer loop
      vertex 45.375 2.98891 68
      vertex 45.375 3.12814 67
      vertex 45.375 4.49221 68
    endloop
  endfacet
  facet normal 1 0 0
    outer loop
      vertex 45.375 4.6967 66
      vertex 45.375 3.26737 65
      vertex 45.375 4.6967 65
    endloop
  endfacet
  facet normal 1 0 0
    outer loop
      vertex 45.375 3.26737 65
      vertex 45.375 3.12814 66
      vertex 45.375 3.26737 64
    endloop
  endfacet
  facet normal 1 -0 0
    outer loop
      vertex 45.375 3.12814 66
      vertex 45.375 3.26737 65
      vertex 45.375 4.6967 66
    endloop
  endfacet
  facet normal 1 0 0
    outer loop
      vertex 45.375 4.90119 64
      vertex 45.375 3.4066 63
      vertex 45.375 4.90119 63
    endloop
  endfacet
  facet normal 1 0 0
    outer loop
      vertex 45.375 3.4066 63
      vertex 45.375 3.26737 64
      vertex 45.375 3.4066 62
    endloop
  endfacet
  facet normal 1 -0 0
    outer loop
      vertex 45.375 3.26737 64
      vertex 45.375 3.4066 63
      vertex 45.375 4.90119 64
    endloop
  endfacet
  facet normal 1 0 0
    outer loop
      vertex 45.375 5.10568 62
      vertex 45.375 3.54582 61
      vertex 45.375 5.10568 61
    endloop
  endfacet
  facet normal 1 0 0
    outer loop
      vertex 45.375 3.54582 61
      vertex 45.375 3.4066 62
      vertex 45.375 3.54582 60
    endloop
  endfacet
  facet normal 1 -0 0
    outer loop
      vertex 45.375 3.4066 62
      vertex 45.375 3.54582 61
      vertex 45.375 5.10568 62
    endloop
  endfacet
  facet normal 1 0 0
    outer loop
      vertex 45.375 5.31017 60
      vertex 45.375 3.68505 59
      vertex 45.375 5.31017 59
    endloop
  endfacet
  facet normal 1 0 0
    outer loop
      vertex 45.375 3.68505 59
      vertex 45.375 3.54582 60
      vertex 45.375 3.68505 58
    endloop
  endfacet
  facet normal 1 -0 0
    outer loop
      vertex 45.375 3.54582 60
      vertex 45.375 3.68505 59
      vertex 45.375 5.31017 60
    endloop
  endfacet
  facet normal 1 0 0
    outer loop
      vertex 45.375 5.51467 58
      vertex 45.375 3.82428 57
      vertex 45.375 5.51467 57
    endloop
  endfacet
  facet normal 1 0 0
    outer loop
      vertex 45.375 3.82428 57
      vertex 45.375 3.68505 58
      vertex 45.375 3.82428 56
    endloop
  endfacet
  facet normal 1 -0 0
    outer loop
      vertex 45.375 3.68505 58
      vertex 45.375 3.82428 57
      vertex 45.375 5.51467 58
    endloop
  endfacet
  facet normal 1 0 0
    outer loop
      vertex 45.375 5.71916 56
      vertex 45.375 3.96351 55
      vertex 45.375 5.71916 55
    endloop
  endfacet
  facet normal 1 0 0
    outer loop
      vertex 45.375 3.96351 55
      vertex 45.375 3.82428 56
      vertex 45.375 3.96351 54
    endloop
  endfacet
  facet normal 1 -0 0
    outer loop
      vertex 45.375 3.82428 56
      vertex 45.375 3.96351 55
      vertex 45.375 5.71916 56
    endloop
  endfacet
  facet normal 1 0 0
    outer loop
      vertex 45.375 5.92365 54
      vertex 45.375 4.10274 53
      vertex 45.375 5.92365 53
    endloop
  endfacet
  facet normal 1 0 0
    outer loop
      vertex 45.375 1.2 48.5
      vertex 45.375 4.10274 53
      vertex 45.375 3.96351 54
    endloop
  endfacet
  facet normal 1 -0 0
    outer loop
      vertex 45.375 3.96351 54
      vertex 45.375 4.10274 53
      vertex 45.375 5.92365 54
    endloop
  endfacet
  facet normal 1 0 0
    outer loop
      vertex 45.375 6.12814 52
      vertex 45.375 4.24196 51
      vertex 45.375 6.12814 51
    endloop
  endfacet
  facet normal 1 0 0
    outer loop
      vertex 45.375 1.2 48.5
      vertex 45.375 4.24196 51
      vertex 45.375 4.10274 52
    endloop
  endfacet
  facet normal 1 -0 0
    outer loop
      vertex 45.375 4.10274 52
      vertex 45.375 4.24196 51
      vertex 45.375 6.12814 52
    endloop
  endfacet
  facet normal 1 0 0
    outer loop
      vertex 45.375 6.33263 50
      vertex 45.375 4.38119 49
      vertex 45.375 6.33263 49
    endloop
  endfacet
  facet normal 1 0 0
    outer loop
      vertex 45.375 1.2 48.5
      vertex 45.375 4.38119 49
      vertex 45.375 4.24196 50
    endloop
  endfacet
  facet normal 1 -0 0
    outer loop
      vertex 45.375 4.24196 50
      vertex 45.375 4.38119 49
      vertex 45.375 6.33263 50
    endloop
  endfacet
  facet normal 1 0 0
    outer loop
      vertex 45.375 6.53712 48
      vertex 45.375 4.52042 47
      vertex 45.375 6.53712 47
    endloop
  endfacet
  facet normal 1 -0 0
    outer loop
      vertex 45.375 1.2 48
      vertex 45.375 4.52042 47
      vertex 45.375 4.38119 48
    endloop
  endfacet
  facet normal 1 -0 0
    outer loop
      vertex 45.375 4.38119 48
      vertex 45.375 4.52042 47
      vertex 45.375 6.53712 48
    endloop
  endfacet
  facet normal 1 0 0
    outer loop
      vertex 45.375 6.74161 46
      vertex 45.375 4.65965 45
      vertex 45.375 6.74161 45
    endloop
  endfacet
  facet normal 1 0 0
    outer loop
      vertex 45.375 4.52042 47
      vertex 45.375 0.972413 46
      vertex 45.375 4.52042 46
    endloop
  endfacet
  facet normal 1 -0 0
    outer loop
      vertex 45.375 4.52042 46
      vertex 45.375 4.65965 45
      vertex 45.375 6.74161 46
    endloop
  endfacet
  facet normal 1 0 0
    outer loop
      vertex 45.375 6.94611 44
      vertex 45.375 4.79888 43
      vertex 45.375 6.94611 43
    endloop
  endfacet
  facet normal 1 0 -0
    outer loop
      vertex 45.375 1.04138 45
      vertex 45.375 4.52042 46
      vertex 45.375 1.0069 45.5
    endloop
  endfacet
  facet normal 1 -0 0
    outer loop
      vertex 45.375 4.65965 44
      vertex 45.375 4.79888 43
      vertex 45.375 6.94611 44
    endloop
  endfacet
  facet normal 1 0 0
    outer loop
      vertex 45.375 7.1506 42
      vertex 45.375 4.9381 41
      vertex 45.375 7.1506 41
    endloop
  endfacet
  facet normal 1 0 0
    outer loop
      vertex 45.375 1.1931 37
      vertex 45.375 4.9381 41
      vertex 45.375 4.79888 42
    endloop
  endfacet
  facet normal 1 -0 0
    outer loop
      vertex 45.375 4.79888 42
      vertex 45.375 4.9381 41
      vertex 45.375 7.1506 42
    endloop
  endfacet
  facet normal 1 0 0
    outer loop
      vertex 45.375 7.35509 40
      vertex 45.375 5.07733 39
      vertex 45.375 7.35509 39
    endloop
  endfacet
  facet normal 1 0 0
    outer loop
      vertex 45.375 1.1931 37
      vertex 45.375 5.07733 39
      vertex 45.375 4.9381 40
    endloop
  endfacet
  facet normal 1 -0 0
    outer loop
      vertex 45.375 4.9381 40
      vertex 45.375 5.07733 39
      vertex 45.375 7.35509 40
    endloop
  endfacet
  facet normal 1 0 0
    outer loop
      vertex 45.375 7.55958 38
      vertex 45.375 5.21656 37
      vertex 45.375 7.55958 37
    endloop
  endfacet
  facet normal 1 0 0
    outer loop
      vertex 45.375 1.1931 37
      vertex 45.375 5.21656 37
      vertex 45.375 5.07733 38
    endloop
  endfacet
  facet normal 1 -0 0
    outer loop
      vertex 45.375 5.07733 38
      vertex 45.375 5.21656 37
      vertex 45.375 7.55958 38
    endloop
  endfacet
  facet normal 1 0 0
    outer loop
      vertex 45.375 7.76407 36
      vertex 45.375 5.35579 35
      vertex 45.375 7.76407 35
    endloop
  endfacet
  facet normal 1 0 0
    outer loop
      vertex 45.375 5.21656 37
      vertex 45.375 1.1931 36.5
      vertex 45.375 5.21656 36
    endloop
  endfacet
  facet normal 1 -0 0
    outer loop
      vertex 45.375 5.21656 36
      vertex 45.375 5.35579 35
      vertex 45.375 7.76407 36
    endloop
  endfacet
  facet normal 1 0 0
    outer loop
      vertex 45.375 7.96856 34
      vertex 45.375 5.49502 33
      vertex 45.375 7.96856 33
    endloop
  endfacet
  facet normal 1 0 0
    outer loop
      vertex 45.375 5.21656 36
      vertex 45.375 0.931034 35
      vertex 45.375 5.35579 35
    endloop
  endfacet
  facet normal 1 -0 0
    outer loop
      vertex 45.375 5.35579 34
      vertex 45.375 5.49502 33
      vertex 45.375 7.96856 34
    endloop
  endfacet
  facet normal 1 0 0
    outer loop
      vertex 45.375 8.17305 32
      vertex 45.375 5.63424 31
      vertex 45.375 8.17305 31
    endloop
  endfacet
  facet normal 1 0 0
    outer loop
      vertex 45.375 5.49502 33
      vertex 45.375 1.17241 31.5
      vertex 45.375 5.49502 32
    endloop
  endfacet
  facet normal 1 -0 0
    outer loop
      vertex 45.375 5.49502 32
      vertex 45.375 5.63424 31
      vertex 45.375 8.17305 32
    endloop
  endfacet
  facet normal 1 0 0
    outer loop
      vertex 45.375 8.37754 30
      vertex 45.375 5.77347 29
      vertex 45.375 8.37754 29
    endloop
  endfacet
  facet normal 1 0 0
    outer loop
      vertex 45.375 5.77347 29
      vertex 45.375 5.63424 30
      vertex 45.375 5.77347 28
    endloop
  endfacet
  facet normal 1 -0 0
    outer loop
      vertex 45.375 5.63424 30
      vertex 45.375 5.77347 29
      vertex 45.375 8.37754 30
    endloop
  endfacet
  facet normal 1 0 0
    outer loop
      vertex 45.375 8.58204 28
      vertex 45.375 5.9127 27
      vertex 45.375 8.58204 27
    endloop
  endfacet
  facet normal 1 0 0
    outer loop
      vertex 45.375 5.9127 27
      vertex 45.375 5.77347 28
      vertex 45.375 5.9127 26
    endloop
  endfacet
  facet normal 1 -0 0
    outer loop
      vertex 45.375 5.77347 28
      vertex 45.375 5.9127 27
      vertex 45.375 8.58204 28
    endloop
  endfacet
  facet normal 1 0 0
    outer loop
      vertex 45.375 8.78653 26
      vertex 45.375 6.05193 25
      vertex 45.375 8.78653 25
    endloop
  endfacet
  facet normal 1 0 0
    outer loop
      vertex 45.375 1.2 19.5
      vertex 45.375 6.05193 25
      vertex 45.375 5.9127 26
    endloop
  endfacet
  facet normal 1 -0 0
    outer loop
      vertex 45.375 5.9127 26
      vertex 45.375 6.05193 25
      vertex 45.375 8.78653 26
    endloop
  endfacet
  facet normal 1 0 0
    outer loop
      vertex 45.375 8.99102 24
      vertex 45.375 6.19116 23
      vertex 45.375 8.99102 23
    endloop
  endfacet
  facet normal 1 0 0
    outer loop
      vertex 45.375 1.2 19.5
      vertex 45.375 6.19116 23
      vertex 45.375 6.05193 24
    endloop
  endfacet
  facet normal 1 -0 0
    outer loop
      vertex 45.375 6.05193 24
      vertex 45.375 6.19116 23
      vertex 45.375 8.99102 24
    endloop
  endfacet
  facet normal 1 0 0
    outer loop
      vertex 45.375 9.19551 22
      vertex 45.375 6.33039 21
      vertex 45.375 9.19551 21
    endloop
  endfacet
  facet normal 1 0 0
    outer loop
      vertex 45.375 1.2 19.5
      vertex 45.375 6.33039 21
      vertex 45.375 6.19116 22
    endloop
  endfacet
  facet normal 1 -0 0
    outer loop
      vertex 45.375 6.19116 22
      vertex 45.375 6.33039 21
      vertex 45.375 9.19551 22
    endloop
  endfacet
  facet normal 1 -0 0
    outer loop
      vertex 45.375 6.33039 20
      vertex 45.375 9.4 18.5
      vertex 45.375 9.4 20
    endloop
  endfacet
  facet normal 1 0 0
    outer loop
      vertex 45.375 6.19116 23
      vertex 45.375 1.2 19.5
      vertex 45.375 6.19116 22
    endloop
  endfacet
  facet normal 1 0 0
    outer loop
      vertex 45.375 6.05193 25
      vertex 45.375 1.2 19.5
      vertex 45.375 6.05193 24
    endloop
  endfacet
  facet normal 1 0 0
    outer loop
      vertex 45.375 1.2 19.5
      vertex 45.375 5.9127 26
      vertex 45.375 5.77347 28
    endloop
  endfacet
  facet normal 1 0 0
    outer loop
      vertex 45.375 5.35579 34
      vertex 45.375 1.17241 31.5
      vertex 45.375 5.49502 33
    endloop
  endfacet
  facet normal 1 0 -0
    outer loop
      vertex 45.375 0.965517 34.5
      vertex 45.375 5.35579 35
      vertex 45.375 0.931034 35
    endloop
  endfacet
  facet normal 1 0 0
    outer loop
      vertex 45.375 0.931034 35
      vertex 45.375 5.21656 36
      vertex 45.375 1.1931 36.5
    endloop
  endfacet
  facet normal 1 0 0
    outer loop
      vertex 45.375 5.07733 39
      vertex 45.375 1.1931 37
      vertex 45.375 5.07733 38
    endloop
  endfacet
  facet normal 1 0 -0
    outer loop
      vertex 45.375 1.07586 44.5
      vertex 45.375 4.65965 45
      vertex 45.375 1.04138 45
    endloop
  endfacet
  facet normal 1 0 0
    outer loop
      vertex 45.375 4.52042 46
      vertex 45.375 1.04138 45
      vertex 45.375 4.65965 45
    endloop
  endfacet
  facet normal 1 0 -0
    outer loop
      vertex 45.375 1.0069 45.5
      vertex 45.375 4.52042 46
      vertex 45.375 0.972413 46
    endloop
  endfacet
  facet normal 1 0 0
    outer loop
      vertex 45.375 0.972413 46
      vertex 45.375 4.52042 47
      vertex 45.375 1.2 48
    endloop
  endfacet
  facet normal 1 0 0
    outer loop
      vertex 45.375 4.9381 41
      vertex 45.375 1.1931 37
      vertex 45.375 4.9381 40
    endloop
  endfacet
  facet normal 1 0 0
    outer loop
      vertex 45.375 4.24196 51
      vertex 45.375 1.2 48.5
      vertex 45.375 4.24196 50
    endloop
  endfacet
  facet normal 1 0 0
    outer loop
      vertex 45.375 4.10274 53
      vertex 45.375 1.2 48.5
      vertex 45.375 4.10274 52
    endloop
  endfacet
  facet normal 1 0 0
    outer loop
      vertex 45.375 1.2 48.5
      vertex 45.375 3.96351 54
      vertex 45.375 3.82428 56
    endloop
  endfacet
  facet normal 1 0 0
    outer loop
      vertex 45.375 4.38119 49
      vertex 45.375 1.2 48.5
      vertex 45.375 4.38119 48
    endloop
  endfacet
  facet normal 1 0 0
    outer loop
      vertex 45.375 1.2 48.5
      vertex 45.375 3.68505 58
      vertex 45.375 3.54582 60
    endloop
  endfacet
  facet normal 1 0 0
    outer loop
      vertex 45.375 1.2 48.5
      vertex 45.375 3.54582 60
      vertex 45.375 3.4066 62
    endloop
  endfacet
  facet normal 1 0 0
    outer loop
      vertex 45.375 1.2 48.5
      vertex 45.375 3.4066 62
      vertex 45.375 3.26737 64
    endloop
  endfacet
  facet normal 1 0 0
    outer loop
      vertex 45.375 1.2 48.5
      vertex 45.375 3.26737 64
      vertex 45.375 3.12814 66
    endloop
  endfacet
  facet normal 1 0 0
    outer loop
      vertex 45.375 1.2 48.5
      vertex 45.375 2.98891 68
      vertex 45.375 2.84968 70
    endloop
  endfacet
  facet normal 1 0 0
    outer loop
      vertex 45.375 1.2 48.5
      vertex 45.375 2.84968 70
      vertex 45.375 2.71046 72
    endloop
  endfacet
  facet normal 1 0 0
    outer loop
      vertex 45.375 1.2 48.5
      vertex 45.375 2.71046 72
      vertex 45.375 2.57123 74
    endloop
  endfacet
  facet normal 1 0 0
    outer loop
      vertex 45.375 1.2 48.5
      vertex 45.375 2.57123 74
      vertex 45.375 2.432 76
    endloop
  endfacet
  facet normal 1 0 0
    outer loop
      vertex 45.375 2.98891 68
      vertex 45.375 1.2 48.5
      vertex 45.375 3.12814 66
    endloop
  endfacet
  facet normal 1 0 0
    outer loop
      vertex 45.375 3.68505 58
      vertex 45.375 1.2 48.5
      vertex 45.375 3.82428 56
    endloop
  endfacet
  facet normal 1 0 0
    outer loop
      vertex 45.375 4.38119 48
      vertex 45.375 1.2 48.5
      vertex 45.375 1.2 48
    endloop
  endfacet
  facet normal 1 0 0
    outer loop
      vertex 45.375 1.1931 36.5
      vertex 45.375 5.21656 37
      vertex 45.375 1.1931 37
    endloop
  endfacet
  facet normal 1 0 0
    outer loop
      vertex 45.375 5.63424 30
      vertex 45.375 1.2 19.5
      vertex 45.375 5.77347 28
    endloop
  endfacet
  facet normal 1 0 0
    outer loop
      vertex 45.375 6.33039 21
      vertex 45.375 1.2 19.5
      vertex 45.375 6.33039 20
    endloop
  endfacet
  facet normal 1 0 0
    outer loop
      vertex 45.375 1.2 19
      vertex 45.375 6.33039 20
      vertex 45.375 1.2 19.5
    endloop
  endfacet
  facet normal 1 0 0
    outer loop
      vertex 45.375 6.33039 20
      vertex 45.375 1.2 19
      vertex 45.375 9.4 18.5
    endloop
  endfacet
  facet normal 1 -0 0
    outer loop
      vertex 45.375 -1.2 19
      vertex 45.375 9.4 18.5
      vertex 45.375 1.2 19
    endloop
  endfacet
  facet normal 1 0 0
    outer loop
      vertex 45.375 -1.17931 71.5
      vertex 45.375 -2.71046 72
      vertex 45.375 -2.84968 71
    endloop
  endfacet
  facet normal 1 0 0
    outer loop
      vertex 45.375 -1.0069 74.5
      vertex 45.375 -2.57123 74
      vertex 45.375 -1.04138 74
    endloop
  endfacet
  facet normal 1 0 0
    outer loop
      vertex 45.375 -1.17931 71.5
      vertex 45.375 -2.84968 70
      vertex 45.375 -2.98891 69
    endloop
  endfacet
  facet normal 1 0 0
    outer loop
      vertex 45.375 -1.14483 72.5
      vertex 45.375 -2.71046 72
      vertex 45.375 -1.17931 72
    endloop
  endfacet
  facet normal 1 0 0
    outer loop
      vertex 45.375 -1.17931 71.5
      vertex 45.375 -2.98891 69
      vertex 45.375 -1.1931 66
    endloop
  endfacet
  facet normal 1 0 0
    outer loop
      vertex 45.375 -1.17931 71.5
      vertex 45.375 -2.84968 71
      vertex 45.375 -2.84968 70
    endloop
  endfacet
  facet normal 1 -0 0
    outer loop
      vertex 45.375 -3.12814 67
      vertex 45.375 -1.1931 66
      vertex 45.375 -2.98891 68
    endloop
  endfacet
  facet normal 1 0 0
    outer loop
      vertex 45.375 -1.1931 66
      vertex 45.375 -2.98891 69
      vertex 45.375 -2.98891 68
    endloop
  endfacet
  facet normal 1 0 0
    outer loop
      vertex 45.375 -1.1931 65.5
      vertex 45.375 -3.12814 66
      vertex 45.375 -3.26737 65
    endloop
  endfacet
  facet normal 1 0 0
    outer loop
      vertex 45.375 -1.1931 66
      vertex 45.375 -3.12814 67
      vertex 45.375 -3.12814 66
    endloop
  endfacet
  facet normal 1 0 0
    outer loop
      vertex 45.375 -1.1931 65.5
      vertex 45.375 -3.26737 64
      vertex 45.375 -3.4066 63
    endloop
  endfacet
  facet normal 1 0 0
    outer loop
      vertex 45.375 -1.1931 65.5
      vertex 45.375 -3.26737 65
      vertex 45.375 -3.26737 64
    endloop
  endfacet
  facet normal 1 0 0
    outer loop
      vertex 45.375 -3.54582 61
      vertex 45.375 -1.1931 65.5
      vertex 45.375 -3.4066 62
    endloop
  endfacet
  facet normal 1 0 0
    outer loop
      vertex 45.375 -1.1931 65.5
      vertex 45.375 -3.4066 63
      vertex 45.375 -3.4066 62
    endloop
  endfacet
  facet normal 1 0 0
    outer loop
      vertex 45.375 -1.1931 65.5
      vertex 45.375 -3.54582 60
      vertex 45.375 -3.68505 58
    endloop
  endfacet
  facet normal 1 0 0
    outer loop
      vertex 45.375 -1.1931 65.5
      vertex 45.375 -3.54582 61
      vertex 45.375 -3.54582 60
    endloop
  endfacet
  facet normal 1 0 0
    outer loop
      vertex 45.375 -1.1931 65.5
      vertex 45.375 -3.68505 58
      vertex 45.375 -1.2 48.5
    endloop
  endfacet
  facet normal 1 0 0
    outer loop
      vertex 45.375 -3.68505 58
      vertex 45.375 -3.54582 60
      vertex 45.375 -3.68505 59
    endloop
  endfacet
  facet normal 1 -0 0
    outer loop
      vertex 45.375 -3.82428 56
      vertex 45.375 -1.2 48.5
      vertex 45.375 -3.68505 58
    endloop
  endfacet
  facet normal 1 0 0
    outer loop
      vertex 45.375 -3.82428 56
      vertex 45.375 -3.68505 58
      vertex 45.375 -3.82428 57
    endloop
  endfacet
  facet normal 1 -0 0
    outer loop
      vertex 45.375 -3.96351 54
      vertex 45.375 -1.2 48.5
      vertex 45.375 -3.82428 56
    endloop
  endfacet
  facet normal 1 0 0
    outer loop
      vertex 45.375 -3.96351 54
      vertex 45.375 -3.82428 56
      vertex 45.375 -3.96351 55
    endloop
  endfacet
  facet normal 1 -0 0
    outer loop
      vertex 45.375 -4.10274 53
      vertex 45.375 -1.2 48.5
      vertex 45.375 -3.96351 54
    endloop
  endfacet
  facet normal 1 0 0
    outer loop
      vertex 45.375 -1.2 48.5
      vertex 45.375 -4.10274 53
      vertex 45.375 -4.10274 52
    endloop
  endfacet
  facet normal 1 -0 0
    outer loop
      vertex 45.375 -4.24196 51
      vertex 45.375 -1.2 48.5
      vertex 45.375 -4.10274 52
    endloop
  endfacet
  facet normal 1 0 0
    outer loop
      vertex 45.375 -1.2 48.5
      vertex 45.375 -4.24196 51
      vertex 45.375 -4.24196 50
    endloop
  endfacet
  facet normal 1 -0 0
    outer loop
      vertex 45.375 -4.38119 49
      vertex 45.375 -1.2 48.5
      vertex 45.375 -4.24196 50
    endloop
  endfacet
  facet normal 1 0 0
    outer loop
      vertex 45.375 -1.2 48.5
      vertex 45.375 -4.38119 49
      vertex 45.375 -4.38119 48
    endloop
  endfacet
  facet normal 1 0 0
    outer loop
      vertex 45.375 -1.2 48
      vertex 45.375 -4.38119 48
      vertex 45.375 -4.52042 47
    endloop
  endfacet
  facet normal 1 0 0
    outer loop
      vertex 45.375 -1.2 48
      vertex 45.375 -4.52042 47
      vertex 45.375 -4.52042 46
    endloop
  endfacet
  facet normal 1 0 0
    outer loop
      vertex 45.375 -1.2 48
      vertex 45.375 -4.52042 46
      vertex 45.375 -4.65965 45
    endloop
  endfacet
  facet normal 1 0 0
    outer loop
      vertex 45.375 -1.2 48
      vertex 45.375 -4.65965 45
      vertex 45.375 -4.65965 44
    endloop
  endfacet
  facet normal 1 0 0
    outer loop
      vertex 45.375 -1.2 48
      vertex 45.375 -4.65965 44
      vertex 45.375 -4.79888 43
    endloop
  endfacet
  facet normal 1 0 0
    outer loop
      vertex 45.375 -1.2 48
      vertex 45.375 -4.79888 43
      vertex 45.375 -4.79888 42
    endloop
  endfacet
  facet normal 1 0 0
    outer loop
      vertex 45.375 -1.2 48
      vertex 45.375 -4.79888 42
      vertex 45.375 -4.9381 40
    endloop
  endfacet
  facet normal 1 0 0
    outer loop
      vertex 45.375 -4.9381 40
      vertex 45.375 -4.79888 42
      vertex 45.375 -4.9381 41
    endloop
  endfacet
  facet normal 1 0 0
    outer loop
      vertex 45.375 -1.2 48
      vertex 45.375 -4.9381 40
      vertex 45.375 -5.07733 38
    endloop
  endfacet
  facet normal 1 0 0
    outer loop
      vertex 45.375 -5.07733 38
      vertex 45.375 -4.9381 40
      vertex 45.375 -5.07733 39
    endloop
  endfacet
  facet normal 1 0 0
    outer loop
      vertex 45.375 -1.2 48
      vertex 45.375 -5.07733 38
      vertex 45.375 -5.21656 36
    endloop
  endfacet
  facet normal 1 0 0
    outer loop
      vertex 45.375 -5.21656 36
      vertex 45.375 -5.07733 38
      vertex 45.375 -5.21656 37
    endloop
  endfacet
  facet normal 1 -0 0
    outer loop
      vertex 45.375 -5.35579 34
      vertex 45.375 -1.2 19.5
      vertex 45.375 -5.21656 36
    endloop
  endfacet
  facet normal 1 0 0
    outer loop
      vertex 45.375 -5.35579 34
      vertex 45.375 -5.21656 36
      vertex 45.375 -5.35579 35
    endloop
  endfacet
  facet normal 1 -0 0
    outer loop
      vertex 45.375 -5.49502 32
      vertex 45.375 -1.2 19.5
      vertex 45.375 -5.35579 34
    endloop
  endfacet
  facet normal 1 0 0
    outer loop
      vertex 45.375 -5.49502 32
      vertex 45.375 -5.35579 34
      vertex 45.375 -5.49502 33
    endloop
  endfacet
  facet normal 1 -0 0
    outer loop
      vertex 45.375 -5.63424 30
      vertex 45.375 -1.2 19.5
      vertex 45.375 -5.49502 32
    endloop
  endfacet
  facet normal 1 0 0
    outer loop
      vertex 45.375 -5.63424 30
      vertex 45.375 -5.49502 32
      vertex 45.375 -5.63424 31
    endloop
  endfacet
  facet normal 1 -0 0
    outer loop
      vertex 45.375 -5.77347 28
      vertex 45.375 -1.2 19.5
      vertex 45.375 -5.63424 30
    endloop
  endfacet
  facet normal 1 0 0
    outer loop
      vertex 45.375 -5.77347 28
      vertex 45.375 -5.63424 30
      vertex 45.375 -5.77347 29
    endloop
  endfacet
  facet normal 1 -0 0
    outer loop
      vertex 45.375 -5.9127 26
      vertex 45.375 -1.2 19.5
      vertex 45.375 -5.77347 28
    endloop
  endfacet
  facet normal 1 0 0
    outer loop
      vertex 45.375 -5.9127 26
      vertex 45.375 -5.77347 28
      vertex 45.375 -5.9127 27
    endloop
  endfacet
  facet normal 1 -0 0
    outer loop
      vertex 45.375 -6.05193 25
      vertex 45.375 -1.2 19.5
      vertex 45.375 -5.9127 26
    endloop
  endfacet
  facet normal 1 -0 0
    outer loop
      vertex 45.375 -6.05193 24
      vertex 45.375 -1.2 19.5
      vertex 45.375 -6.05193 25
    endloop
  endfacet
  facet normal 1 -0 0
    outer loop
      vertex 45.375 -6.19116 23
      vertex 45.375 -1.2 19.5
      vertex 45.375 -6.05193 24
    endloop
  endfacet
  facet normal 1 -0 0
    outer loop
      vertex 45.375 -6.19116 22
      vertex 45.375 -1.2 19.5
      vertex 45.375 -6.19116 23
    endloop
  endfacet
  facet normal 1 -0 0
    outer loop
      vertex 45.375 -6.33039 21
      vertex 45.375 -1.2 19.5
      vertex 45.375 -6.19116 22
    endloop
  endfacet
  facet normal 1 -0 0
    outer loop
      vertex 45.375 -6.33039 20
      vertex 45.375 -1.2 19.5
      vertex 45.375 -6.33039 21
    endloop
  endfacet
  facet normal 1 0 0
    outer loop
      vertex 45.375 -1.2 19.5
      vertex 45.375 -6.33039 20
      vertex 45.375 -1.2 19
    endloop
  endfacet
  facet normal 1 0 0
    outer loop
      vertex 45.375 -9.4 18.5
      vertex 45.375 -6.33039 20
      vertex 45.375 -9.4 20
    endloop
  endfacet
  facet normal 1 0 0
    outer loop
      vertex 45.375 -1.2 19
      vertex 45.375 -9.4 18.5
      vertex 45.375 9.4 18.5
    endloop
  endfacet
  facet normal 1 0 0
    outer loop
      vertex 45.375 -6.33039 20
      vertex 45.375 -9.4 18.5
      vertex 45.375 -1.2 19
    endloop
  endfacet
  facet normal 1 0 0
    outer loop
      vertex 45.375 1.17241 60.5
      vertex 45.375 2.432 76
      vertex 45.375 1.1931 65.5
    endloop
  endfacet
  facet normal 1 0 0
    outer loop
      vertex 45.375 1.18621 54
      vertex 45.375 2.432 76
      vertex 45.375 1.18621 54.5
    endloop
  endfacet
  facet normal 1 0 0
    outer loop
      vertex 45.375 2.432 76
      vertex 45.375 1.18621 54
      vertex 45.375 1.2 48.5
    endloop
  endfacet
  facet normal 1 -0 0
    outer loop
      vertex 45.375 1.16552 49
      vertex 45.375 1.2 48.5
      vertex 45.375 1.18621 54
    endloop
  endfacet
  facet normal 1 0 0
    outer loop
      vertex 45.375 1.2 48.5
      vertex 45.375 1.16552 49
      vertex 45.375 1.16552 48.5
    endloop
  endfacet
  facet normal 1 0 0
    outer loop
      vertex 45.375 5.49502 32
      vertex 45.375 1.17241 31
      vertex 45.375 5.63424 31
    endloop
  endfacet
  facet normal 1 0 0
    outer loop
      vertex 45.375 1.18621 25
      vertex 45.375 5.63424 30
      vertex 45.375 1.18621 25.5
    endloop
  endfacet
  facet normal 1 0 0
    outer loop
      vertex 45.375 0.993103 22.5
      vertex 45.375 5.63424 30
      vertex 45.375 1.18621 25
    endloop
  endfacet
  facet normal 1 0 0
    outer loop
      vertex 45.375 5.63424 30
      vertex 45.375 1.16552 20
      vertex 45.375 1.2 19.5
    endloop
  endfacet
  facet normal 1 0 0
    outer loop
      vertex 45.375 1.2 19.5
      vertex 45.375 1.16552 20
      vertex 45.375 1.16552 19.5
    endloop
  endfacet
  facet normal 1 0 0
    outer loop
      vertex 45.375 1.05517 68
      vertex 45.375 2.432 76
      vertex 45.375 1.17931 71.5
    endloop
  endfacet
  facet normal 1 0 0
    outer loop
      vertex 45.375 2.432 76
      vertex 45.375 1.15862 66.5
      vertex 45.375 1.1931 66
    endloop
  endfacet
  facet normal 1 0 0
    outer loop
      vertex 45.375 1.1931 66
      vertex 45.375 1.15862 66.5
      vertex 45.375 1.15862 66
    endloop
  endfacet
  facet normal 1 0 0
    outer loop
      vertex 45.375 0.882758 41.5
      vertex 45.375 4.79888 42
      vertex 45.375 1.17931 42.5
    endloop
  endfacet
  facet normal 1 0 0
    outer loop
      vertex 45.375 4.79888 42
      vertex 45.375 1.15862 37.5
      vertex 45.375 1.1931 37
    endloop
  endfacet
  facet normal 1 0 0
    outer loop
      vertex 45.375 1.1931 37
      vertex 45.375 1.15862 37.5
      vertex 45.375 1.15862 37
    endloop
  endfacet
  facet normal 1 0 0
    outer loop
      vertex 45.375 2.432 76
      vertex 45.375 1.17241 60
      vertex 45.375 1.18621 54.5
    endloop
  endfacet
  facet normal 1 -0 0
    outer loop
      vertex 45.375 1.15172 55
      vertex 45.375 1.18621 54.5
      vertex 45.375 1.17241 60
    endloop
  endfacet
  facet normal 1 0 0
    outer loop
      vertex 45.375 1.18621 54.5
      vertex 45.375 1.15172 55
      vertex 45.375 1.15172 54.5
    endloop
  endfacet
  facet normal 1 0 0
    outer loop
      vertex 45.375 0.910344 29.5
      vertex 45.375 5.63424 30
      vertex 45.375 1.17241 31
    endloop
  endfacet
  facet normal 1 0 0
    outer loop
      vertex 45.375 5.63424 30
      vertex 45.375 1.15172 26
      vertex 45.375 1.18621 25.5
    endloop
  endfacet
  facet normal 1 0 0
    outer loop
      vertex 45.375 1.18621 25.5
      vertex 45.375 1.15172 26
      vertex 45.375 1.15172 25.5
    endloop
  endfacet
  facet normal 1 0 0
    outer loop
      vertex 45.375 1.17931 72
      vertex 45.375 1.14483 72.5
      vertex 45.375 1.14483 72
    endloop
  endfacet
  facet normal 1 0 0
    outer loop
      vertex 45.375 1.17931 43
      vertex 45.375 1.14483 43.5
      vertex 45.375 1.14483 43
    endloop
  endfacet
  facet normal 1 0 0
    outer loop
      vertex 45.375 1.17241 60.5
      vertex 45.375 1.13793 61
      vertex 45.375 1.13793 60.5
    endloop
  endfacet
  facet normal 1 0 0
    outer loop
      vertex 45.375 1.17241 31.5
      vertex 45.375 1.13793 32
      vertex 45.375 1.13793 31.5
    endloop
  endfacet
  facet normal 1 0 0
    outer loop
      vertex 45.375 1.16552 49
      vertex 45.375 1.13103 49.5
      vertex 45.375 1.13103 49
    endloop
  endfacet
  facet normal 1 0 0
    outer loop
      vertex 45.375 1.16552 20
      vertex 45.375 1.13103 20.5
      vertex 45.375 1.13103 20
    endloop
  endfacet
  facet normal 1 0 0
    outer loop
      vertex 45.375 1.15862 66.5
      vertex 45.375 1.12414 67
      vertex 45.375 1.12414 66.5
    endloop
  endfacet
  facet normal 1 0 0
    outer loop
      vertex 45.375 1.15862 37.5
      vertex 45.375 1.12414 38
      vertex 45.375 1.12414 37.5
    endloop
  endfacet
  facet normal 1 0 0
    outer loop
      vertex 45.375 1.15172 55
      vertex 45.375 1.11724 55.5
      vertex 45.375 1.11724 55
    endloop
  endfacet
  facet normal 1 0 0
    outer loop
      vertex 45.375 1.15172 26
      vertex 45.375 1.11724 26.5
      vertex 45.375 1.11724 26
    endloop
  endfacet
  facet normal 1 0 0
    outer loop
      vertex 45.375 1.14483 72.5
      vertex 45.375 1.11034 73
      vertex 45.375 1.11034 72.5
    endloop
  endfacet
  facet normal 1 0 0
    outer loop
      vertex 45.375 1.14483 43.5
      vertex 45.375 1.11034 44
      vertex 45.375 1.11034 43.5
    endloop
  endfacet
  facet normal 1 0 0
    outer loop
      vertex 45.375 1.13793 61
      vertex 45.375 1.10345 61.5
      vertex 45.375 1.10345 61
    endloop
  endfacet
  facet normal 1 0 0
    outer loop
      vertex 45.375 1.13793 32
      vertex 45.375 1.10345 32.5
      vertex 45.375 1.10345 32
    endloop
  endfacet
  facet normal 1 0 0
    outer loop
      vertex 45.375 1.13103 49.5
      vertex 45.375 1.09655 50
      vertex 45.375 1.09655 49.5
    endloop
  endfacet
  facet normal 1 0 0
    outer loop
      vertex 45.375 1.13103 20.5
      vertex 45.375 1.09655 21
      vertex 45.375 1.09655 20.5
    endloop
  endfacet
  facet normal 1 0 0
    outer loop
      vertex 45.375 1.12414 67
      vertex 45.375 1.08965 67.5
      vertex 45.375 1.08965 67
    endloop
  endfacet
  facet normal 1 0 0
    outer loop
      vertex 45.375 1.12414 38
      vertex 45.375 1.08965 38.5
      vertex 45.375 1.08965 38
    endloop
  endfacet
  facet normal 1 0 0
    outer loop
      vertex 45.375 1.11724 55.5
      vertex 45.375 1.08276 56
      vertex 45.375 1.08276 55.5
    endloop
  endfacet
  facet normal 1 0 0
    outer loop
      vertex 45.375 1.11724 26.5
      vertex 45.375 1.08276 27
      vertex 45.375 1.08276 26.5
    endloop
  endfacet
  facet normal 1 0 0
    outer loop
      vertex 45.375 1.11034 73
      vertex 45.375 1.07586 73.5
      vertex 45.375 1.07586 73
    endloop
  endfacet
  facet normal 1 0 0
    outer loop
      vertex 45.375 1.11034 44
      vertex 45.375 1.07586 44.5
      vertex 45.375 1.07586 44
    endloop
  endfacet
  facet normal 1 0 0
    outer loop
      vertex 45.375 1.10345 61.5
      vertex 45.375 1.06896 62
      vertex 45.375 1.06896 61.5
    endloop
  endfacet
  facet normal 1 0 0
    outer loop
      vertex 45.375 1.10345 32.5
      vertex 45.375 1.06896 33
      vertex 45.375 1.06896 32.5
    endloop
  endfacet
  facet normal 1 0 0
    outer loop
      vertex 45.375 1.09655 50
      vertex 45.375 1.06207 50.5
      vertex 45.375 1.06207 50
    endloop
  endfacet
  facet normal 1 0 0
    outer loop
      vertex 45.375 1.09655 21
      vertex 45.375 1.06207 21.5
      vertex 45.375 1.06207 21
    endloop
  endfacet
  facet normal 1 0 0
    outer loop
      vertex 45.375 1.08965 67.5
      vertex 45.375 1.05517 68
      vertex 45.375 1.05517 67.5
    endloop
  endfacet
  facet normal 1 0 0
    outer loop
      vertex 45.375 1.08965 38.5
      vertex 45.375 1.05517 39
      vertex 45.375 1.05517 38.5
    endloop
  endfacet
  facet normal 1 0 0
    outer loop
      vertex 45.375 1.08276 56
      vertex 45.375 1.04827 56.5
      vertex 45.375 1.04827 56
    endloop
  endfacet
  facet normal 1 0 0
    outer loop
      vertex 45.375 1.08276 27
      vertex 45.375 1.04827 27.5
      vertex 45.375 1.04827 27
    endloop
  endfacet
  facet normal 1 0 0
    outer loop
      vertex 45.375 1.07586 73.5
      vertex 45.375 1.04138 74
      vertex 45.375 1.04138 73.5
    endloop
  endfacet
  facet normal 1 0 0
    outer loop
      vertex 45.375 1.07586 44.5
      vertex 45.375 1.04138 45
      vertex 45.375 1.04138 44.5
    endloop
  endfacet
  facet normal 1 0 0
    outer loop
      vertex 45.375 1.06896 62
      vertex 45.375 1.03448 62.5
      vertex 45.375 1.03448 62
    endloop
  endfacet
  facet normal 1 0 0
    outer loop
      vertex 45.375 1.06896 33
      vertex 45.375 1.03448 33.5
      vertex 45.375 1.03448 33
    endloop
  endfacet
  facet normal 1 0 0
    outer loop
      vertex 45.375 1.06207 50.5
      vertex 45.375 1.02759 51
      vertex 45.375 1.02759 50.5
    endloop
  endfacet
  facet normal 1 0 0
    outer loop
      vertex 45.375 1.06207 21.5
      vertex 45.375 1.02759 22
      vertex 45.375 1.02759 21.5
    endloop
  endfacet
  facet normal 1 0 0
    outer loop
      vertex 45.375 1.05517 68
      vertex 45.375 1.02069 68.5
      vertex 45.375 1.02069 68
    endloop
  endfacet
  facet normal 1 0 0
    outer loop
      vertex 45.375 1.05517 39
      vertex 45.375 1.02069 39.5
      vertex 45.375 1.02069 39
    endloop
  endfacet
  facet normal 1 0 0
    outer loop
      vertex 45.375 1.04827 56.5
      vertex 45.375 1.01379 57
      vertex 45.375 1.01379 56.5
    endloop
  endfacet
  facet normal 1 0 0
    outer loop
      vertex 45.375 1.04827 27.5
      vertex 45.375 1.01379 28
      vertex 45.375 1.01379 27.5
    endloop
  endfacet
  facet normal 1 0 0
    outer loop
      vertex 45.375 1.04138 74
      vertex 45.375 1.0069 74.5
      vertex 45.375 1.0069 74
    endloop
  endfacet
  facet normal 1 0 0
    outer loop
      vertex 45.375 1.04138 45
      vertex 45.375 1.0069 45.5
      vertex 45.375 1.0069 45
    endloop
  endfacet
  facet normal 1 0 0
    outer loop
      vertex 45.375 1.03448 62.5
      vertex 45.375 1 63
      vertex 45.375 1 62.5
    endloop
  endfacet
  facet normal 1 0 0
    outer loop
      vertex 45.375 1.03448 33.5
      vertex 45.375 1 34
      vertex 45.375 1 33.5
    endloop
  endfacet
  facet normal 1 0 0
    outer loop
      vertex 45.375 1.02759 51
      vertex 45.375 0.993103 51.5
      vertex 45.375 0.993103 51
    endloop
  endfacet
  facet normal 1 0 0
    outer loop
      vertex 45.375 1.02759 22
      vertex 45.375 0.993103 22.5
      vertex 45.375 0.993103 22
    endloop
  endfacet
  facet normal 1 0 0
    outer loop
      vertex 45.375 1.02069 68.5
      vertex 45.375 0.986206 69
      vertex 45.375 0.986206 68.5
    endloop
  endfacet
  facet normal 1 0 0
    outer loop
      vertex 45.375 1.02069 39.5
      vertex 45.375 0.986206 40
      vertex 45.375 0.986206 39.5
    endloop
  endfacet
  facet normal 1 0 0
    outer loop
      vertex 45.375 1.01379 57
      vertex 45.375 0.97931 57.5
      vertex 45.375 0.97931 57
    endloop
  endfacet
  facet normal 1 0 0
    outer loop
      vertex 45.375 1.01379 28
      vertex 45.375 0.97931 28.5
      vertex 45.375 0.97931 28
    endloop
  endfacet
  facet normal 1 0 0
    outer loop
      vertex 45.375 1.0069 74.5
      vertex 45.375 0.972413 75
      vertex 45.375 0.972413 74.5
    endloop
  endfacet
  facet normal 1 0 0
    outer loop
      vertex 45.375 1.0069 45.5
      vertex 45.375 0.972413 46
      vertex 45.375 0.972413 45.5
    endloop
  endfacet
  facet normal 1 0 0
    outer loop
      vertex 45.375 1 63
      vertex 45.375 0.965517 63.5
      vertex 45.375 0.965517 63
    endloop
  endfacet
  facet normal 1 0 0
    outer loop
      vertex 45.375 1 34
      vertex 45.375 0.965517 34.5
      vertex 45.375 0.965517 34
    endloop
  endfacet
  facet normal 1 0 0
    outer loop
      vertex 45.375 0.993103 51.5
      vertex 45.375 0.95862 52
      vertex 45.375 0.95862 51.5
    endloop
  endfacet
  facet normal 1 0 0
    outer loop
      vertex 45.375 0.993103 22.5
      vertex 45.375 0.95862 23
      vertex 45.375 0.95862 22.5
    endloop
  endfacet
  facet normal 1 0 0
    outer loop
      vertex 45.375 0.986206 69
      vertex 45.375 0.951724 69.5
      vertex 45.375 0.951724 69
    endloop
  endfacet
  facet normal 1 0 0
    outer loop
      vertex 45.375 0.986206 40
      vertex 45.375 0.951724 40.5
      vertex 45.375 0.951724 40
    endloop
  endfacet
  facet normal 1 0 0
    outer loop
      vertex 45.375 0.97931 57.5
      vertex 45.375 0.944827 58
      vertex 45.375 0.944827 57.5
    endloop
  endfacet
  facet normal 1 0 0
    outer loop
      vertex 45.375 0.97931 28.5
      vertex 45.375 0.944827 29
      vertex 45.375 0.944827 28.5
    endloop
  endfacet
  facet normal 1 0 0
    outer loop
      vertex 45.375 0.972413 75
      vertex 45.375 0.93793 75.5
      vertex 45.375 0.93793 75
    endloop
  endfacet
  facet normal 1 0 0
    outer loop
      vertex 45.375 0.972413 46
      vertex 45.375 0.93793 46.5
      vertex 45.375 0.93793 46
    endloop
  endfacet
  facet normal 1 0 0
    outer loop
      vertex 45.375 0.965517 63.5
      vertex 45.375 0.931034 64
      vertex 45.375 0.931034 63.5
    endloop
  endfacet
  facet normal 1 0 0
    outer loop
      vertex 45.375 0.965517 34.5
      vertex 45.375 0.931034 35
      vertex 45.375 0.931034 34.5
    endloop
  endfacet
  facet normal 1 0 0
    outer loop
      vertex 45.375 0.95862 52
      vertex 45.375 0.924137 52.5
      vertex 45.375 0.924137 52
    endloop
  endfacet
  facet normal 1 0 0
    outer loop
      vertex 45.375 0.95862 23
      vertex 45.375 0.924137 23.5
      vertex 45.375 0.924137 23
    endloop
  endfacet
  facet normal 1 0 0
    outer loop
      vertex 45.375 0.951724 69.5
      vertex 45.375 0.917241 70
      vertex 45.375 0.917241 69.5
    endloop
  endfacet
  facet normal 1 0 0
    outer loop
      vertex 45.375 0.951724 40.5
      vertex 45.375 0.917241 41
      vertex 45.375 0.917241 40.5
    endloop
  endfacet
  facet normal 1 0 0
    outer loop
      vertex 45.375 0.944827 58
      vertex 45.375 0.910344 58.5
      vertex 45.375 0.910344 58
    endloop
  endfacet
  facet normal 1 0 0
    outer loop
      vertex 45.375 0.944827 29
      vertex 45.375 0.910344 29.5
      vertex 45.375 0.910344 29
    endloop
  endfacet
  facet normal 1 0 0
    outer loop
      vertex 45.375 0.93793 75.5
      vertex 45.375 0.903448 76
      vertex 45.375 0.903448 75.5
    endloop
  endfacet
  facet normal 1 0 0
    outer loop
      vertex 45.375 0.93793 46.5
      vertex 45.375 0.903448 47
      vertex 45.375 0.903448 46.5
    endloop
  endfacet
  facet normal 1 0 0
    outer loop
      vertex 45.375 0.931034 64
      vertex 45.375 0.896551 64.5
      vertex 45.375 0.896551 64
    endloop
  endfacet
  facet normal 1 0 0
    outer loop
      vertex 45.375 0.931034 35
      vertex 45.375 0.896551 35.5
      vertex 45.375 0.896551 35
    endloop
  endfacet
  facet normal 1 0 0
    outer loop
      vertex 45.375 0.924137 52.5
      vertex 45.375 0.889655 53
      vertex 45.375 0.889655 52.5
    endloop
  endfacet
  facet normal 1 0 0
    outer loop
      vertex 45.375 0.924137 23.5
      vertex 45.375 0.889655 24
      vertex 45.375 0.889655 23.5
    endloop
  endfacet
  facet normal 1 0 0
    outer loop
      vertex 45.375 0.917241 70
      vertex 45.375 0.882758 70.5
      vertex 45.375 0.882758 70
    endloop
  endfacet
  facet normal 1 0 0
    outer loop
      vertex 45.375 0.917241 41
      vertex 45.375 0.882758 41.5
      vertex 45.375 0.882758 41
    endloop
  endfacet
  facet normal 1 0 0
    outer loop
      vertex 45.375 0.910344 58.5
      vertex 45.375 0.875861 59
      vertex 45.375 0.875861 58.5
    endloop
  endfacet
  facet normal 1 0 0
    outer loop
      vertex 45.375 0.910344 29.5
      vertex 45.375 0.875861 30
      vertex 45.375 0.875861 29.5
    endloop
  endfacet
  facet normal 1 0 0
    outer loop
      vertex 45.375 0.903448 76
      vertex 45.375 0.868965 76.5
      vertex 45.375 0.868965 76
    endloop
  endfacet
  facet normal 1 0 0
    outer loop
      vertex 45.375 0.903448 47
      vertex 45.375 0.868965 47.5
      vertex 45.375 0.868965 47
    endloop
  endfacet
  facet normal 1 0 0
    outer loop
      vertex 45.375 0.896551 64.5
      vertex 45.375 0.862068 65
      vertex 45.375 0.862068 64.5
    endloop
  endfacet
  facet normal 1 0 0
    outer loop
      vertex 45.375 0.896551 35.5
      vertex 45.375 0.862068 36
      vertex 45.375 0.862068 35.5
    endloop
  endfacet
  facet normal 1 0 0
    outer loop
      vertex 45.375 0.889655 53
      vertex 45.375 0.855172 53.5
      vertex 45.375 0.855172 53
    endloop
  endfacet
  facet normal 1 0 0
    outer loop
      vertex 45.375 0.889655 24
      vertex 45.375 0.855172 24.5
      vertex 45.375 0.855172 24
    endloop
  endfacet
  facet normal 1 0 0
    outer loop
      vertex 45.375 0.882758 70.5
      vertex 45.375 0.848275 71
      vertex 45.375 0.848275 70.5
    endloop
  endfacet
  facet normal 1 0 0
    outer loop
      vertex 45.375 0.882758 41.5
      vertex 45.375 0.848275 42
      vertex 45.375 0.848275 41.5
    endloop
  endfacet
  facet normal 1 0 0
    outer loop
      vertex 45.375 0.875861 59
      vertex 45.375 0.841379 59.5
      vertex 45.375 0.841379 59
    endloop
  endfacet
  facet normal 1 0 0
    outer loop
      vertex 45.375 0.875861 30
      vertex 45.375 0.841379 30.5
      vertex 45.375 0.841379 30
    endloop
  endfacet
  facet normal 1 0 0
    outer loop
      vertex 45.375 -0.820689 54
      vertex 45.375 -0.855172 53.5
      vertex 45.375 -0.820689 53.5
    endloop
  endfacet
  facet normal 1 0 0
    outer loop
      vertex 45.375 -0.855172 53.5
      vertex 45.375 -0.889655 53
      vertex 45.375 -0.855172 53
    endloop
  endfacet
  facet normal 1 -0 0
    outer loop
      vertex 45.375 -1.18621 54
      vertex 45.375 -0.855172 53.5
      vertex 45.375 -0.820689 54
    endloop
  endfacet
  facet normal 1 0 0
    outer loop
      vertex 45.375 -0.889655 53
      vertex 45.375 -0.924137 52.5
      vertex 45.375 -0.889655 52.5
    endloop
  endfacet
  facet normal 1 0 0
    outer loop
      vertex 45.375 -0.924137 52.5
      vertex 45.375 -0.95862 52
      vertex 45.375 -0.924137 52
    endloop
  endfacet
  facet normal 1 0 0
    outer loop
      vertex 45.375 -1.18621 54
      vertex 45.375 -0.924137 52.5
      vertex 45.375 -0.889655 53
    endloop
  endfacet
  facet normal 1 0 0
    outer loop
      vertex 45.375 -0.95862 52
      vertex 45.375 -0.993103 51.5
      vertex 45.375 -0.95862 51.5
    endloop
  endfacet
  facet normal 1 0 0
    outer loop
      vertex 45.375 -0.924137 52.5
      vertex 45.375 -1.18621 54
      vertex 45.375 -0.95862 52
    endloop
  endfacet
  facet normal 1 0 0
    outer loop
      vertex 45.375 -0.993103 51.5
      vertex 45.375 -1.02759 51
      vertex 45.375 -0.993103 51
    endloop
  endfacet
  facet normal 1 0 0
    outer loop
      vertex 45.375 -0.95862 52
      vertex 45.375 -1.18621 54
      vertex 45.375 -0.993103 51.5
    endloop
  endfacet
  facet normal 1 0 0
    outer loop
      vertex 45.375 -1.02759 51
      vertex 45.375 -1.06207 50.5
      vertex 45.375 -1.02759 50.5
    endloop
  endfacet
  facet normal 1 0 0
    outer loop
      vertex 45.375 -0.993103 51.5
      vertex 45.375 -1.18621 54
      vertex 45.375 -1.02759 51
    endloop
  endfacet
  facet normal 1 0 0
    outer loop
      vertex 45.375 -1.06207 50.5
      vertex 45.375 -1.09655 50
      vertex 45.375 -1.06207 50
    endloop
  endfacet
  facet normal 1 0 0
    outer loop
      vertex 45.375 -1.09655 50
      vertex 45.375 -1.13103 49.5
      vertex 45.375 -1.09655 49.5
    endloop
  endfacet
  facet normal 1 0 0
    outer loop
      vertex 45.375 -1.18621 54
      vertex 45.375 -1.09655 50
      vertex 45.375 -1.06207 50.5
    endloop
  endfacet
  facet normal 1 0 0
    outer loop
      vertex 45.375 -1.13103 49.5
      vertex 45.375 -1.16552 49
      vertex 45.375 -1.13103 49
    endloop
  endfacet
  facet normal 1 0 0
    outer loop
      vertex 45.375 -1.09655 50
      vertex 45.375 -1.18621 54
      vertex 45.375 -1.13103 49.5
    endloop
  endfacet
  facet normal 1 0 0
    outer loop
      vertex 45.375 -0.855172 53.5
      vertex 45.375 -1.18621 54
      vertex 45.375 -0.889655 53
    endloop
  endfacet
  facet normal 1 0 0
    outer loop
      vertex 45.375 -1.02759 51
      vertex 45.375 -1.18621 54
      vertex 45.375 -1.06207 50.5
    endloop
  endfacet
  facet normal 1 0 0
    outer loop
      vertex 45.375 -1.13103 49.5
      vertex 45.375 -1.18621 54
      vertex 45.375 -1.16552 49
    endloop
  endfacet
  facet normal 1 0 0
    outer loop
      vertex 45.375 -1.2 48.5
      vertex 45.375 -1.16552 49
      vertex 45.375 -1.18621 54
    endloop
  endfacet
  facet normal 1 0 0
    outer loop
      vertex 45.375 -1.16552 49
      vertex 45.375 -1.2 48.5
      vertex 45.375 -1.16552 48.5
    endloop
  endfacet
  facet normal 1 0 0
    outer loop
      vertex 45.375 -1.2 48.5
      vertex 45.375 -1.18621 54
      vertex 45.375 -1.1931 65.5
    endloop
  endfacet
  facet normal 1 0 0
    outer loop
      vertex 45.375 -0.820689 25
      vertex 45.375 -0.855172 24.5
      vertex 45.375 -0.820689 24.5
    endloop
  endfacet
  facet normal 1 0 0
    outer loop
      vertex 45.375 -0.855172 24.5
      vertex 45.375 -0.889655 24
      vertex 45.375 -0.855172 24
    endloop
  endfacet
  facet normal 1 -0 0
    outer loop
      vertex 45.375 -1.18621 25
      vertex 45.375 -0.855172 24.5
      vertex 45.375 -0.820689 25
    endloop
  endfacet
  facet normal 1 0 0
    outer loop
      vertex 45.375 -0.889655 24
      vertex 45.375 -0.924137 23.5
      vertex 45.375 -0.889655 23.5
    endloop
  endfacet
  facet normal 1 0 0
    outer loop
      vertex 45.375 -0.924137 23.5
      vertex 45.375 -0.95862 23
      vertex 45.375 -0.924137 23
    endloop
  endfacet
  facet normal 1 0 0
    outer loop
      vertex 45.375 -1.18621 25
      vertex 45.375 -0.924137 23.5
      vertex 45.375 -0.889655 24
    endloop
  endfacet
  facet normal 1 0 0
    outer loop
      vertex 45.375 -0.95862 23
      vertex 45.375 -0.993103 22.5
      vertex 45.375 -0.95862 22.5
    endloop
  endfacet
  facet normal 1 0 0
    outer loop
      vertex 45.375 -0.924137 23.5
      vertex 45.375 -1.18621 25
      vertex 45.375 -0.95862 23
    endloop
  endfacet
  facet normal 1 0 0
    outer loop
      vertex 45.375 -0.993103 22.5
      vertex 45.375 -1.02759 22
      vertex 45.375 -0.993103 22
    endloop
  endfacet
  facet normal 1 0 0
    outer loop
      vertex 45.375 -0.95862 23
      vertex 45.375 -1.18621 25
      vertex 45.375 -0.993103 22.5
    endloop
  endfacet
  facet normal 1 0 0
    outer loop
      vertex 45.375 -1.02759 22
      vertex 45.375 -1.06207 21.5
      vertex 45.375 -1.02759 21.5
    endloop
  endfacet
  facet normal 1 0 0
    outer loop
      vertex 45.375 -0.993103 22.5
      vertex 45.375 -1.18621 25
      vertex 45.375 -1.02759 22
    endloop
  endfacet
  facet normal 1 0 0
    outer loop
      vertex 45.375 -1.06207 21.5
      vertex 45.375 -1.09655 21
      vertex 45.375 -1.06207 21
    endloop
  endfacet
  facet normal 1 0 0
    outer loop
      vertex 45.375 -1.09655 21
      vertex 45.375 -1.13103 20.5
      vertex 45.375 -1.09655 20.5
    endloop
  endfacet
  facet normal 1 0 0
    outer loop
      vertex 45.375 -1.18621 25
      vertex 45.375 -1.09655 21
      vertex 45.375 -1.06207 21.5
    endloop
  endfacet
  facet normal 1 0 0
    outer loop
      vertex 45.375 -1.13103 20.5
      vertex 45.375 -1.16552 20
      vertex 45.375 -1.13103 20
    endloop
  endfacet
  facet normal 1 0 0
    outer loop
      vertex 45.375 -1.09655 21
      vertex 45.375 -1.18621 25
      vertex 45.375 -1.13103 20.5
    endloop
  endfacet
  facet normal 1 0 0
    outer loop
      vertex 45.375 -0.855172 24.5
      vertex 45.375 -1.18621 25
      vertex 45.375 -0.889655 24
    endloop
  endfacet
  facet normal 1 0 0
    outer loop
      vertex 45.375 -1.02759 22
      vertex 45.375 -1.18621 25
      vertex 45.375 -1.06207 21.5
    endloop
  endfacet
  facet normal 1 0 0
    outer loop
      vertex 45.375 -1.13103 20.5
      vertex 45.375 -1.18621 25
      vertex 45.375 -1.16552 20
    endloop
  endfacet
  facet normal 1 0 0
    outer loop
      vertex 45.375 -1.2 19.5
      vertex 45.375 -1.16552 20
      vertex 45.375 -1.18621 25
    endloop
  endfacet
  facet normal 1 0 0
    outer loop
      vertex 45.375 -1.2 48
      vertex 45.375 -1.18621 25
      vertex 45.375 -1.1931 36.5
    endloop
  endfacet
  facet normal 1 0 0
    outer loop
      vertex 45.375 -1.16552 20
      vertex 45.375 -1.2 19.5
      vertex 45.375 -1.16552 19.5
    endloop
  endfacet
  facet normal 1 0 0
    outer loop
      vertex 45.375 -1.2 19.5
      vertex 45.375 -1.18621 25
      vertex 45.375 -1.2 48
    endloop
  endfacet
  facet normal 1 -0 0
    outer loop
      vertex 45.375 -9.19551 22
      vertex 45.375 -6.33039 21
      vertex 45.375 -6.19116 22
    endloop
  endfacet
  facet normal 1 0 0
    outer loop
      vertex 45.375 -6.33039 21
      vertex 45.375 -9.19551 22
      vertex 45.375 -9.19551 21
    endloop
  endfacet
  facet normal 1 -0 0
    outer loop
      vertex 45.375 -8.99102 24
      vertex 45.375 -6.19116 23
      vertex 45.375 -6.05193 24
    endloop
  endfacet
  facet normal 1 0 0
    outer loop
      vertex 45.375 -6.19116 23
      vertex 45.375 -8.99102 24
      vertex 45.375 -8.99102 23
    endloop
  endfacet
  facet normal 1 -0 0
    outer loop
      vertex 45.375 -8.78653 26
      vertex 45.375 -6.05193 25
      vertex 45.375 -5.9127 26
    endloop
  endfacet
  facet normal 1 0 0
    outer loop
      vertex 45.375 -6.05193 25
      vertex 45.375 -8.78653 26
      vertex 45.375 -8.78653 25
    endloop
  endfacet
  facet normal 1 -0 0
    outer loop
      vertex 45.375 -8.58204 28
      vertex 45.375 -5.9127 27
      vertex 45.375 -5.77347 28
    endloop
  endfacet
  facet normal 1 0 0
    outer loop
      vertex 45.375 -5.9127 27
      vertex 45.375 -8.58204 28
      vertex 45.375 -8.58204 27
    endloop
  endfacet
  facet normal 1 -0 0
    outer loop
      vertex 45.375 -8.37754 30
      vertex 45.375 -5.77347 29
      vertex 45.375 -5.63424 30
    endloop
  endfacet
  facet normal 1 0 0
    outer loop
      vertex 45.375 -5.77347 29
      vertex 45.375 -8.37754 30
      vertex 45.375 -8.37754 29
    endloop
  endfacet
  facet normal 1 -0 0
    outer loop
      vertex 45.375 -8.17305 32
      vertex 45.375 -5.63424 31
      vertex 45.375 -5.49502 32
    endloop
  endfacet
  facet normal 1 0 0
    outer loop
      vertex 45.375 -5.63424 31
      vertex 45.375 -8.17305 32
      vertex 45.375 -8.17305 31
    endloop
  endfacet
  facet normal 1 -0 0
    outer loop
      vertex 45.375 -7.96856 34
      vertex 45.375 -5.49502 33
      vertex 45.375 -5.35579 34
    endloop
  endfacet
  facet normal 1 0 0
    outer loop
      vertex 45.375 -5.49502 33
      vertex 45.375 -7.96856 34
      vertex 45.375 -7.96856 33
    endloop
  endfacet
  facet normal 1 -0 0
    outer loop
      vertex 45.375 -7.76407 36
      vertex 45.375 -5.35579 35
      vertex 45.375 -5.21656 36
    endloop
  endfacet
  facet normal 1 0 0
    outer loop
      vertex 45.375 -5.35579 35
      vertex 45.375 -7.76407 36
      vertex 45.375 -7.76407 35
    endloop
  endfacet
  facet normal 1 -0 0
    outer loop
      vertex 45.375 -7.55958 38
      vertex 45.375 -5.21656 37
      vertex 45.375 -5.07733 38
    endloop
  endfacet
  facet normal 1 0 0
    outer loop
      vertex 45.375 -5.21656 37
      vertex 45.375 -7.55958 38
      vertex 45.375 -7.55958 37
    endloop
  endfacet
  facet normal 1 -0 0
    outer loop
      vertex 45.375 -7.35509 40
      vertex 45.375 -5.07733 39
      vertex 45.375 -4.9381 40
    endloop
  endfacet
  facet normal 1 0 0
    outer loop
      vertex 45.375 -5.07733 39
      vertex 45.375 -7.35509 40
      vertex 45.375 -7.35509 39
    endloop
  endfacet
  facet normal 1 -0 0
    outer loop
      vertex 45.375 -7.1506 42
      vertex 45.375 -4.9381 41
      vertex 45.375 -4.79888 42
    endloop
  endfacet
  facet normal 1 0 0
    outer loop
      vertex 45.375 -4.9381 41
      vertex 45.375 -7.1506 42
      vertex 45.375 -7.1506 41
    endloop
  endfacet
  facet normal 1 -0 0
    outer loop
      vertex 45.375 -6.94611 44
      vertex 45.375 -4.79888 43
      vertex 45.375 -4.65965 44
    endloop
  endfacet
  facet normal 1 0 0
    outer loop
      vertex 45.375 -4.79888 43
      vertex 45.375 -6.94611 44
      vertex 45.375 -6.94611 43
    endloop
  endfacet
  facet normal 1 -0 0
    outer loop
      vertex 45.375 -6.74161 46
      vertex 45.375 -4.65965 45
      vertex 45.375 -4.52042 46
    endloop
  endfacet
  facet normal 1 0 0
    outer loop
      vertex 45.375 -4.65965 45
      vertex 45.375 -6.74161 46
      vertex 45.375 -6.74161 45
    endloop
  endfacet
  facet normal 1 -0 0
    outer loop
      vertex 45.375 -6.53712 48
      vertex 45.375 -4.52042 47
      vertex 45.375 -4.38119 48
    endloop
  endfacet
  facet normal 1 0 0
    outer loop
      vertex 45.375 -4.52042 47
      vertex 45.375 -6.53712 48
      vertex 45.375 -6.53712 47
    endloop
  endfacet
  facet normal 1 -0 0
    outer loop
      vertex 45.375 -6.33263 50
      vertex 45.375 -4.38119 49
      vertex 45.375 -4.24196 50
    endloop
  endfacet
  facet normal 1 0 0
    outer loop
      vertex 45.375 -4.38119 49
      vertex 45.375 -6.33263 50
      vertex 45.375 -6.33263 49
    endloop
  endfacet
  facet normal 1 -0 0
    outer loop
      vertex 45.375 -6.12814 52
      vertex 45.375 -4.24196 51
      vertex 45.375 -4.10274 52
    endloop
  endfacet
  facet normal 1 0 0
    outer loop
      vertex 45.375 -4.24196 51
      vertex 45.375 -6.12814 52
      vertex 45.375 -6.12814 51
    endloop
  endfacet
  facet normal 1 -0 0
    outer loop
      vertex 45.375 -5.92365 54
      vertex 45.375 -4.10274 53
      vertex 45.375 -3.96351 54
    endloop
  endfacet
  facet normal 1 0 0
    outer loop
      vertex 45.375 -4.10274 53
      vertex 45.375 -5.92365 54
      vertex 45.375 -5.92365 53
    endloop
  endfacet
  facet normal 1 -0 0
    outer loop
      vertex 45.375 -5.71916 56
      vertex 45.375 -3.96351 55
      vertex 45.375 -3.82428 56
    endloop
  endfacet
  facet normal 1 0 0
    outer loop
      vertex 45.375 -3.96351 55
      vertex 45.375 -5.71916 56
      vertex 45.375 -5.71916 55
    endloop
  endfacet
  facet normal 1 -0 0
    outer loop
      vertex 45.375 -5.51467 58
      vertex 45.375 -3.82428 57
      vertex 45.375 -3.68505 58
    endloop
  endfacet
  facet normal 1 0 0
    outer loop
      vertex 45.375 -3.82428 57
      vertex 45.375 -5.51467 58
      vertex 45.375 -5.51467 57
    endloop
  endfacet
  facet normal 1 -0 0
    outer loop
      vertex 45.375 -5.31017 60
      vertex 45.375 -3.68505 59
      vertex 45.375 -3.54582 60
    endloop
  endfacet
  facet normal 1 0 0
    outer loop
      vertex 45.375 -3.68505 59
      vertex 45.375 -5.31017 60
      vertex 45.375 -5.31017 59
    endloop
  endfacet
  facet normal 1 -0 0
    outer loop
      vertex 45.375 -5.10568 62
      vertex 45.375 -3.54582 61
      vertex 45.375 -3.4066 62
    endloop
  endfacet
  facet normal 1 0 0
    outer loop
      vertex 45.375 -3.54582 61
      vertex 45.375 -5.10568 62
      vertex 45.375 -5.10568 61
    endloop
  endfacet
  facet normal 1 -0 0
    outer loop
      vertex 45.375 -4.90119 64
      vertex 45.375 -3.4066 63
      vertex 45.375 -3.26737 64
    endloop
  endfacet
  facet normal 1 0 0
    outer loop
      vertex 45.375 -3.4066 63
      vertex 45.375 -4.90119 64
      vertex 45.375 -4.90119 63
    endloop
  endfacet
  facet normal 1 -0 0
    outer loop
      vertex 45.375 -4.6967 66
      vertex 45.375 -3.26737 65
      vertex 45.375 -3.12814 66
    endloop
  endfacet
  facet normal 1 0 0
    outer loop
      vertex 45.375 -3.26737 65
      vertex 45.375 -4.6967 66
      vertex 45.375 -4.6967 65
    endloop
  endfacet
  facet normal 1 -0 0
    outer loop
      vertex 45.375 -4.49221 68
      vertex 45.375 -3.12814 67
      vertex 45.375 -2.98891 68
    endloop
  endfacet
  facet normal 1 0 0
    outer loop
      vertex 45.375 -3.12814 67
      vertex 45.375 -4.49221 68
      vertex 45.375 -4.49221 67
    endloop
  endfacet
  facet normal 1 -0 0
    outer loop
      vertex 45.375 -4.28772 70
      vertex 45.375 -2.98891 69
      vertex 45.375 -2.84968 70
    endloop
  endfacet
  facet normal 1 0 0
    outer loop
      vertex 45.375 -2.98891 69
      vertex 45.375 -4.28772 70
      vertex 45.375 -4.28772 69
    endloop
  endfacet
  facet normal 1 -0 0
    outer loop
      vertex 45.375 -4.08323 72
      vertex 45.375 -2.84968 71
      vertex 45.375 -2.71046 72
    endloop
  endfacet
  facet normal 1 0 0
    outer loop
      vertex 45.375 -2.84968 71
      vertex 45.375 -4.08323 72
      vertex 45.375 -4.08323 71
    endloop
  endfacet
  facet normal 1 -0 0
    outer loop
      vertex 45.375 -3.87874 74
      vertex 45.375 -2.71046 73
      vertex 45.375 -2.57123 74
    endloop
  endfacet
  facet normal 1 0 0
    outer loop
      vertex 45.375 -2.71046 73
      vertex 45.375 -3.87874 74
      vertex 45.375 -3.87874 73
    endloop
  endfacet
  facet normal 1 -0 0
    outer loop
      vertex 45.375 -3.67424 76
      vertex 45.375 -2.57123 75
      vertex 45.375 -2.432 76
    endloop
  endfacet
  facet normal 1 0 0
    outer loop
      vertex 45.375 -2.57123 75
      vertex 45.375 -3.67424 76
      vertex 45.375 -3.67424 75
    endloop
  endfacet
  facet normal -0 0 1
    outer loop
      vertex 40.875 9.4 20
      vertex 45.375 6.33039 20
      vertex 45.375 9.4 20
    endloop
  endfacet
  facet normal 0 0 1
    outer loop
      vertex 45.375 6.33039 20
      vertex 40.875 9.4 20
      vertex 40.875 6.33039 20
    endloop
  endfacet
  facet normal -0 0 1
    outer loop
      vertex 40.875 -6.33039 20
      vertex 45.375 -9.4 20
      vertex 45.375 -6.33039 20
    endloop
  endfacet
  facet normal 0 0 1
    outer loop
      vertex 45.375 -9.4 20
      vertex 40.875 -6.33039 20
      vertex 40.875 -9.4 20
    endloop
  endfacet
  facet normal 0 1 0
    outer loop
      vertex 45.375 9.4 20
      vertex 40.875 9.4 19
      vertex 40.875 9.4 20
    endloop
  endfacet
  facet normal 0 1 -0
    outer loop
      vertex 45.375 9.4 18.5
      vertex 40.875 9.4 19
      vertex 45.375 9.4 20
    endloop
  endfacet
  facet normal 0 1 0
    outer loop
      vertex 40.875 9.4 19
      vertex 45.375 9.4 18.5
      vertex 40.8706 9.4 18.7906
    endloop
  endfacet
  facet normal 0 1 0
    outer loop
      vertex 40.8706 9.4 18.7906
      vertex 45.375 9.4 18.5
      vertex 40.8575 9.4 18.5816
    endloop
  endfacet
  facet normal 0 1 0
    outer loop
      vertex 40.8575 9.4 18.5816
      vertex 45.375 9.4 18.5
      vertex 40.8489 9.4 18.5
    endloop
  endfacet
  facet normal 0 -1 0
    outer loop
      vertex 40.875 -9.4 19
      vertex 45.375 -9.4 20
      vertex 40.875 -9.4 20
    endloop
  endfacet
  facet normal 0 -1 0
    outer loop
      vertex 45.375 -9.4 18.5
      vertex 40.875 -9.4 19
      vertex 40.8706 -9.4 18.7906
    endloop
  endfacet
  facet normal 0 -1 0
    outer loop
      vertex 45.375 -9.4 18.5
      vertex 40.8706 -9.4 18.7906
      vertex 40.8575 -9.4 18.5816
    endloop
  endfacet
  facet normal 0 -1 0
    outer loop
      vertex 45.375 -9.4 18.5
      vertex 40.8575 -9.4 18.5816
      vertex 40.8489 -9.4 18.5
    endloop
  endfacet
  facet normal 0 -1 0
    outer loop
      vertex 40.875 -9.4 19
      vertex 45.375 -9.4 18.5
      vertex 45.375 -9.4 20
    endloop
  endfacet
  facet normal 0 0 -1
    outer loop
      vertex 40.875 6.33039 21
      vertex 45.375 9.19551 21
      vertex 45.375 6.33039 21
    endloop
  endfacet
  facet normal -0 0 -1
    outer loop
      vertex 45.375 9.19551 21
      vertex 40.875 6.33039 21
      vertex 40.875 9.19551 21
    endloop
  endfacet
  facet normal 0 0 -1
    outer loop
      vertex 40.875 -9.19551 21
      vertex 45.375 -6.33039 21
      vertex 45.375 -9.19551 21
    endloop
  endfacet
  facet normal -0 0 -1
    outer loop
      vertex 45.375 -6.33039 21
      vertex 40.875 -9.19551 21
      vertex 40.875 -6.33039 21
    endloop
  endfacet
  facet normal 0 1 -0
    outer loop
      vertex 45.375 6.33039 20
      vertex 40.875 6.33039 21
      vertex 45.375 6.33039 21
    endloop
  endfacet
  facet normal 0 1 0
    outer loop
      vertex 40.875 6.33039 21
      vertex 45.375 6.33039 20
      vertex 40.875 6.33039 20
    endloop
  endfacet
  facet normal 0 -1 0
    outer loop
      vertex 40.875 -6.33039 20
      vertex 45.375 -6.33039 21
      vertex 40.875 -6.33039 21
    endloop
  endfacet
  facet normal 0 -1 -0
    outer loop
      vertex 45.375 -6.33039 21
      vertex 40.875 -6.33039 20
      vertex 45.375 -6.33039 20
    endloop
  endfacet
  facet normal -0 0 1
    outer loop
      vertex 40.875 9.19551 22
      vertex 45.375 6.19116 22
      vertex 45.375 9.19551 22
    endloop
  endfacet
  facet normal 0 0 1
    outer loop
      vertex 45.375 6.19116 22
      vertex 40.875 9.19551 22
      vertex 40.875 6.19116 22
    endloop
  endfacet
  facet normal -0 0 1
    outer loop
      vertex 40.875 -6.19116 22
      vertex 45.375 -9.19551 22
      vertex 45.375 -6.19116 22
    endloop
  endfacet
  facet normal 0 0 1
    outer loop
      vertex 45.375 -9.19551 22
      vertex 40.875 -6.19116 22
      vertex 40.875 -9.19551 22
    endloop
  endfacet
  facet normal 0 1 -0
    outer loop
      vertex 45.375 9.19551 21
      vertex 40.875 9.19551 22
      vertex 45.375 9.19551 22
    endloop
  endfacet
  facet normal 0 1 0
    outer loop
      vertex 40.875 9.19551 22
      vertex 45.375 9.19551 21
      vertex 40.875 9.19551 21
    endloop
  endfacet
  facet normal 0 -1 0
    outer loop
      vertex 40.875 -9.19551 21
      vertex 45.375 -9.19551 22
      vertex 40.875 -9.19551 22
    endloop
  endfacet
  facet normal 0 -1 -0
    outer loop
      vertex 45.375 -9.19551 22
      vertex 40.875 -9.19551 21
      vertex 45.375 -9.19551 21
    endloop
  endfacet
  facet normal 0 0 -1
    outer loop
      vertex 40.875 6.19116 23
      vertex 45.375 8.99102 23
      vertex 45.375 6.19116 23
    endloop
  endfacet
  facet normal -0 0 -1
    outer loop
      vertex 45.375 8.99102 23
      vertex 40.875 6.19116 23
      vertex 40.875 8.99102 23
    endloop
  endfacet
  facet normal 0 0 -1
    outer loop
      vertex 40.875 -8.99102 23
      vertex 45.375 -6.19116 23
      vertex 45.375 -8.99102 23
    endloop
  endfacet
  facet normal -0 0 -1
    outer loop
      vertex 45.375 -6.19116 23
      vertex 40.875 -8.99102 23
      vertex 40.875 -6.19116 23
    endloop
  endfacet
  facet normal 0 1 -0
    outer loop
      vertex 45.375 6.19116 22
      vertex 40.875 6.19116 23
      vertex 45.375 6.19116 23
    endloop
  endfacet
  facet normal 0 1 0
    outer loop
      vertex 40.875 6.19116 23
      vertex 45.375 6.19116 22
      vertex 40.875 6.19116 22
    endloop
  endfacet
  facet normal 0 -1 0
    outer loop
      vertex 40.875 -6.19116 22
      vertex 45.375 -6.19116 23
      vertex 40.875 -6.19116 23
    endloop
  endfacet
  facet normal 0 -1 -0
    outer loop
      vertex 45.375 -6.19116 23
      vertex 40.875 -6.19116 22
      vertex 45.375 -6.19116 22
    endloop
  endfacet
  facet normal -0 0 1
    outer loop
      vertex 40.875 8.99102 24
      vertex 45.375 6.05193 24
      vertex 45.375 8.99102 24
    endloop
  endfacet
  facet normal 0 0 1
    outer loop
      vertex 45.375 6.05193 24
      vertex 40.875 8.99102 24
      vertex 40.875 6.05193 24
    endloop
  endfacet
  facet normal -0 0 1
    outer loop
      vertex 40.875 -6.05193 24
      vertex 45.375 -8.99102 24
      vertex 45.375 -6.05193 24
    endloop
  endfacet
  facet normal 0 0 1
    outer loop
      vertex 45.375 -8.99102 24
      vertex 40.875 -6.05193 24
      vertex 40.875 -8.99102 24
    endloop
  endfacet
  facet normal 0 1 -0
    outer loop
      vertex 45.375 8.99102 23
      vertex 40.875 8.99102 24
      vertex 45.375 8.99102 24
    endloop
  endfacet
  facet normal 0 1 0
    outer loop
      vertex 40.875 8.99102 24
      vertex 45.375 8.99102 23
      vertex 40.875 8.99102 23
    endloop
  endfacet
  facet normal 0 -1 0
    outer loop
      vertex 40.875 -8.99102 23
      vertex 45.375 -8.99102 24
      vertex 40.875 -8.99102 24
    endloop
  endfacet
  facet normal 0 -1 -0
    outer loop
      vertex 45.375 -8.99102 24
      vertex 40.875 -8.99102 23
      vertex 45.375 -8.99102 23
    endloop
  endfacet
  facet normal 0 0 -1
    outer loop
      vertex 40.875 6.05193 25
      vertex 45.375 8.78653 25
      vertex 45.375 6.05193 25
    endloop
  endfacet
  facet normal -0 0 -1
    outer loop
      vertex 45.375 8.78653 25
      vertex 40.875 6.05193 25
      vertex 40.875 8.78653 25
    endloop
  endfacet
  facet normal 0 0 -1
    outer loop
      vertex 40.875 -8.78653 25
      vertex 45.375 -6.05193 25
      vertex 45.375 -8.78653 25
    endloop
  endfacet
  facet normal -0 0 -1
    outer loop
      vertex 45.375 -6.05193 25
      vertex 40.875 -8.78653 25
      vertex 40.875 -6.05193 25
    endloop
  endfacet
  facet normal 0 1 -0
    outer loop
      vertex 45.375 6.05193 24
      vertex 40.875 6.05193 25
      vertex 45.375 6.05193 25
    endloop
  endfacet
  facet normal 0 1 0
    outer loop
      vertex 40.875 6.05193 25
      vertex 45.375 6.05193 24
      vertex 40.875 6.05193 24
    endloop
  endfacet
  facet normal 0 -1 0
    outer loop
      vertex 40.875 -6.05193 24
      vertex 45.375 -6.05193 25
      vertex 40.875 -6.05193 25
    endloop
  endfacet
  facet normal 0 -1 -0
    outer loop
      vertex 45.375 -6.05193 25
      vertex 40.875 -6.05193 24
      vertex 45.375 -6.05193 24
    endloop
  endfacet
  facet normal -0 0 1
    outer loop
      vertex 40.875 8.78653 26
      vertex 45.375 5.9127 26
      vertex 45.375 8.78653 26
    endloop
  endfacet
  facet normal 0 0 1
    outer loop
      vertex 45.375 5.9127 26
      vertex 40.875 8.78653 26
      vertex 40.875 5.9127 26
    endloop
  endfacet
  facet normal -0 0 1
    outer loop
      vertex 40.875 -5.9127 26
      vertex 45.375 -8.78653 26
      vertex 45.375 -5.9127 26
    endloop
  endfacet
  facet normal 0 0 1
    outer loop
      vertex 45.375 -8.78653 26
      vertex 40.875 -5.9127 26
      vertex 40.875 -8.78653 26
    endloop
  endfacet
  facet normal 0 1 -0
    outer loop
      vertex 45.375 8.78653 25
      vertex 40.875 8.78653 26
      vertex 45.375 8.78653 26
    endloop
  endfacet
  facet normal 0 1 0
    outer loop
      vertex 40.875 8.78653 26
      vertex 45.375 8.78653 25
      vertex 40.875 8.78653 25
    endloop
  endfacet
  facet normal 0 -1 0
    outer loop
      vertex 40.875 -8.78653 25
      vertex 45.375 -8.78653 26
      vertex 40.875 -8.78653 26
    endloop
  endfacet
  facet normal 0 -1 -0
    outer loop
      vertex 45.375 -8.78653 26
      vertex 40.875 -8.78653 25
      vertex 45.375 -8.78653 25
    endloop
  endfacet
  facet normal 0 0 -1
    outer loop
      vertex 40.875 5.9127 27
      vertex 45.375 8.58204 27
      vertex 45.375 5.9127 27
    endloop
  endfacet
  facet normal -0 0 -1
    outer loop
      vertex 45.375 8.58204 27
      vertex 40.875 5.9127 27
      vertex 40.875 8.58204 27
    endloop
  endfacet
  facet normal 0 0 -1
    outer loop
      vertex 40.875 -8.58204 27
      vertex 45.375 -5.9127 27
      vertex 45.375 -8.58204 27
    endloop
  endfacet
  facet normal -0 0 -1
    outer loop
      vertex 45.375 -5.9127 27
      vertex 40.875 -8.58204 27
      vertex 40.875 -5.9127 27
    endloop
  endfacet
  facet normal 0 1 -0
    outer loop
      vertex 45.375 5.9127 26
      vertex 40.875 5.9127 27
      vertex 45.375 5.9127 27
    endloop
  endfacet
  facet normal 0 1 0
    outer loop
      vertex 40.875 5.9127 27
      vertex 45.375 5.9127 26
      vertex 40.875 5.9127 26
    endloop
  endfacet
  facet normal 0 -1 0
    outer loop
      vertex 40.875 -5.9127 26
      vertex 45.375 -5.9127 27
      vertex 40.875 -5.9127 27
    endloop
  endfacet
  facet normal 0 -1 -0
    outer loop
      vertex 45.375 -5.9127 27
      vertex 40.875 -5.9127 26
      vertex 45.375 -5.9127 26
    endloop
  endfacet
  facet normal -0 0 1
    outer loop
      vertex 40.875 8.58204 28
      vertex 45.375 5.77347 28
      vertex 45.375 8.58204 28
    endloop
  endfacet
  facet normal 0 0 1
    outer loop
      vertex 45.375 5.77347 28
      vertex 40.875 8.58204 28
      vertex 40.875 5.77347 28
    endloop
  endfacet
  facet normal -0 0 1
    outer loop
      vertex 40.875 -5.77347 28
      vertex 45.375 -8.58204 28
      vertex 45.375 -5.77347 28
    endloop
  endfacet
  facet normal 0 0 1
    outer loop
      vertex 45.375 -8.58204 28
      vertex 40.875 -5.77347 28
      vertex 40.875 -8.58204 28
    endloop
  endfacet
  facet normal 0 1 -0
    outer loop
      vertex 45.375 8.58204 27
      vertex 40.875 8.58204 28
      vertex 45.375 8.58204 28
    endloop
  endfacet
  facet normal 0 1 0
    outer loop
      vertex 40.875 8.58204 28
      vertex 45.375 8.58204 27
      vertex 40.875 8.58204 27
    endloop
  endfacet
  facet normal 0 -1 0
    outer loop
      vertex 40.875 -8.58204 27
      vertex 45.375 -8.58204 28
      vertex 40.875 -8.58204 28
    endloop
  endfacet
  facet normal 0 -1 -0
    outer loop
      vertex 45.375 -8.58204 28
      vertex 40.875 -8.58204 27
      vertex 45.375 -8.58204 27
    endloop
  endfacet
  facet normal 0 0 -1
    outer loop
      vertex 40.875 5.77347 29
      vertex 45.375 8.37754 29
      vertex 45.375 5.77347 29
    endloop
  endfacet
  facet normal -0 0 -1
    outer loop
      vertex 45.375 8.37754 29
      vertex 40.875 5.77347 29
      vertex 40.875 8.37754 29
    endloop
  endfacet
  facet normal 0 0 -1
    outer loop
      vertex 40.875 -8.37754 29
      vertex 45.375 -5.77347 29
      vertex 45.375 -8.37754 29
    endloop
  endfacet
  facet normal -0 0 -1
    outer loop
      vertex 45.375 -5.77347 29
      vertex 40.875 -8.37754 29
      vertex 40.875 -5.77347 29
    endloop
  endfacet
  facet normal 0 1 -0
    outer loop
      vertex 45.375 5.77347 28
      vertex 40.875 5.77347 29
      vertex 45.375 5.77347 29
    endloop
  endfacet
  facet normal 0 1 0
    outer loop
      vertex 40.875 5.77347 29
      vertex 45.375 5.77347 28
      vertex 40.875 5.77347 28
    endloop
  endfacet
  facet normal 0 -1 0
    outer loop
      vertex 40.875 -5.77347 28
      vertex 45.375 -5.77347 29
      vertex 40.875 -5.77347 29
    endloop
  endfacet
  facet normal 0 -1 -0
    outer loop
      vertex 45.375 -5.77347 29
      vertex 40.875 -5.77347 28
      vertex 45.375 -5.77347 28
    endloop
  endfacet
  facet normal -0 0 1
    outer loop
      vertex 40.875 8.37754 30
      vertex 45.375 5.63424 30
      vertex 45.375 8.37754 30
    endloop
  endfacet
  facet normal 0 0 1
    outer loop
      vertex 45.375 5.63424 30
      vertex 40.875 8.37754 30
      vertex 40.875 5.63424 30
    endloop
  endfacet
  facet normal -0 0 1
    outer loop
      vertex 40.875 -5.63424 30
      vertex 45.375 -8.37754 30
      vertex 45.375 -5.63424 30
    endloop
  endfacet
  facet normal 0 0 1
    outer loop
      vertex 45.375 -8.37754 30
      vertex 40.875 -5.63424 30
      vertex 40.875 -8.37754 30
    endloop
  endfacet
  facet normal 0 1 -0
    outer loop
      vertex 45.375 8.37754 29
      vertex 40.875 8.37754 30
      vertex 45.375 8.37754 30
    endloop
  endfacet
  facet normal 0 1 0
    outer loop
      vertex 40.875 8.37754 30
      vertex 45.375 8.37754 29
      vertex 40.875 8.37754 29
    endloop
  endfacet
  facet normal 0 -1 0
    outer loop
      vertex 40.875 -8.37754 29
      vertex 45.375 -8.37754 30
      vertex 40.875 -8.37754 30
    endloop
  endfacet
  facet normal 0 -1 -0
    outer loop
      vertex 45.375 -8.37754 30
      vertex 40.875 -8.37754 29
      vertex 45.375 -8.37754 29
    endloop
  endfacet
  facet normal 0 0 -1
    outer loop
      vertex 40.875 5.63424 31
      vertex 45.375 8.17305 31
      vertex 45.375 5.63424 31
    endloop
  endfacet
  facet normal -0 0 -1
    outer loop
      vertex 45.375 8.17305 31
      vertex 40.875 5.63424 31
      vertex 40.875 8.17305 31
    endloop
  endfacet
  facet normal 0 0 -1
    outer loop
      vertex 40.875 -8.17305 31
      vertex 45.375 -5.63424 31
      vertex 45.375 -8.17305 31
    endloop
  endfacet
  facet normal -0 0 -1
    outer loop
      vertex 45.375 -5.63424 31
      vertex 40.875 -8.17305 31
      vertex 40.875 -5.63424 31
    endloop
  endfacet
  facet normal 0 1 -0
    outer loop
      vertex 45.375 5.63424 30
      vertex 40.875 5.63424 31
      vertex 45.375 5.63424 31
    endloop
  endfacet
  facet normal 0 1 0
    outer loop
      vertex 40.875 5.63424 31
      vertex 45.375 5.63424 30
      vertex 40.875 5.63424 30
    endloop
  endfacet
  facet normal 0 -1 0
    outer loop
      vertex 40.875 -5.63424 30
      vertex 45.375 -5.63424 31
      vertex 40.875 -5.63424 31
    endloop
  endfacet
  facet normal 0 -1 -0
    outer loop
      vertex 45.375 -5.63424 31
      vertex 40.875 -5.63424 30
      vertex 45.375 -5.63424 30
    endloop
  endfacet
  facet normal -0 0 1
    outer loop
      vertex 40.875 8.17305 32
      vertex 45.375 5.49502 32
      vertex 45.375 8.17305 32
    endloop
  endfacet
  facet normal 0 0 1
    outer loop
      vertex 45.375 5.49502 32
      vertex 40.875 8.17305 32
      vertex 40.875 5.49502 32
    endloop
  endfacet
  facet normal -0 0 1
    outer loop
      vertex 40.875 -5.49502 32
      vertex 45.375 -8.17305 32
      vertex 45.375 -5.49502 32
    endloop
  endfacet
  facet normal 0 0 1
    outer loop
      vertex 45.375 -8.17305 32
      vertex 40.875 -5.49502 32
      vertex 40.875 -8.17305 32
    endloop
  endfacet
  facet normal 0 1 -0
    outer loop
      vertex 45.375 8.17305 31
      vertex 40.875 8.17305 32
      vertex 45.375 8.17305 32
    endloop
  endfacet
  facet normal 0 1 0
    outer loop
      vertex 40.875 8.17305 32
      vertex 45.375 8.17305 31
      vertex 40.875 8.17305 31
    endloop
  endfacet
  facet normal 0 -1 0
    outer loop
      vertex 40.875 -8.17305 31
      vertex 45.375 -8.17305 32
      vertex 40.875 -8.17305 32
    endloop
  endfacet
  facet normal 0 -1 -0
    outer loop
      vertex 45.375 -8.17305 32
      vertex 40.875 -8.17305 31
      vertex 45.375 -8.17305 31
    endloop
  endfacet
  facet normal 0 0 -1
    outer loop
      vertex 40.875 5.49502 33
      vertex 45.375 7.96856 33
      vertex 45.375 5.49502 33
    endloop
  endfacet
  facet normal -0 0 -1
    outer loop
      vertex 45.375 7.96856 33
      vertex 40.875 5.49502 33
      vertex 40.875 7.96856 33
    endloop
  endfacet
  facet normal 0 0 -1
    outer loop
      vertex 40.875 -7.96856 33
      vertex 45.375 -5.49502 33
      vertex 45.375 -7.96856 33
    endloop
  endfacet
  facet normal -0 0 -1
    outer loop
      vertex 45.375 -5.49502 33
      vertex 40.875 -7.96856 33
      vertex 40.875 -5.49502 33
    endloop
  endfacet
  facet normal 0 1 -0
    outer loop
      vertex 45.375 5.49502 32
      vertex 40.875 5.49502 33
      vertex 45.375 5.49502 33
    endloop
  endfacet
  facet normal 0 1 0
    outer loop
      vertex 40.875 5.49502 33
      vertex 45.375 5.49502 32
      vertex 40.875 5.49502 32
    endloop
  endfacet
  facet normal 0 -1 0
    outer loop
      vertex 40.875 -5.49502 32
      vertex 45.375 -5.49502 33
      vertex 40.875 -5.49502 33
    endloop
  endfacet
  facet normal 0 -1 -0
    outer loop
      vertex 45.375 -5.49502 33
      vertex 40.875 -5.49502 32
      vertex 45.375 -5.49502 32
    endloop
  endfacet
  facet normal -0 0 1
    outer loop
      vertex 40.875 7.96856 34
      vertex 45.375 5.35579 34
      vertex 45.375 7.96856 34
    endloop
  endfacet
  facet normal 0 0 1
    outer loop
      vertex 45.375 5.35579 34
      vertex 40.875 7.96856 34
      vertex 40.875 5.35579 34
    endloop
  endfacet
  facet normal -0 0 1
    outer loop
      vertex 40.875 -5.35579 34
      vertex 45.375 -7.96856 34
      vertex 45.375 -5.35579 34
    endloop
  endfacet
  facet normal 0 0 1
    outer loop
      vertex 45.375 -7.96856 34
      vertex 40.875 -5.35579 34
      vertex 40.875 -7.96856 34
    endloop
  endfacet
  facet normal 0 1 -0
    outer loop
      vertex 45.375 7.96856 33
      vertex 40.875 7.96856 34
      vertex 45.375 7.96856 34
    endloop
  endfacet
  facet normal 0 1 0
    outer loop
      vertex 40.875 7.96856 34
      vertex 45.375 7.96856 33
      vertex 40.875 7.96856 33
    endloop
  endfacet
  facet normal 0 -1 0
    outer loop
      vertex 40.875 -7.96856 33
      vertex 45.375 -7.96856 34
      vertex 40.875 -7.96856 34
    endloop
  endfacet
  facet normal 0 -1 -0
    outer loop
      vertex 45.375 -7.96856 34
      vertex 40.875 -7.96856 33
      vertex 45.375 -7.96856 33
    endloop
  endfacet
  facet normal 0 0 -1
    outer loop
      vertex 40.875 5.35579 35
      vertex 45.375 7.76407 35
      vertex 45.375 5.35579 35
    endloop
  endfacet
  facet normal -0 0 -1
    outer loop
      vertex 45.375 7.76407 35
      vertex 40.875 5.35579 35
      vertex 40.875 7.76407 35
    endloop
  endfacet
  facet normal 0 0 -1
    outer loop
      vertex 40.875 -7.76407 35
      vertex 45.375 -5.35579 35
      vertex 45.375 -7.76407 35
    endloop
  endfacet
  facet normal -0 0 -1
    outer loop
      vertex 45.375 -5.35579 35
      vertex 40.875 -7.76407 35
      vertex 40.875 -5.35579 35
    endloop
  endfacet
  facet normal 0 1 -0
    outer loop
      vertex 45.375 5.35579 34
      vertex 40.875 5.35579 35
      vertex 45.375 5.35579 35
    endloop
  endfacet
  facet normal 0 1 0
    outer loop
      vertex 40.875 5.35579 35
      vertex 45.375 5.35579 34
      vertex 40.875 5.35579 34
    endloop
  endfacet
  facet normal 0 -1 0
    outer loop
      vertex 40.875 -5.35579 34
      vertex 45.375 -5.35579 35
      vertex 40.875 -5.35579 35
    endloop
  endfacet
  facet normal 0 -1 -0
    outer loop
      vertex 45.375 -5.35579 35
      vertex 40.875 -5.35579 34
      vertex 45.375 -5.35579 34
    endloop
  endfacet
  facet normal -0 0 1
    outer loop
      vertex 40.875 7.76407 36
      vertex 45.375 5.21656 36
      vertex 45.375 7.76407 36
    endloop
  endfacet
  facet normal 0 0 1
    outer loop
      vertex 45.375 5.21656 36
      vertex 40.875 7.76407 36
      vertex 40.875 5.21656 36
    endloop
  endfacet
  facet normal -0 0 1
    outer loop
      vertex 40.875 -5.21656 36
      vertex 45.375 -7.76407 36
      vertex 45.375 -5.21656 36
    endloop
  endfacet
  facet normal 0 0 1
    outer loop
      vertex 45.375 -7.76407 36
      vertex 40.875 -5.21656 36
      vertex 40.875 -7.76407 36
    endloop
  endfacet
  facet normal 0 1 -0
    outer loop
      vertex 45.375 7.76407 35
      vertex 40.875 7.76407 36
      vertex 45.375 7.76407 36
    endloop
  endfacet
  facet normal 0 1 0
    outer loop
      vertex 40.875 7.76407 36
      vertex 45.375 7.76407 35
      vertex 40.875 7.76407 35
    endloop
  endfacet
  facet normal 0 -1 0
    outer loop
      vertex 40.875 -7.76407 35
      vertex 45.375 -7.76407 36
      vertex 40.875 -7.76407 36
    endloop
  endfacet
  facet normal 0 -1 -0
    outer loop
      vertex 45.375 -7.76407 36
      vertex 40.875 -7.76407 35
      vertex 45.375 -7.76407 35
    endloop
  endfacet
  facet normal 0 0 -1
    outer loop
      vertex 40.875 5.21656 37
      vertex 45.375 7.55958 37
      vertex 45.375 5.21656 37
    endloop
  endfacet
  facet normal -0 0 -1
    outer loop
      vertex 45.375 7.55958 37
      vertex 40.875 5.21656 37
      vertex 40.875 7.55958 37
    endloop
  endfacet
  facet normal 0 0 -1
    outer loop
      vertex 40.875 -7.55958 37
      vertex 45.375 -5.21656 37
      vertex 45.375 -7.55958 37
    endloop
  endfacet
  facet normal -0 0 -1
    outer loop
      vertex 45.375 -5.21656 37
      vertex 40.875 -7.55958 37
      vertex 40.875 -5.21656 37
    endloop
  endfacet
  facet normal 0 1 -0
    outer loop
      vertex 45.375 5.21656 36
      vertex 40.875 5.21656 37
      vertex 45.375 5.21656 37
    endloop
  endfacet
  facet normal 0 1 0
    outer loop
      vertex 40.875 5.21656 37
      vertex 45.375 5.21656 36
      vertex 40.875 5.21656 36
    endloop
  endfacet
  facet normal 0 -1 0
    outer loop
      vertex 40.875 -5.21656 36
      vertex 45.375 -5.21656 37
      vertex 40.875 -5.21656 37
    endloop
  endfacet
  facet normal 0 -1 -0
    outer loop
      vertex 45.375 -5.21656 37
      vertex 40.875 -5.21656 36
      vertex 45.375 -5.21656 36
    endloop
  endfacet
  facet normal -0 0 1
    outer loop
      vertex 40.875 7.55958 38
      vertex 45.375 5.07733 38
      vertex 45.375 7.55958 38
    endloop
  endfacet
  facet normal 0 0 1
    outer loop
      vertex 45.375 5.07733 38
      vertex 40.875 7.55958 38
      vertex 40.875 5.07733 38
    endloop
  endfacet
  facet normal -0 0 1
    outer loop
      vertex 40.875 -5.07733 38
      vertex 45.375 -7.55958 38
      vertex 45.375 -5.07733 38
    endloop
  endfacet
  facet normal 0 0 1
    outer loop
      vertex 45.375 -7.55958 38
      vertex 40.875 -5.07733 38
      vertex 40.875 -7.55958 38
    endloop
  endfacet
  facet normal 0 1 -0
    outer loop
      vertex 45.375 7.55958 37
      vertex 40.875 7.55958 38
      vertex 45.375 7.55958 38
    endloop
  endfacet
  facet normal 0 1 0
    outer loop
      vertex 40.875 7.55958 38
      vertex 45.375 7.55958 37
      vertex 40.875 7.55958 37
    endloop
  endfacet
  facet normal 0 -1 0
    outer loop
      vertex 40.875 -7.55958 37
      vertex 45.375 -7.55958 38
      vertex 40.875 -7.55958 38
    endloop
  endfacet
  facet normal 0 -1 -0
    outer loop
      vertex 45.375 -7.55958 38
      vertex 40.875 -7.55958 37
      vertex 45.375 -7.55958 37
    endloop
  endfacet
  facet normal 0 0 -1
    outer loop
      vertex 40.875 5.07733 39
      vertex 45.375 7.35509 39
      vertex 45.375 5.07733 39
    endloop
  endfacet
  facet normal -0 0 -1
    outer loop
      vertex 45.375 7.35509 39
      vertex 40.875 5.07733 39
      vertex 40.875 7.35509 39
    endloop
  endfacet
  facet normal 0 0 -1
    outer loop
      vertex 40.875 -7.35509 39
      vertex 45.375 -5.07733 39
      vertex 45.375 -7.35509 39
    endloop
  endfacet
  facet normal -0 0 -1
    outer loop
      vertex 45.375 -5.07733 39
      vertex 40.875 -7.35509 39
      vertex 40.875 -5.07733 39
    endloop
  endfacet
  facet normal 0 1 -0
    outer loop
      vertex 45.375 5.07733 38
      vertex 40.875 5.07733 39
      vertex 45.375 5.07733 39
    endloop
  endfacet
  facet normal 0 1 0
    outer loop
      vertex 40.875 5.07733 39
      vertex 45.375 5.07733 38
      vertex 40.875 5.07733 38
    endloop
  endfacet
  facet normal 0 -1 0
    outer loop
      vertex 40.875 -5.07733 38
      vertex 45.375 -5.07733 39
      vertex 40.875 -5.07733 39
    endloop
  endfacet
  facet normal 0 -1 -0
    outer loop
      vertex 45.375 -5.07733 39
      vertex 40.875 -5.07733 38
      vertex 45.375 -5.07733 38
    endloop
  endfacet
  facet normal -0 0 1
    outer loop
      vertex 40.875 7.35509 40
      vertex 45.375 4.9381 40
      vertex 45.375 7.35509 40
    endloop
  endfacet
  facet normal 0 0 1
    outer loop
      vertex 45.375 4.9381 40
      vertex 40.875 7.35509 40
      vertex 40.875 4.9381 40
    endloop
  endfacet
  facet normal -0 0 1
    outer loop
      vertex 40.875 -4.9381 40
      vertex 45.375 -7.35509 40
      vertex 45.375 -4.9381 40
    endloop
  endfacet
  facet normal 0 0 1
    outer loop
      vertex 45.375 -7.35509 40
      vertex 40.875 -4.9381 40
      vertex 40.875 -7.35509 40
    endloop
  endfacet
  facet normal 0 1 -0
    outer loop
      vertex 45.375 7.35509 39
      vertex 40.875 7.35509 40
      vertex 45.375 7.35509 40
    endloop
  endfacet
  facet normal 0 1 0
    outer loop
      vertex 40.875 7.35509 40
      vertex 45.375 7.35509 39
      vertex 40.875 7.35509 39
    endloop
  endfacet
  facet normal 0 -1 0
    outer loop
      vertex 40.875 -7.35509 39
      vertex 45.375 -7.35509 40
      vertex 40.875 -7.35509 40
    endloop
  endfacet
  facet normal 0 -1 -0
    outer loop
      vertex 45.375 -7.35509 40
      vertex 40.875 -7.35509 39
      vertex 45.375 -7.35509 39
    endloop
  endfacet
  facet normal 0 0 -1
    outer loop
      vertex 40.875 4.9381 41
      vertex 45.375 7.1506 41
      vertex 45.375 4.9381 41
    endloop
  endfacet
  facet normal -0 0 -1
    outer loop
      vertex 45.375 7.1506 41
      vertex 40.875 4.9381 41
      vertex 40.875 7.1506 41
    endloop
  endfacet
  facet normal 0 0 -1
    outer loop
      vertex 40.875 -7.1506 41
      vertex 45.375 -4.9381 41
      vertex 45.375 -7.1506 41
    endloop
  endfacet
  facet normal -0 0 -1
    outer loop
      vertex 45.375 -4.9381 41
      vertex 40.875 -7.1506 41
      vertex 40.875 -4.9381 41
    endloop
  endfacet
  facet normal 0 1 -0
    outer loop
      vertex 45.375 4.9381 40
      vertex 40.875 4.9381 41
      vertex 45.375 4.9381 41
    endloop
  endfacet
  facet normal 0 1 0
    outer loop
      vertex 40.875 4.9381 41
      vertex 45.375 4.9381 40
      vertex 40.875 4.9381 40
    endloop
  endfacet
  facet normal 0 -1 0
    outer loop
      vertex 40.875 -4.9381 40
      vertex 45.375 -4.9381 41
      vertex 40.875 -4.9381 41
    endloop
  endfacet
  facet normal 0 -1 -0
    outer loop
      vertex 45.375 -4.9381 41
      vertex 40.875 -4.9381 40
      vertex 45.375 -4.9381 40
    endloop
  endfacet
  facet normal -0 0 1
    outer loop
      vertex 40.875 7.1506 42
      vertex 45.375 4.79888 42
      vertex 45.375 7.1506 42
    endloop
  endfacet
  facet normal 0 0 1
    outer loop
      vertex 45.375 4.79888 42
      vertex 40.875 7.1506 42
      vertex 40.875 4.79888 42
    endloop
  endfacet
  facet normal -0 0 1
    outer loop
      vertex 40.875 -4.79888 42
      vertex 45.375 -7.1506 42
      vertex 45.375 -4.79888 42
    endloop
  endfacet
  facet normal 0 0 1
    outer loop
      vertex 45.375 -7.1506 42
      vertex 40.875 -4.79888 42
      vertex 40.875 -7.1506 42
    endloop
  endfacet
  facet normal 0 1 -0
    outer loop
      vertex 45.375 7.1506 41
      vertex 40.875 7.1506 42
      vertex 45.375 7.1506 42
    endloop
  endfacet
  facet normal 0 1 0
    outer loop
      vertex 40.875 7.1506 42
      vertex 45.375 7.1506 41
      vertex 40.875 7.1506 41
    endloop
  endfacet
  facet normal 0 -1 0
    outer loop
      vertex 40.875 -7.1506 41
      vertex 45.375 -7.1506 42
      vertex 40.875 -7.1506 42
    endloop
  endfacet
  facet normal 0 -1 -0
    outer loop
      vertex 45.375 -7.1506 42
      vertex 40.875 -7.1506 41
      vertex 45.375 -7.1506 41
    endloop
  endfacet
  facet normal 0 0 -1
    outer loop
      vertex 40.875 4.79888 43
      vertex 45.375 6.94611 43
      vertex 45.375 4.79888 43
    endloop
  endfacet
  facet normal -0 0 -1
    outer loop
      vertex 45.375 6.94611 43
      vertex 40.875 4.79888 43
      vertex 40.875 6.94611 43
    endloop
  endfacet
  facet normal 0 0 -1
    outer loop
      vertex 40.875 -6.94611 43
      vertex 45.375 -4.79888 43
      vertex 45.375 -6.94611 43
    endloop
  endfacet
  facet normal -0 0 -1
    outer loop
      vertex 45.375 -4.79888 43
      vertex 40.875 -6.94611 43
      vertex 40.875 -4.79888 43
    endloop
  endfacet
  facet normal 0 1 -0
    outer loop
      vertex 45.375 4.79888 42
      vertex 40.875 4.79888 43
      vertex 45.375 4.79888 43
    endloop
  endfacet
  facet normal 0 1 0
    outer loop
      vertex 40.875 4.79888 43
      vertex 45.375 4.79888 42
      vertex 40.875 4.79888 42
    endloop
  endfacet
  facet normal 0 -1 0
    outer loop
      vertex 40.875 -4.79888 42
      vertex 45.375 -4.79888 43
      vertex 40.875 -4.79888 43
    endloop
  endfacet
  facet normal 0 -1 -0
    outer loop
      vertex 45.375 -4.79888 43
      vertex 40.875 -4.79888 42
      vertex 45.375 -4.79888 42
    endloop
  endfacet
  facet normal -0 0 1
    outer loop
      vertex 40.875 6.94611 44
      vertex 45.375 4.65965 44
      vertex 45.375 6.94611 44
    endloop
  endfacet
  facet normal 0 0 1
    outer loop
      vertex 45.375 4.65965 44
      vertex 40.875 6.94611 44
      vertex 40.875 4.65965 44
    endloop
  endfacet
  facet normal -0 0 1
    outer loop
      vertex 40.875 -4.65965 44
      vertex 45.375 -6.94611 44
      vertex 45.375 -4.65965 44
    endloop
  endfacet
  facet normal 0 0 1
    outer loop
      vertex 45.375 -6.94611 44
      vertex 40.875 -4.65965 44
      vertex 40.875 -6.94611 44
    endloop
  endfacet
  facet normal 0 1 -0
    outer loop
      vertex 45.375 6.94611 43
      vertex 40.875 6.94611 44
      vertex 45.375 6.94611 44
    endloop
  endfacet
  facet normal 0 1 0
    outer loop
      vertex 40.875 6.94611 44
      vertex 45.375 6.94611 43
      vertex 40.875 6.94611 43
    endloop
  endfacet
  facet normal 0 -1 0
    outer loop
      vertex 40.875 -6.94611 43
      vertex 45.375 -6.94611 44
      vertex 40.875 -6.94611 44
    endloop
  endfacet
  facet normal 0 -1 -0
    outer loop
      vertex 45.375 -6.94611 44
      vertex 40.875 -6.94611 43
      vertex 45.375 -6.94611 43
    endloop
  endfacet
  facet normal 0 0 -1
    outer loop
      vertex 40.875 4.65965 45
      vertex 45.375 6.74161 45
      vertex 45.375 4.65965 45
    endloop
  endfacet
  facet normal -0 0 -1
    outer loop
      vertex 45.375 6.74161 45
      vertex 40.875 4.65965 45
      vertex 40.875 6.74161 45
    endloop
  endfacet
  facet normal 0 0 -1
    outer loop
      vertex 40.875 -6.74161 45
      vertex 45.375 -4.65965 45
      vertex 45.375 -6.74161 45
    endloop
  endfacet
  facet normal -0 0 -1
    outer loop
      vertex 45.375 -4.65965 45
      vertex 40.875 -6.74161 45
      vertex 40.875 -4.65965 45
    endloop
  endfacet
  facet normal 0 1 -0
    outer loop
      vertex 45.375 4.65965 44
      vertex 40.875 4.65965 45
      vertex 45.375 4.65965 45
    endloop
  endfacet
  facet normal 0 1 0
    outer loop
      vertex 40.875 4.65965 45
      vertex 45.375 4.65965 44
      vertex 40.875 4.65965 44
    endloop
  endfacet
  facet normal 0 -1 0
    outer loop
      vertex 40.875 -4.65965 44
      vertex 45.375 -4.65965 45
      vertex 40.875 -4.65965 45
    endloop
  endfacet
  facet normal 0 -1 -0
    outer loop
      vertex 45.375 -4.65965 45
      vertex 40.875 -4.65965 44
      vertex 45.375 -4.65965 44
    endloop
  endfacet
  facet normal -0 0 1
    outer loop
      vertex 40.875 6.74161 46
      vertex 45.375 4.52042 46
      vertex 45.375 6.74161 46
    endloop
  endfacet
  facet normal 0 0 1
    outer loop
      vertex 45.375 4.52042 46
      vertex 40.875 6.74161 46
      vertex 40.875 4.52042 46
    endloop
  endfacet
  facet normal -0 0 1
    outer loop
      vertex 40.875 -4.52042 46
      vertex 45.375 -6.74161 46
      vertex 45.375 -4.52042 46
    endloop
  endfacet
  facet normal 0 0 1
    outer loop
      vertex 45.375 -6.74161 46
      vertex 40.875 -4.52042 46
      vertex 40.875 -6.74161 46
    endloop
  endfacet
  facet normal 0 1 -0
    outer loop
      vertex 45.375 6.74161 45
      vertex 40.875 6.74161 46
      vertex 45.375 6.74161 46
    endloop
  endfacet
  facet normal 0 1 0
    outer loop
      vertex 40.875 6.74161 46
      vertex 45.375 6.74161 45
      vertex 40.875 6.74161 45
    endloop
  endfacet
  facet normal 0 -1 0
    outer loop
      vertex 40.875 -6.74161 45
      vertex 45.375 -6.74161 46
      vertex 40.875 -6.74161 46
    endloop
  endfacet
  facet normal 0 -1 -0
    outer loop
      vertex 45.375 -6.74161 46
      vertex 40.875 -6.74161 45
      vertex 45.375 -6.74161 45
    endloop
  endfacet
  facet normal 0 0 -1
    outer loop
      vertex 40.875 4.52042 47
      vertex 45.375 6.53712 47
      vertex 45.375 4.52042 47
    endloop
  endfacet
  facet normal -0 0 -1
    outer loop
      vertex 45.375 6.53712 47
      vertex 40.875 4.52042 47
      vertex 40.875 6.53712 47
    endloop
  endfacet
  facet normal 0 0 -1
    outer loop
      vertex 40.875 -6.53712 47
      vertex 45.375 -4.52042 47
      vertex 45.375 -6.53712 47
    endloop
  endfacet
  facet normal -0 0 -1
    outer loop
      vertex 45.375 -4.52042 47
      vertex 40.875 -6.53712 47
      vertex 40.875 -4.52042 47
    endloop
  endfacet
  facet normal 0 1 -0
    outer loop
      vertex 45.375 4.52042 46
      vertex 40.875 4.52042 47
      vertex 45.375 4.52042 47
    endloop
  endfacet
  facet normal 0 1 0
    outer loop
      vertex 40.875 4.52042 47
      vertex 45.375 4.52042 46
      vertex 40.875 4.52042 46
    endloop
  endfacet
  facet normal 0 -1 0
    outer loop
      vertex 40.875 -4.52042 46
      vertex 45.375 -4.52042 47
      vertex 40.875 -4.52042 47
    endloop
  endfacet
  facet normal 0 -1 -0
    outer loop
      vertex 45.375 -4.52042 47
      vertex 40.875 -4.52042 46
      vertex 45.375 -4.52042 46
    endloop
  endfacet
  facet normal -0 0 1
    outer loop
      vertex 40.875 6.53712 48
      vertex 45.375 4.38119 48
      vertex 45.375 6.53712 48
    endloop
  endfacet
  facet normal 0 0 1
    outer loop
      vertex 45.375 4.38119 48
      vertex 40.875 6.53712 48
      vertex 40.875 4.38119 48
    endloop
  endfacet
  facet normal -0 0 1
    outer loop
      vertex 40.875 -4.38119 48
      vertex 45.375 -6.53712 48
      vertex 45.375 -4.38119 48
    endloop
  endfacet
  facet normal 0 0 1
    outer loop
      vertex 45.375 -6.53712 48
      vertex 40.875 -4.38119 48
      vertex 40.875 -6.53712 48
    endloop
  endfacet
  facet normal 0 1 -0
    outer loop
      vertex 45.375 6.53712 47
      vertex 40.875 6.53712 48
      vertex 45.375 6.53712 48
    endloop
  endfacet
  facet normal 0 1 0
    outer loop
      vertex 40.875 6.53712 48
      vertex 45.375 6.53712 47
      vertex 40.875 6.53712 47
    endloop
  endfacet
  facet normal 0 -1 0
    outer loop
      vertex 40.875 -6.53712 47
      vertex 45.375 -6.53712 48
      vertex 40.875 -6.53712 48
    endloop
  endfacet
  facet normal 0 -1 -0
    outer loop
      vertex 45.375 -6.53712 48
      vertex 40.875 -6.53712 47
      vertex 45.375 -6.53712 47
    endloop
  endfacet
  facet normal 0 0 -1
    outer loop
      vertex 40.875 4.38119 49
      vertex 45.375 6.33263 49
      vertex 45.375 4.38119 49
    endloop
  endfacet
  facet normal -0 0 -1
    outer loop
      vertex 45.375 6.33263 49
      vertex 40.875 4.38119 49
      vertex 40.875 6.33263 49
    endloop
  endfacet
  facet normal 0 0 -1
    outer loop
      vertex 40.875 -6.33263 49
      vertex 45.375 -4.38119 49
      vertex 45.375 -6.33263 49
    endloop
  endfacet
  facet normal -0 0 -1
    outer loop
      vertex 45.375 -4.38119 49
      vertex 40.875 -6.33263 49
      vertex 40.875 -4.38119 49
    endloop
  endfacet
  facet normal 0 1 -0
    outer loop
      vertex 45.375 4.38119 48
      vertex 40.875 4.38119 49
      vertex 45.375 4.38119 49
    endloop
  endfacet
  facet normal 0 1 0
    outer loop
      vertex 40.875 4.38119 49
      vertex 45.375 4.38119 48
      vertex 40.875 4.38119 48
    endloop
  endfacet
  facet normal 0 -1 0
    outer loop
      vertex 40.875 -4.38119 48
      vertex 45.375 -4.38119 49
      vertex 40.875 -4.38119 49
    endloop
  endfacet
  facet normal 0 -1 -0
    outer loop
      vertex 45.375 -4.38119 49
      vertex 40.875 -4.38119 48
      vertex 45.375 -4.38119 48
    endloop
  endfacet
  facet normal -0 0 1
    outer loop
      vertex 40.875 6.33263 50
      vertex 45.375 4.24196 50
      vertex 45.375 6.33263 50
    endloop
  endfacet
  facet normal 0 0 1
    outer loop
      vertex 45.375 4.24196 50
      vertex 40.875 6.33263 50
      vertex 40.875 4.24196 50
    endloop
  endfacet
  facet normal -0 0 1
    outer loop
      vertex 40.875 -4.24196 50
      vertex 45.375 -6.33263 50
      vertex 45.375 -4.24196 50
    endloop
  endfacet
  facet normal 0 0 1
    outer loop
      vertex 45.375 -6.33263 50
      vertex 40.875 -4.24196 50
      vertex 40.875 -6.33263 50
    endloop
  endfacet
  facet normal 0 1 -0
    outer loop
      vertex 45.375 6.33263 49
      vertex 40.875 6.33263 50
      vertex 45.375 6.33263 50
    endloop
  endfacet
  facet normal 0 1 0
    outer loop
      vertex 40.875 6.33263 50
      vertex 45.375 6.33263 49
      vertex 40.875 6.33263 49
    endloop
  endfacet
  facet normal 0 -1 0
    outer loop
      vertex 40.875 -6.33263 49
      vertex 45.375 -6.33263 50
      vertex 40.875 -6.33263 50
    endloop
  endfacet
  facet normal 0 -1 -0
    outer loop
      vertex 45.375 -6.33263 50
      vertex 40.875 -6.33263 49
      vertex 45.375 -6.33263 49
    endloop
  endfacet
  facet normal 0 0 -1
    outer loop
      vertex 40.875 4.24196 51
      vertex 45.375 6.12814 51
      vertex 45.375 4.24196 51
    endloop
  endfacet
  facet normal -0 0 -1
    outer loop
      vertex 45.375 6.12814 51
      vertex 40.875 4.24196 51
      vertex 40.875 6.12814 51
    endloop
  endfacet
  facet normal 0 0 -1
    outer loop
      vertex 40.875 -6.12814 51
      vertex 45.375 -4.24196 51
      vertex 45.375 -6.12814 51
    endloop
  endfacet
  facet normal -0 0 -1
    outer loop
      vertex 45.375 -4.24196 51
      vertex 40.875 -6.12814 51
      vertex 40.875 -4.24196 51
    endloop
  endfacet
  facet normal 0 1 -0
    outer loop
      vertex 45.375 4.24196 50
      vertex 40.875 4.24196 51
      vertex 45.375 4.24196 51
    endloop
  endfacet
  facet normal 0 1 0
    outer loop
      vertex 40.875 4.24196 51
      vertex 45.375 4.24196 50
      vertex 40.875 4.24196 50
    endloop
  endfacet
  facet normal 0 -1 0
    outer loop
      vertex 40.875 -4.24196 50
      vertex 45.375 -4.24196 51
      vertex 40.875 -4.24196 51
    endloop
  endfacet
  facet normal 0 -1 -0
    outer loop
      vertex 45.375 -4.24196 51
      vertex 40.875 -4.24196 50
      vertex 45.375 -4.24196 50
    endloop
  endfacet
  facet normal -0 0 1
    outer loop
      vertex 40.875 6.12814 52
      vertex 45.375 4.10274 52
      vertex 45.375 6.12814 52
    endloop
  endfacet
  facet normal 0 0 1
    outer loop
      vertex 45.375 4.10274 52
      vertex 40.875 6.12814 52
      vertex 40.875 4.10274 52
    endloop
  endfacet
  facet normal -0 0 1
    outer loop
      vertex 40.875 -4.10274 52
      vertex 45.375 -6.12814 52
      vertex 45.375 -4.10274 52
    endloop
  endfacet
  facet normal 0 0 1
    outer loop
      vertex 45.375 -6.12814 52
      vertex 40.875 -4.10274 52
      vertex 40.875 -6.12814 52
    endloop
  endfacet
  facet normal 0 1 -0
    outer loop
      vertex 45.375 6.12814 51
      vertex 40.875 6.12814 52
      vertex 45.375 6.12814 52
    endloop
  endfacet
  facet normal 0 1 0
    outer loop
      vertex 40.875 6.12814 52
      vertex 45.375 6.12814 51
      vertex 40.875 6.12814 51
    endloop
  endfacet
  facet normal 0 -1 0
    outer loop
      vertex 40.875 -6.12814 51
      vertex 45.375 -6.12814 52
      vertex 40.875 -6.12814 52
    endloop
  endfacet
  facet normal 0 -1 -0
    outer loop
      vertex 45.375 -6.12814 52
      vertex 40.875 -6.12814 51
      vertex 45.375 -6.12814 51
    endloop
  endfacet
  facet normal 0 0 -1
    outer loop
      vertex 40.875 4.10274 53
      vertex 45.375 5.92365 53
      vertex 45.375 4.10274 53
    endloop
  endfacet
  facet normal -0 0 -1
    outer loop
      vertex 45.375 5.92365 53
      vertex 40.875 4.10274 53
      vertex 40.875 5.92365 53
    endloop
  endfacet
  facet normal 0 0 -1
    outer loop
      vertex 40.875 -5.92365 53
      vertex 45.375 -4.10274 53
      vertex 45.375 -5.92365 53
    endloop
  endfacet
  facet normal -0 0 -1
    outer loop
      vertex 45.375 -4.10274 53
      vertex 40.875 -5.92365 53
      vertex 40.875 -4.10274 53
    endloop
  endfacet
  facet normal 0 1 -0
    outer loop
      vertex 45.375 4.10274 52
      vertex 40.875 4.10274 53
      vertex 45.375 4.10274 53
    endloop
  endfacet
  facet normal 0 1 0
    outer loop
      vertex 40.875 4.10274 53
      vertex 45.375 4.10274 52
      vertex 40.875 4.10274 52
    endloop
  endfacet
  facet normal 0 -1 0
    outer loop
      vertex 40.875 -4.10274 52
      vertex 45.375 -4.10274 53
      vertex 40.875 -4.10274 53
    endloop
  endfacet
  facet normal 0 -1 -0
    outer loop
      vertex 45.375 -4.10274 53
      vertex 40.875 -4.10274 52
      vertex 45.375 -4.10274 52
    endloop
  endfacet
  facet normal -0 0 1
    outer loop
      vertex 40.875 5.92365 54
      vertex 45.375 3.96351 54
      vertex 45.375 5.92365 54
    endloop
  endfacet
  facet normal 0 0 1
    outer loop
      vertex 45.375 3.96351 54
      vertex 40.875 5.92365 54
      vertex 40.875 3.96351 54
    endloop
  endfacet
  facet normal -0 0 1
    outer loop
      vertex 40.875 -3.96351 54
      vertex 45.375 -5.92365 54
      vertex 45.375 -3.96351 54
    endloop
  endfacet
  facet normal 0 0 1
    outer loop
      vertex 45.375 -5.92365 54
      vertex 40.875 -3.96351 54
      vertex 40.875 -5.92365 54
    endloop
  endfacet
  facet normal 0 1 -0
    outer loop
      vertex 45.375 5.92365 53
      vertex 40.875 5.92365 54
      vertex 45.375 5.92365 54
    endloop
  endfacet
  facet normal 0 1 0
    outer loop
      vertex 40.875 5.92365 54
      vertex 45.375 5.92365 53
      vertex 40.875 5.92365 53
    endloop
  endfacet
  facet normal 0 -1 0
    outer loop
      vertex 40.875 -5.92365 53
      vertex 45.375 -5.92365 54
      vertex 40.875 -5.92365 54
    endloop
  endfacet
  facet normal 0 -1 -0
    outer loop
      vertex 45.375 -5.92365 54
      vertex 40.875 -5.92365 53
      vertex 45.375 -5.92365 53
    endloop
  endfacet
  facet normal 0 0 -1
    outer loop
      vertex 40.875 3.96351 55
      vertex 45.375 5.71916 55
      vertex 45.375 3.96351 55
    endloop
  endfacet
  facet normal -0 0 -1
    outer loop
      vertex 45.375 5.71916 55
      vertex 40.875 3.96351 55
      vertex 40.875 5.71916 55
    endloop
  endfacet
  facet normal 0 0 -1
    outer loop
      vertex 40.875 -5.71916 55
      vertex 45.375 -3.96351 55
      vertex 45.375 -5.71916 55
    endloop
  endfacet
  facet normal -0 0 -1
    outer loop
      vertex 45.375 -3.96351 55
      vertex 40.875 -5.71916 55
      vertex 40.875 -3.96351 55
    endloop
  endfacet
  facet normal 0 1 -0
    outer loop
      vertex 45.375 3.96351 54
      vertex 40.875 3.96351 55
      vertex 45.375 3.96351 55
    endloop
  endfacet
  facet normal 0 1 0
    outer loop
      vertex 40.875 3.96351 55
      vertex 45.375 3.96351 54
      vertex 40.875 3.96351 54
    endloop
  endfacet
  facet normal 0 -1 0
    outer loop
      vertex 40.875 -3.96351 54
      vertex 45.375 -3.96351 55
      vertex 40.875 -3.96351 55
    endloop
  endfacet
  facet normal 0 -1 -0
    outer loop
      vertex 45.375 -3.96351 55
      vertex 40.875 -3.96351 54
      vertex 45.375 -3.96351 54
    endloop
  endfacet
  facet normal -0 0 1
    outer loop
      vertex 40.875 5.71916 56
      vertex 45.375 3.82428 56
      vertex 45.375 5.71916 56
    endloop
  endfacet
  facet normal 0 0 1
    outer loop
      vertex 45.375 3.82428 56
      vertex 40.875 5.71916 56
      vertex 40.875 3.82428 56
    endloop
  endfacet
  facet normal -0 0 1
    outer loop
      vertex 40.875 -3.82428 56
      vertex 45.375 -5.71916 56
      vertex 45.375 -3.82428 56
    endloop
  endfacet
  facet normal 0 0 1
    outer loop
      vertex 45.375 -5.71916 56
      vertex 40.875 -3.82428 56
      vertex 40.875 -5.71916 56
    endloop
  endfacet
  facet normal 0 1 -0
    outer loop
      vertex 45.375 5.71916 55
      vertex 40.875 5.71916 56
      vertex 45.375 5.71916 56
    endloop
  endfacet
  facet normal 0 1 0
    outer loop
      vertex 40.875 5.71916 56
      vertex 45.375 5.71916 55
      vertex 40.875 5.71916 55
    endloop
  endfacet
  facet normal 0 -1 0
    outer loop
      vertex 40.875 -5.71916 55
      vertex 45.375 -5.71916 56
      vertex 40.875 -5.71916 56
    endloop
  endfacet
  facet normal 0 -1 -0
    outer loop
      vertex 45.375 -5.71916 56
      vertex 40.875 -5.71916 55
      vertex 45.375 -5.71916 55
    endloop
  endfacet
  facet normal 0 0 -1
    outer loop
      vertex 40.875 3.82428 57
      vertex 45.375 5.51467 57
      vertex 45.375 3.82428 57
    endloop
  endfacet
  facet normal -0 0 -1
    outer loop
      vertex 45.375 5.51467 57
      vertex 40.875 3.82428 57
      vertex 40.875 5.51467 57
    endloop
  endfacet
  facet normal 0 0 -1
    outer loop
      vertex 40.875 -5.51467 57
      vertex 45.375 -3.82428 57
      vertex 45.375 -5.51467 57
    endloop
  endfacet
  facet normal -0 0 -1
    outer loop
      vertex 45.375 -3.82428 57
      vertex 40.875 -5.51467 57
      vertex 40.875 -3.82428 57
    endloop
  endfacet
  facet normal 0 1 -0
    outer loop
      vertex 45.375 3.82428 56
      vertex 40.875 3.82428 57
      vertex 45.375 3.82428 57
    endloop
  endfacet
  facet normal 0 1 0
    outer loop
      vertex 40.875 3.82428 57
      vertex 45.375 3.82428 56
      vertex 40.875 3.82428 56
    endloop
  endfacet
  facet normal 0 -1 0
    outer loop
      vertex 40.875 -3.82428 56
      vertex 45.375 -3.82428 57
      vertex 40.875 -3.82428 57
    endloop
  endfacet
  facet normal 0 -1 -0
    outer loop
      vertex 45.375 -3.82428 57
      vertex 40.875 -3.82428 56
      vertex 45.375 -3.82428 56
    endloop
  endfacet
  facet normal -0 0 1
    outer loop
      vertex 40.875 5.51467 58
      vertex 45.375 3.68505 58
      vertex 45.375 5.51467 58
    endloop
  endfacet
  facet normal 0 0 1
    outer loop
      vertex 45.375 3.68505 58
      vertex 40.875 5.51467 58
      vertex 40.875 3.68505 58
    endloop
  endfacet
  facet normal -0 0 1
    outer loop
      vertex 40.875 -3.68505 58
      vertex 45.375 -5.51467 58
      vertex 45.375 -3.68505 58
    endloop
  endfacet
  facet normal 0 0 1
    outer loop
      vertex 45.375 -5.51467 58
      vertex 40.875 -3.68505 58
      vertex 40.875 -5.51467 58
    endloop
  endfacet
  facet normal 0 1 -0
    outer loop
      vertex 45.375 5.51467 57
      vertex 40.875 5.51467 58
      vertex 45.375 5.51467 58
    endloop
  endfacet
  facet normal 0 1 0
    outer loop
      vertex 40.875 5.51467 58
      vertex 45.375 5.51467 57
      vertex 40.875 5.51467 57
    endloop
  endfacet
  facet normal 0 -1 0
    outer loop
      vertex 40.875 -5.51467 57
      vertex 45.375 -5.51467 58
      vertex 40.875 -5.51467 58
    endloop
  endfacet
  facet normal 0 -1 -0
    outer loop
      vertex 45.375 -5.51467 58
      vertex 40.875 -5.51467 57
      vertex 45.375 -5.51467 57
    endloop
  endfacet
  facet normal 0 0 -1
    outer loop
      vertex 40.875 3.68505 59
      vertex 45.375 5.31017 59
      vertex 45.375 3.68505 59
    endloop
  endfacet
  facet normal -0 0 -1
    outer loop
      vertex 45.375 5.31017 59
      vertex 40.875 3.68505 59
      vertex 40.875 5.31017 59
    endloop
  endfacet
  facet normal 0 0 -1
    outer loop
      vertex 40.875 -5.31017 59
      vertex 45.375 -3.68505 59
      vertex 45.375 -5.31017 59
    endloop
  endfacet
  facet normal -0 0 -1
    outer loop
      vertex 45.375 -3.68505 59
      vertex 40.875 -5.31017 59
      vertex 40.875 -3.68505 59
    endloop
  endfacet
  facet normal 0 1 -0
    outer loop
      vertex 45.375 3.68505 58
      vertex 40.875 3.68505 59
      vertex 45.375 3.68505 59
    endloop
  endfacet
  facet normal 0 1 0
    outer loop
      vertex 40.875 3.68505 59
      vertex 45.375 3.68505 58
      vertex 40.875 3.68505 58
    endloop
  endfacet
  facet normal 0 -1 0
    outer loop
      vertex 40.875 -3.68505 58
      vertex 45.375 -3.68505 59
      vertex 40.875 -3.68505 59
    endloop
  endfacet
  facet normal 0 -1 -0
    outer loop
      vertex 45.375 -3.68505 59
      vertex 40.875 -3.68505 58
      vertex 45.375 -3.68505 58
    endloop
  endfacet
  facet normal -0 0 1
    outer loop
      vertex 40.875 5.31017 60
      vertex 45.375 3.54582 60
      vertex 45.375 5.31017 60
    endloop
  endfacet
  facet normal 0 0 1
    outer loop
      vertex 45.375 3.54582 60
      vertex 40.875 5.31017 60
      vertex 40.875 3.54582 60
    endloop
  endfacet
  facet normal -0 0 1
    outer loop
      vertex 40.875 -3.54582 60
      vertex 45.375 -5.31017 60
      vertex 45.375 -3.54582 60
    endloop
  endfacet
  facet normal 0 0 1
    outer loop
      vertex 45.375 -5.31017 60
      vertex 40.875 -3.54582 60
      vertex 40.875 -5.31017 60
    endloop
  endfacet
  facet normal 0 1 -0
    outer loop
      vertex 45.375 5.31017 59
      vertex 40.875 5.31017 60
      vertex 45.375 5.31017 60
    endloop
  endfacet
  facet normal 0 1 0
    outer loop
      vertex 40.875 5.31017 60
      vertex 45.375 5.31017 59
      vertex 40.875 5.31017 59
    endloop
  endfacet
  facet normal 0 -1 0
    outer loop
      vertex 40.875 -5.31017 59
      vertex 45.375 -5.31017 60
      vertex 40.875 -5.31017 60
    endloop
  endfacet
  facet normal 0 -1 -0
    outer loop
      vertex 45.375 -5.31017 60
      vertex 40.875 -5.31017 59
      vertex 45.375 -5.31017 59
    endloop
  endfacet
  facet normal 0 0 -1
    outer loop
      vertex 40.875 3.54582 61
      vertex 45.375 5.10568 61
      vertex 45.375 3.54582 61
    endloop
  endfacet
  facet normal -0 0 -1
    outer loop
      vertex 45.375 5.10568 61
      vertex 40.875 3.54582 61
      vertex 40.875 5.10568 61
    endloop
  endfacet
  facet normal 0 0 -1
    outer loop
      vertex 40.875 -5.10568 61
      vertex 45.375 -3.54582 61
      vertex 45.375 -5.10568 61
    endloop
  endfacet
  facet normal -0 0 -1
    outer loop
      vertex 45.375 -3.54582 61
      vertex 40.875 -5.10568 61
      vertex 40.875 -3.54582 61
    endloop
  endfacet
  facet normal 0 1 -0
    outer loop
      vertex 45.375 3.54582 60
      vertex 40.875 3.54582 61
      vertex 45.375 3.54582 61
    endloop
  endfacet
  facet normal 0 1 0
    outer loop
      vertex 40.875 3.54582 61
      vertex 45.375 3.54582 60
      vertex 40.875 3.54582 60
    endloop
  endfacet
  facet normal 0 -1 0
    outer loop
      vertex 40.875 -3.54582 60
      vertex 45.375 -3.54582 61
      vertex 40.875 -3.54582 61
    endloop
  endfacet
  facet normal 0 -1 -0
    outer loop
      vertex 45.375 -3.54582 61
      vertex 40.875 -3.54582 60
      vertex 45.375 -3.54582 60
    endloop
  endfacet
  facet normal -0 0 1
    outer loop
      vertex 40.875 5.10568 62
      vertex 45.375 3.4066 62
      vertex 45.375 5.10568 62
    endloop
  endfacet
  facet normal 0 0 1
    outer loop
      vertex 45.375 3.4066 62
      vertex 40.875 5.10568 62
      vertex 40.875 3.4066 62
    endloop
  endfacet
  facet normal -0 0 1
    outer loop
      vertex 40.875 -3.4066 62
      vertex 45.375 -5.10568 62
      vertex 45.375 -3.4066 62
    endloop
  endfacet
  facet normal 0 0 1
    outer loop
      vertex 45.375 -5.10568 62
      vertex 40.875 -3.4066 62
      vertex 40.875 -5.10568 62
    endloop
  endfacet
  facet normal 0 1 -0
    outer loop
      vertex 45.375 5.10568 61
      vertex 40.875 5.10568 62
      vertex 45.375 5.10568 62
    endloop
  endfacet
  facet normal 0 1 0
    outer loop
      vertex 40.875 5.10568 62
      vertex 45.375 5.10568 61
      vertex 40.875 5.10568 61
    endloop
  endfacet
  facet normal 0 -1 0
    outer loop
      vertex 40.875 -5.10568 61
      vertex 45.375 -5.10568 62
      vertex 40.875 -5.10568 62
    endloop
  endfacet
  facet normal 0 -1 -0
    outer loop
      vertex 45.375 -5.10568 62
      vertex 40.875 -5.10568 61
      vertex 45.375 -5.10568 61
    endloop
  endfacet
  facet normal 0 0 -1
    outer loop
      vertex 40.875 3.4066 63
      vertex 45.375 4.90119 63
      vertex 45.375 3.4066 63
    endloop
  endfacet
  facet normal -0 0 -1
    outer loop
      vertex 45.375 4.90119 63
      vertex 40.875 3.4066 63
      vertex 40.875 4.90119 63
    endloop
  endfacet
  facet normal 0 0 -1
    outer loop
      vertex 40.875 -4.90119 63
      vertex 45.375 -3.4066 63
      vertex 45.375 -4.90119 63
    endloop
  endfacet
  facet normal -0 0 -1
    outer loop
      vertex 45.375 -3.4066 63
      vertex 40.875 -4.90119 63
      vertex 40.875 -3.4066 63
    endloop
  endfacet
  facet normal 0 1 -0
    outer loop
      vertex 45.375 3.4066 62
      vertex 40.875 3.4066 63
      vertex 45.375 3.4066 63
    endloop
  endfacet
  facet normal 0 1 0
    outer loop
      vertex 40.875 3.4066 63
      vertex 45.375 3.4066 62
      vertex 40.875 3.4066 62
    endloop
  endfacet
  facet normal 0 -1 0
    outer loop
      vertex 40.875 -3.4066 62
      vertex 45.375 -3.4066 63
      vertex 40.875 -3.4066 63
    endloop
  endfacet
  facet normal 0 -1 -0
    outer loop
      vertex 45.375 -3.4066 63
      vertex 40.875 -3.4066 62
      vertex 45.375 -3.4066 62
    endloop
  endfacet
  facet normal -0 0 1
    outer loop
      vertex 40.875 4.90119 64
      vertex 45.375 3.26737 64
      vertex 45.375 4.90119 64
    endloop
  endfacet
  facet normal 0 0 1
    outer loop
      vertex 45.375 3.26737 64
      vertex 40.875 4.90119 64
      vertex 40.875 3.26737 64
    endloop
  endfacet
  facet normal -0 0 1
    outer loop
      vertex 40.875 -3.26737 64
      vertex 45.375 -4.90119 64
      vertex 45.375 -3.26737 64
    endloop
  endfacet
  facet normal 0 0 1
    outer loop
      vertex 45.375 -4.90119 64
      vertex 40.875 -3.26737 64
      vertex 40.875 -4.90119 64
    endloop
  endfacet
  facet normal 0 1 -0
    outer loop
      vertex 45.375 4.90119 63
      vertex 40.875 4.90119 64
      vertex 45.375 4.90119 64
    endloop
  endfacet
  facet normal 0 1 0
    outer loop
      vertex 40.875 4.90119 64
      vertex 45.375 4.90119 63
      vertex 40.875 4.90119 63
    endloop
  endfacet
  facet normal 0 -1 0
    outer loop
      vertex 40.875 -4.90119 63
      vertex 45.375 -4.90119 64
      vertex 40.875 -4.90119 64
    endloop
  endfacet
  facet normal 0 -1 -0
    outer loop
      vertex 45.375 -4.90119 64
      vertex 40.875 -4.90119 63
      vertex 45.375 -4.90119 63
    endloop
  endfacet
  facet normal 0 0 -1
    outer loop
      vertex 40.875 3.26737 65
      vertex 45.375 4.6967 65
      vertex 45.375 3.26737 65
    endloop
  endfacet
  facet normal -0 0 -1
    outer loop
      vertex 45.375 4.6967 65
      vertex 40.875 3.26737 65
      vertex 40.875 4.6967 65
    endloop
  endfacet
  facet normal 0 0 -1
    outer loop
      vertex 40.875 -4.6967 65
      vertex 45.375 -3.26737 65
      vertex 45.375 -4.6967 65
    endloop
  endfacet
  facet normal -0 0 -1
    outer loop
      vertex 45.375 -3.26737 65
      vertex 40.875 -4.6967 65
      vertex 40.875 -3.26737 65
    endloop
  endfacet
  facet normal 0 1 -0
    outer loop
      vertex 45.375 3.26737 64
      vertex 40.875 3.26737 65
      vertex 45.375 3.26737 65
    endloop
  endfacet
  facet normal 0 1 0
    outer loop
      vertex 40.875 3.26737 65
      vertex 45.375 3.26737 64
      vertex 40.875 3.26737 64
    endloop
  endfacet
  facet normal 0 -1 0
    outer loop
      vertex 40.875 -3.26737 64
      vertex 45.375 -3.26737 65
      vertex 40.875 -3.26737 65
    endloop
  endfacet
  facet normal 0 -1 -0
    outer loop
      vertex 45.375 -3.26737 65
      vertex 40.875 -3.26737 64
      vertex 45.375 -3.26737 64
    endloop
  endfacet
  facet normal -0 0 1
    outer loop
      vertex 40.875 4.6967 66
      vertex 45.375 3.12814 66
      vertex 45.375 4.6967 66
    endloop
  endfacet
  facet normal 0 0 1
    outer loop
      vertex 45.375 3.12814 66
      vertex 40.875 4.6967 66
      vertex 40.875 3.12814 66
    endloop
  endfacet
  facet normal -0 0 1
    outer loop
      vertex 40.875 -3.12814 66
      vertex 45.375 -4.6967 66
      vertex 45.375 -3.12814 66
    endloop
  endfacet
  facet normal 0 0 1
    outer loop
      vertex 45.375 -4.6967 66
      vertex 40.875 -3.12814 66
      vertex 40.875 -4.6967 66
    endloop
  endfacet
  facet normal 0 1 -0
    outer loop
      vertex 45.375 4.6967 65
      vertex 40.875 4.6967 66
      vertex 45.375 4.6967 66
    endloop
  endfacet
  facet normal 0 1 0
    outer loop
      vertex 40.875 4.6967 66
      vertex 45.375 4.6967 65
      vertex 40.875 4.6967 65
    endloop
  endfacet
  facet normal 0 -1 0
    outer loop
      vertex 40.875 -4.6967 65
      vertex 45.375 -4.6967 66
      vertex 40.875 -4.6967 66
    endloop
  endfacet
  facet normal 0 -1 -0
    outer loop
      vertex 45.375 -4.6967 66
      vertex 40.875 -4.6967 65
      vertex 45.375 -4.6967 65
    endloop
  endfacet
  facet normal 0 0 -1
    outer loop
      vertex 40.875 3.12814 67
      vertex 45.375 4.49221 67
      vertex 45.375 3.12814 67
    endloop
  endfacet
  facet normal -0 0 -1
    outer loop
      vertex 45.375 4.49221 67
      vertex 40.875 3.12814 67
      vertex 40.875 4.49221 67
    endloop
  endfacet
  facet normal 0 0 -1
    outer loop
      vertex 40.875 -4.49221 67
      vertex 45.375 -3.12814 67
      vertex 45.375 -4.49221 67
    endloop
  endfacet
  facet normal -0 0 -1
    outer loop
      vertex 45.375 -3.12814 67
      vertex 40.875 -4.49221 67
      vertex 40.875 -3.12814 67
    endloop
  endfacet
  facet normal 0 1 -0
    outer loop
      vertex 45.375 3.12814 66
      vertex 40.875 3.12814 67
      vertex 45.375 3.12814 67
    endloop
  endfacet
  facet normal 0 1 0
    outer loop
      vertex 40.875 3.12814 67
      vertex 45.375 3.12814 66
      vertex 40.875 3.12814 66
    endloop
  endfacet
  facet normal 0 -1 0
    outer loop
      vertex 40.875 -3.12814 66
      vertex 45.375 -3.12814 67
      vertex 40.875 -3.12814 67
    endloop
  endfacet
  facet normal 0 -1 -0
    outer loop
      vertex 45.375 -3.12814 67
      vertex 40.875 -3.12814 66
      vertex 45.375 -3.12814 66
    endloop
  endfacet
  facet normal -0 0 1
    outer loop
      vertex 40.875 4.49221 68
      vertex 45.375 2.98891 68
      vertex 45.375 4.49221 68
    endloop
  endfacet
  facet normal 0 0 1
    outer loop
      vertex 45.375 2.98891 68
      vertex 40.875 4.49221 68
      vertex 40.875 2.98891 68
    endloop
  endfacet
  facet normal -0 0 1
    outer loop
      vertex 40.875 -2.98891 68
      vertex 45.375 -4.49221 68
      vertex 45.375 -2.98891 68
    endloop
  endfacet
  facet normal 0 0 1
    outer loop
      vertex 45.375 -4.49221 68
      vertex 40.875 -2.98891 68
      vertex 40.875 -4.49221 68
    endloop
  endfacet
  facet normal 0 1 -0
    outer loop
      vertex 45.375 4.49221 67
      vertex 40.875 4.49221 68
      vertex 45.375 4.49221 68
    endloop
  endfacet
  facet normal 0 1 0
    outer loop
      vertex 40.875 4.49221 68
      vertex 45.375 4.49221 67
      vertex 40.875 4.49221 67
    endloop
  endfacet
  facet normal 0 -1 0
    outer loop
      vertex 40.875 -4.49221 67
      vertex 45.375 -4.49221 68
      vertex 40.875 -4.49221 68
    endloop
  endfacet
  facet normal 0 -1 -0
    outer loop
      vertex 45.375 -4.49221 68
      vertex 40.875 -4.49221 67
      vertex 45.375 -4.49221 67
    endloop
  endfacet
  facet normal 0 0 -1
    outer loop
      vertex 40.875 2.98891 69
      vertex 45.375 4.28772 69
      vertex 45.375 2.98891 69
    endloop
  endfacet
  facet normal -0 0 -1
    outer loop
      vertex 45.375 4.28772 69
      vertex 40.875 2.98891 69
      vertex 40.875 4.28772 69
    endloop
  endfacet
  facet normal 0 0 -1
    outer loop
      vertex 40.875 -4.28772 69
      vertex 45.375 -2.98891 69
      vertex 45.375 -4.28772 69
    endloop
  endfacet
  facet normal -0 0 -1
    outer loop
      vertex 45.375 -2.98891 69
      vertex 40.875 -4.28772 69
      vertex 40.875 -2.98891 69
    endloop
  endfacet
  facet normal 0 1 -0
    outer loop
      vertex 45.375 2.98891 68
      vertex 40.875 2.98891 69
      vertex 45.375 2.98891 69
    endloop
  endfacet
  facet normal 0 1 0
    outer loop
      vertex 40.875 2.98891 69
      vertex 45.375 2.98891 68
      vertex 40.875 2.98891 68
    endloop
  endfacet
  facet normal 0 -1 0
    outer loop
      vertex 40.875 -2.98891 68
      vertex 45.375 -2.98891 69
      vertex 40.875 -2.98891 69
    endloop
  endfacet
  facet normal 0 -1 -0
    outer loop
      vertex 45.375 -2.98891 69
      vertex 40.875 -2.98891 68
      vertex 45.375 -2.98891 68
    endloop
  endfacet
  facet normal -0 0 1
    outer loop
      vertex 40.875 4.28772 70
      vertex 45.375 2.84968 70
      vertex 45.375 4.28772 70
    endloop
  endfacet
  facet normal 0 0 1
    outer loop
      vertex 45.375 2.84968 70
      vertex 40.875 4.28772 70
      vertex 40.875 2.84968 70
    endloop
  endfacet
  facet normal -0 0 1
    outer loop
      vertex 40.875 -2.84968 70
      vertex 45.375 -4.28772 70
      vertex 45.375 -2.84968 70
    endloop
  endfacet
  facet normal 0 0 1
    outer loop
      vertex 45.375 -4.28772 70
      vertex 40.875 -2.84968 70
      vertex 40.875 -4.28772 70
    endloop
  endfacet
  facet normal 0 1 -0
    outer loop
      vertex 45.375 4.28772 69
      vertex 40.875 4.28772 70
      vertex 45.375 4.28772 70
    endloop
  endfacet
  facet normal 0 1 0
    outer loop
      vertex 40.875 4.28772 70
      vertex 45.375 4.28772 69
      vertex 40.875 4.28772 69
    endloop
  endfacet
  facet normal 0 -1 0
    outer loop
      vertex 40.875 -4.28772 69
      vertex 45.375 -4.28772 70
      vertex 40.875 -4.28772 70
    endloop
  endfacet
  facet normal 0 -1 -0
    outer loop
      vertex 45.375 -4.28772 70
      vertex 40.875 -4.28772 69
      vertex 45.375 -4.28772 69
    endloop
  endfacet
  facet normal 0 0 -1
    outer loop
      vertex 40.875 2.84968 71
      vertex 45.375 4.08323 71
      vertex 45.375 2.84968 71
    endloop
  endfacet
  facet normal -0 0 -1
    outer loop
      vertex 45.375 4.08323 71
      vertex 40.875 2.84968 71
      vertex 40.875 4.08323 71
    endloop
  endfacet
  facet normal 0 0 -1
    outer loop
      vertex 40.875 -4.08323 71
      vertex 45.375 -2.84968 71
      vertex 45.375 -4.08323 71
    endloop
  endfacet
  facet normal -0 0 -1
    outer loop
      vertex 45.375 -2.84968 71
      vertex 40.875 -4.08323 71
      vertex 40.875 -2.84968 71
    endloop
  endfacet
  facet normal 0 1 -0
    outer loop
      vertex 45.375 2.84968 70
      vertex 40.875 2.84968 71
      vertex 45.375 2.84968 71
    endloop
  endfacet
  facet normal 0 1 0
    outer loop
      vertex 40.875 2.84968 71
      vertex 45.375 2.84968 70
      vertex 40.875 2.84968 70
    endloop
  endfacet
  facet normal 0 -1 0
    outer loop
      vertex 40.875 -2.84968 70
      vertex 45.375 -2.84968 71
      vertex 40.875 -2.84968 71
    endloop
  endfacet
  facet normal 0 -1 -0
    outer loop
      vertex 45.375 -2.84968 71
      vertex 40.875 -2.84968 70
      vertex 45.375 -2.84968 70
    endloop
  endfacet
  facet normal -0 0 1
    outer loop
      vertex 40.875 4.08323 72
      vertex 45.375 2.71046 72
      vertex 45.375 4.08323 72
    endloop
  endfacet
  facet normal 0 0 1
    outer loop
      vertex 45.375 2.71046 72
      vertex 40.875 4.08323 72
      vertex 40.875 2.71046 72
    endloop
  endfacet
  facet normal -0 0 1
    outer loop
      vertex 40.875 -2.71046 72
      vertex 45.375 -4.08323 72
      vertex 45.375 -2.71046 72
    endloop
  endfacet
  facet normal 0 0 1
    outer loop
      vertex 45.375 -4.08323 72
      vertex 40.875 -2.71046 72
      vertex 40.875 -4.08323 72
    endloop
  endfacet
  facet normal 0 1 -0
    outer loop
      vertex 45.375 4.08323 71
      vertex 40.875 4.08323 72
      vertex 45.375 4.08323 72
    endloop
  endfacet
  facet normal 0 1 0
    outer loop
      vertex 40.875 4.08323 72
      vertex 45.375 4.08323 71
      vertex 40.875 4.08323 71
    endloop
  endfacet
  facet normal 0 -1 0
    outer loop
      vertex 40.875 -4.08323 71
      vertex 45.375 -4.08323 72
      vertex 40.875 -4.08323 72
    endloop
  endfacet
  facet normal 0 -1 -0
    outer loop
      vertex 45.375 -4.08323 72
      vertex 40.875 -4.08323 71
      vertex 45.375 -4.08323 71
    endloop
  endfacet
  facet normal 0 0 -1
    outer loop
      vertex 40.875 2.71046 73
      vertex 45.375 3.87874 73
      vertex 45.375 2.71046 73
    endloop
  endfacet
  facet normal -0 0 -1
    outer loop
      vertex 45.375 3.87874 73
      vertex 40.875 2.71046 73
      vertex 40.875 3.87874 73
    endloop
  endfacet
  facet normal 0 0 -1
    outer loop
      vertex 40.875 -3.87874 73
      vertex 45.375 -2.71046 73
      vertex 45.375 -3.87874 73
    endloop
  endfacet
  facet normal -0 0 -1
    outer loop
      vertex 45.375 -2.71046 73
      vertex 40.875 -3.87874 73
      vertex 40.875 -2.71046 73
    endloop
  endfacet
  facet normal 0 1 -0
    outer loop
      vertex 45.375 2.71046 72
      vertex 40.875 2.71046 73
      vertex 45.375 2.71046 73
    endloop
  endfacet
  facet normal 0 1 0
    outer loop
      vertex 40.875 2.71046 73
      vertex 45.375 2.71046 72
      vertex 40.875 2.71046 72
    endloop
  endfacet
  facet normal 0 -1 0
    outer loop
      vertex 40.875 -2.71046 72
      vertex 45.375 -2.71046 73
      vertex 40.875 -2.71046 73
    endloop
  endfacet
  facet normal 0 -1 -0
    outer loop
      vertex 45.375 -2.71046 73
      vertex 40.875 -2.71046 72
      vertex 45.375 -2.71046 72
    endloop
  endfacet
  facet normal -0 0 1
    outer loop
      vertex 40.875 3.87874 74
      vertex 45.375 2.57123 74
      vertex 45.375 3.87874 74
    endloop
  endfacet
  facet normal 0 0 1
    outer loop
      vertex 45.375 2.57123 74
      vertex 40.875 3.87874 74
      vertex 40.875 2.57123 74
    endloop
  endfacet
  facet normal -0 0 1
    outer loop
      vertex 40.875 -2.57123 74
      vertex 45.375 -3.87874 74
      vertex 45.375 -2.57123 74
    endloop
  endfacet
  facet normal 0 0 1
    outer loop
      vertex 45.375 -3.87874 74
      vertex 40.875 -2.57123 74
      vertex 40.875 -3.87874 74
    endloop
  endfacet
  facet normal 0 1 -0
    outer loop
      vertex 45.375 3.87874 73
      vertex 40.875 3.87874 74
      vertex 45.375 3.87874 74
    endloop
  endfacet
  facet normal 0 1 0
    outer loop
      vertex 40.875 3.87874 74
      vertex 45.375 3.87874 73
      vertex 40.875 3.87874 73
    endloop
  endfacet
  facet normal 0 -1 0
    outer loop
      vertex 40.875 -3.87874 73
      vertex 45.375 -3.87874 74
      vertex 40.875 -3.87874 74
    endloop
  endfacet
  facet normal 0 -1 -0
    outer loop
      vertex 45.375 -3.87874 74
      vertex 40.875 -3.87874 73
      vertex 45.375 -3.87874 73
    endloop
  endfacet
  facet normal 0 0 -1
    outer loop
      vertex 40.875 2.57123 75
      vertex 45.375 3.67424 75
      vertex 45.375 2.57123 75
    endloop
  endfacet
  facet normal -0 0 -1
    outer loop
      vertex 45.375 3.67424 75
      vertex 40.875 2.57123 75
      vertex 40.875 3.67424 75
    endloop
  endfacet
  facet normal 0 0 -1
    outer loop
      vertex 40.875 -3.67424 75
      vertex 45.375 -2.57123 75
      vertex 45.375 -3.67424 75
    endloop
  endfacet
  facet normal -0 0 -1
    outer loop
      vertex 45.375 -2.57123 75
      vertex 40.875 -3.67424 75
      vertex 40.875 -2.57123 75
    endloop
  endfacet
  facet normal 0 1 -0
    outer loop
      vertex 45.375 2.57123 74
      vertex 40.875 2.57123 75
      vertex 45.375 2.57123 75
    endloop
  endfacet
  facet normal 0 1 0
    outer loop
      vertex 40.875 2.57123 75
      vertex 45.375 2.57123 74
      vertex 40.875 2.57123 74
    endloop
  endfacet
  facet normal 0 -1 0
    outer loop
      vertex 40.875 -2.57123 74
      vertex 45.375 -2.57123 75
      vertex 40.875 -2.57123 75
    endloop
  endfacet
  facet normal 0 -1 -0
    outer loop
      vertex 45.375 -2.57123 75
      vertex 40.875 -2.57123 74
      vertex 45.375 -2.57123 74
    endloop
  endfacet
  facet normal -0 0 1
    outer loop
      vertex 40.875 3.67424 76
      vertex 45.375 2.432 76
      vertex 45.375 3.67424 76
    endloop
  endfacet
  facet normal 0 0 1
    outer loop
      vertex 45.375 2.432 76
      vertex 40.875 3.67424 76
      vertex 40.875 2.432 76
    endloop
  endfacet
  facet normal -0 0 1
    outer loop
      vertex 40.875 -2.432 76
      vertex 45.375 -3.67424 76
      vertex 45.375 -2.432 76
    endloop
  endfacet
  facet normal 0 0 1
    outer loop
      vertex 45.375 -3.67424 76
      vertex 40.875 -2.432 76
      vertex 40.875 -3.67424 76
    endloop
  endfacet
  facet normal 0 1 -0
    outer loop
      vertex 45.375 3.67424 75
      vertex 40.875 3.67424 76
      vertex 45.375 3.67424 76
    endloop
  endfacet
  facet normal 0 1 0
    outer loop
      vertex 40.875 3.67424 76
      vertex 45.375 3.67424 75
      vertex 40.875 3.67424 75
    endloop
  endfacet
  facet normal 0 -1 0
    outer loop
      vertex 40.875 -3.67424 75
      vertex 45.375 -3.67424 76
      vertex 40.875 -3.67424 76
    endloop
  endfacet
  facet normal 0 -1 -0
    outer loop
      vertex 45.375 -3.67424 76
      vertex 40.875 -3.67424 75
      vertex 45.375 -3.67424 75
    endloop
  endfacet
  facet normal 0 1 -0
    outer loop
      vertex 45.375 2.432 76
      vertex 40.875 2.432 77
      vertex 45.375 2.432 77
    endloop
  endfacet
  facet normal 0 1 0
    outer loop
      vertex 40.875 2.432 77
      vertex 45.375 2.432 76
      vertex 40.875 2.432 76
    endloop
  endfacet
  facet normal 0 -1 0
    outer loop
      vertex 40.875 -2.432 76
      vertex 45.375 -2.432 77
      vertex 40.875 -2.432 77
    endloop
  endfacet
  facet normal 0 -1 -0
    outer loop
      vertex 45.375 -2.432 77
      vertex 40.875 -2.432 76
      vertex 45.375 -2.432 76
    endloop
  endfacet
  facet normal 0 0 -1
    outer loop
      vertex 40.8489 -9.4 18.5
      vertex 45.375 9.4 18.5
      vertex 45.375 -9.4 18.5
    endloop
  endfacet
  facet normal -0 0 -1
    outer loop
      vertex 45.375 9.4 18.5
      vertex 40.8489 -9.4 18.5
      vertex 40.8489 9.4 18.5
    endloop
  endfacet
  facet normal 1 0 0
    outer loop
      vertex -40.875 -0.834482 48
      vertex -40.875 -0.868965 47.5
      vertex -40.875 -0.834482 47.5
    endloop
  endfacet
  facet normal 1 0 0
    outer loop
      vertex -40.875 -0.868965 47.5
      vertex -40.875 -0.903448 47
      vertex -40.875 -0.868965 47
    endloop
  endfacet
  facet normal 1 -0 0
    outer loop
      vertex -40.875 -1.2 48
      vertex -40.875 -0.868965 47.5
      vertex -40.875 -0.834482 48
    endloop
  endfacet
  facet normal 1 0 0
    outer loop
      vertex -40.875 -0.903448 47
      vertex -40.875 -0.93793 46.5
      vertex -40.875 -0.903448 46.5
    endloop
  endfacet
  facet normal 1 0 0
    outer loop
      vertex -40.875 -0.93793 46.5
      vertex -40.875 -0.972413 46
      vertex -40.875 -0.93793 46
    endloop
  endfacet
  facet normal 1 -0 0
    outer loop
      vertex -40.875 -4.52042 47
      vertex -40.875 -0.93793 46.5
      vertex -40.875 -0.903448 47
    endloop
  endfacet
  facet normal 1 0 0
    outer loop
      vertex -40.875 -0.972413 46
      vertex -40.875 -1.0069 45.5
      vertex -40.875 -0.972413 45.5
    endloop
  endfacet
  facet normal 1 0 0
    outer loop
      vertex -40.875 -4.52042 46
      vertex -40.875 -0.93793 46.5
      vertex -40.875 -4.52042 47
    endloop
  endfacet
  facet normal 1 0 0
    outer loop
      vertex -40.875 -1.0069 45.5
      vertex -40.875 -1.04138 45
      vertex -40.875 -1.0069 45
    endloop
  endfacet
  facet normal 1 0 0
    outer loop
      vertex -40.875 -4.52042 47
      vertex -40.875 -0.903448 47
      vertex -40.875 -1.2 48
    endloop
  endfacet
  facet normal 1 0 0
    outer loop
      vertex -40.875 -1.04138 45
      vertex -40.875 -1.07586 44.5
      vertex -40.875 -1.04138 44.5
    endloop
  endfacet
  facet normal 1 0 0
    outer loop
      vertex -40.875 -1.0069 45.5
      vertex -40.875 -4.79888 42
      vertex -40.875 -1.04138 45
    endloop
  endfacet
  facet normal 1 0 0
    outer loop
      vertex -40.875 -1.07586 44.5
      vertex -40.875 -1.11034 44
      vertex -40.875 -1.07586 44
    endloop
  endfacet
  facet normal 1 0 0
    outer loop
      vertex -40.875 -1.11034 44
      vertex -40.875 -1.14483 43.5
      vertex -40.875 -1.11034 43.5
    endloop
  endfacet
  facet normal 1 0 0
    outer loop
      vertex -40.875 -4.79888 42
      vertex -40.875 -1.11034 44
      vertex -40.875 -1.07586 44.5
    endloop
  endfacet
  facet normal 1 0 0
    outer loop
      vertex -40.875 -1.14483 43.5
      vertex -40.875 -1.17931 43
      vertex -40.875 -1.14483 43
    endloop
  endfacet
  facet normal 1 0 0
    outer loop
      vertex -40.875 -1.11034 44
      vertex -40.875 -4.79888 42
      vertex -40.875 -1.14483 43.5
    endloop
  endfacet
  facet normal 1 0 0
    outer loop
      vertex -40.875 -4.79888 42
      vertex -40.875 -1.17931 42.5
      vertex -40.875 -1.17931 43
    endloop
  endfacet
  facet normal 1 0 0
    outer loop
      vertex -40.875 -1.17931 42.5
      vertex -40.875 -4.79888 42
      vertex -40.875 -4.9381 41
    endloop
  endfacet
  facet normal 1 0 0
    outer loop
      vertex -40.875 -1.14483 43.5
      vertex -40.875 -4.79888 42
      vertex -40.875 -1.17931 43
    endloop
  endfacet
  facet normal 1 0 0
    outer loop
      vertex -40.875 -1.04138 45
      vertex -40.875 -4.79888 42
      vertex -40.875 -1.07586 44.5
    endloop
  endfacet
  facet normal 1 0 0
    outer loop
      vertex -40.875 -0.93793 46.5
      vertex -40.875 -4.52042 46
      vertex -40.875 -0.972413 46
    endloop
  endfacet
  facet normal 1 0 0
    outer loop
      vertex -40.875 -0.868965 47.5
      vertex -40.875 -1.2 48
      vertex -40.875 -0.903448 47
    endloop
  endfacet
  facet normal 1 0 0
    outer loop
      vertex -40.875 -0.813792 42.5
      vertex -40.875 -0.848275 42
      vertex -40.875 -0.813792 42
    endloop
  endfacet
  facet normal 1 0 0
    outer loop
      vertex -40.875 -0.848275 42
      vertex -40.875 -0.882758 41.5
      vertex -40.875 -0.848275 41.5
    endloop
  endfacet
  facet normal 1 -0 0
    outer loop
      vertex -40.875 -1.17931 42.5
      vertex -40.875 -0.848275 42
      vertex -40.875 -0.813792 42.5
    endloop
  endfacet
  facet normal 1 0 0
    outer loop
      vertex -40.875 -0.882758 41.5
      vertex -40.875 -0.917241 41
      vertex -40.875 -0.882758 41
    endloop
  endfacet
  facet normal 1 0 0
    outer loop
      vertex -40.875 -0.848275 42
      vertex -40.875 -1.17931 42.5
      vertex -40.875 -0.882758 41.5
    endloop
  endfacet
  facet normal 1 0 0
    outer loop
      vertex -40.875 -0.917241 41
      vertex -40.875 -0.951724 40.5
      vertex -40.875 -0.917241 40.5
    endloop
  endfacet
  facet normal 1 0 0
    outer loop
      vertex -40.875 -0.882758 41.5
      vertex -40.875 -1.17931 42.5
      vertex -40.875 -0.917241 41
    endloop
  endfacet
  facet normal 1 0 0
    outer loop
      vertex -40.875 -0.951724 40.5
      vertex -40.875 -0.986206 40
      vertex -40.875 -0.951724 40
    endloop
  endfacet
  facet normal 1 0 0
    outer loop
      vertex -40.875 -0.986206 40
      vertex -40.875 -1.02069 39.5
      vertex -40.875 -0.986206 39.5
    endloop
  endfacet
  facet normal 1 0 0
    outer loop
      vertex -40.875 -1.17931 42.5
      vertex -40.875 -0.986206 40
      vertex -40.875 -0.951724 40.5
    endloop
  endfacet
  facet normal 1 0 0
    outer loop
      vertex -40.875 -1.02069 39.5
      vertex -40.875 -1.05517 39
      vertex -40.875 -1.02069 39
    endloop
  endfacet
  facet normal 1 0 0
    outer loop
      vertex -40.875 -0.986206 40
      vertex -40.875 -1.17931 42.5
      vertex -40.875 -1.02069 39.5
    endloop
  endfacet
  facet normal 1 0 0
    outer loop
      vertex -40.875 -1.05517 39
      vertex -40.875 -1.08965 38.5
      vertex -40.875 -1.05517 38.5
    endloop
  endfacet
  facet normal 1 0 0
    outer loop
      vertex -40.875 -1.02069 39.5
      vertex -40.875 -1.17931 42.5
      vertex -40.875 -1.05517 39
    endloop
  endfacet
  facet normal 1 0 0
    outer loop
      vertex -40.875 -1.08965 38.5
      vertex -40.875 -1.12414 38
      vertex -40.875 -1.08965 38
    endloop
  endfacet
  facet normal 1 0 0
    outer loop
      vertex -40.875 -1.05517 39
      vertex -40.875 -1.17931 42.5
      vertex -40.875 -1.08965 38.5
    endloop
  endfacet
  facet normal 1 0 0
    outer loop
      vertex -40.875 -1.12414 38
      vertex -40.875 -1.15862 37.5
      vertex -40.875 -1.12414 37.5
    endloop
  endfacet
  facet normal 1 0 0
    outer loop
      vertex -40.875 -0.917241 41
      vertex -40.875 -1.17931 42.5
      vertex -40.875 -0.951724 40.5
    endloop
  endfacet
  facet normal 1 0 0
    outer loop
      vertex -40.875 -1.08965 38.5
      vertex -40.875 -1.17931 42.5
      vertex -40.875 -1.12414 38
    endloop
  endfacet
  facet normal 1 0 0
    outer loop
      vertex -40.875 -1.17931 42.5
      vertex -40.875 -1.15862 37.5
      vertex -40.875 -1.12414 38
    endloop
  endfacet
  facet normal 1 0 0
    outer loop
      vertex -40.875 -1.1931 37
      vertex -40.875 -1.15862 37.5
      vertex -40.875 -1.17931 42.5
    endloop
  endfacet
  facet normal 1 0 0
    outer loop
      vertex -40.875 -1.15862 37.5
      vertex -40.875 -1.1931 37
      vertex -40.875 -1.15862 37
    endloop
  endfacet
  facet normal 1 0 0
    outer loop
      vertex -40.875 -0.827586 36.5
      vertex -40.875 -0.862068 36
      vertex -40.875 -0.827586 36
    endloop
  endfacet
  facet normal 1 0 0
    outer loop
      vertex -40.875 -0.862068 36
      vertex -40.875 -0.896551 35.5
      vertex -40.875 -0.862068 35.5
    endloop
  endfacet
  facet normal 1 -0 0
    outer loop
      vertex -40.875 -1.1931 36.5
      vertex -40.875 -0.862068 36
      vertex -40.875 -0.827586 36.5
    endloop
  endfacet
  facet normal 1 0 0
    outer loop
      vertex -40.875 -0.896551 35.5
      vertex -40.875 -0.931034 35
      vertex -40.875 -0.896551 35
    endloop
  endfacet
  facet normal 1 0 0
    outer loop
      vertex -40.875 -0.862068 36
      vertex -40.875 -1.1931 36.5
      vertex -40.875 -0.896551 35.5
    endloop
  endfacet
  facet normal 1 0 0
    outer loop
      vertex -40.875 -0.931034 35
      vertex -40.875 -0.965517 34.5
      vertex -40.875 -0.931034 34.5
    endloop
  endfacet
  facet normal 1 0 0
    outer loop
      vertex -40.875 -0.896551 35.5
      vertex -40.875 -1.1931 36.5
      vertex -40.875 -0.931034 35
    endloop
  endfacet
  facet normal 1 0 0
    outer loop
      vertex -40.875 -0.965517 34.5
      vertex -40.875 -1 34
      vertex -40.875 -0.965517 34
    endloop
  endfacet
  facet normal 1 -0 0
    outer loop
      vertex -40.875 -5.21656 36
      vertex -40.875 -0.931034 35
      vertex -40.875 -1.1931 36.5
    endloop
  endfacet
  facet normal 1 0 0
    outer loop
      vertex -40.875 -1 34
      vertex -40.875 -1.03448 33.5
      vertex -40.875 -1 33.5
    endloop
  endfacet
  facet normal 1 0 0
    outer loop
      vertex -40.875 -1.03448 33.5
      vertex -40.875 -1.06896 33
      vertex -40.875 -1.03448 33
    endloop
  endfacet
  facet normal 1 0 0
    outer loop
      vertex -40.875 -5.49502 32
      vertex -40.875 -1.03448 33.5
      vertex -40.875 -1 34
    endloop
  endfacet
  facet normal 1 0 0
    outer loop
      vertex -40.875 -1.06896 33
      vertex -40.875 -1.10345 32.5
      vertex -40.875 -1.06896 32.5
    endloop
  endfacet
  facet normal 1 0 0
    outer loop
      vertex -40.875 -1.03448 33.5
      vertex -40.875 -5.49502 32
      vertex -40.875 -1.06896 33
    endloop
  endfacet
  facet normal 1 0 0
    outer loop
      vertex -40.875 -1.10345 32.5
      vertex -40.875 -1.13793 32
      vertex -40.875 -1.10345 32
    endloop
  endfacet
  facet normal 1 0 0
    outer loop
      vertex -40.875 -1.06896 33
      vertex -40.875 -5.49502 32
      vertex -40.875 -1.10345 32.5
    endloop
  endfacet
  facet normal 1 0 0
    outer loop
      vertex -40.875 -1.13793 32
      vertex -40.875 -1.17241 31.5
      vertex -40.875 -1.13793 31.5
    endloop
  endfacet
  facet normal 1 0 0
    outer loop
      vertex -40.875 -5.49502 32
      vertex -40.875 -1.17241 31
      vertex -40.875 -1.17241 31.5
    endloop
  endfacet
  facet normal 1 0 0
    outer loop
      vertex -40.875 -1.17241 31
      vertex -40.875 -5.49502 32
      vertex -40.875 -5.63424 31
    endloop
  endfacet
  facet normal 1 0 0
    outer loop
      vertex -40.875 -1.13793 32
      vertex -40.875 -5.49502 32
      vertex -40.875 -1.17241 31.5
    endloop
  endfacet
  facet normal 1 0 0
    outer loop
      vertex -40.875 -1.10345 32.5
      vertex -40.875 -5.49502 32
      vertex -40.875 -1.13793 32
    endloop
  endfacet
  facet normal 1 0 0
    outer loop
      vertex -40.875 -0.965517 34.5
      vertex -40.875 -5.49502 32
      vertex -40.875 -1 34
    endloop
  endfacet
  facet normal 1 0 0
    outer loop
      vertex -40.875 -5.35579 35
      vertex -40.875 -0.931034 35
      vertex -40.875 -5.21656 36
    endloop
  endfacet
  facet normal 1 0 0
    outer loop
      vertex -40.875 -0.806896 31
      vertex -40.875 -0.841379 30.5
      vertex -40.875 -0.806896 30.5
    endloop
  endfacet
  facet normal 1 0 0
    outer loop
      vertex -40.875 -0.841379 30.5
      vertex -40.875 -0.875861 30
      vertex -40.875 -0.841379 30
    endloop
  endfacet
  facet normal 1 0 0
    outer loop
      vertex -40.875 -0.875861 30
      vertex -40.875 -0.910344 29.5
      vertex -40.875 -0.875861 29.5
    endloop
  endfacet
  facet normal 1 0 0
    outer loop
      vertex -40.875 -1.17241 31
      vertex -40.875 -0.875861 30
      vertex -40.875 -0.841379 30.5
    endloop
  endfacet
  facet normal 1 0 0
    outer loop
      vertex -40.875 -0.910344 29.5
      vertex -40.875 -0.944827 29
      vertex -40.875 -0.910344 29
    endloop
  endfacet
  facet normal 1 0 0
    outer loop
      vertex -40.875 -0.875861 30
      vertex -40.875 -1.17241 31
      vertex -40.875 -0.910344 29.5
    endloop
  endfacet
  facet normal 1 0 0
    outer loop
      vertex -40.875 -0.944827 29
      vertex -40.875 -0.97931 28.5
      vertex -40.875 -0.944827 28.5
    endloop
  endfacet
  facet normal 1 0 0
    outer loop
      vertex -40.875 -0.910344 29.5
      vertex -40.875 -1.17241 31
      vertex -40.875 -0.944827 29
    endloop
  endfacet
  facet normal 1 0 0
    outer loop
      vertex -40.875 -0.97931 28.5
      vertex -40.875 -1.01379 28
      vertex -40.875 -0.97931 28
    endloop
  endfacet
  facet normal 1 0 0
    outer loop
      vertex -40.875 -0.944827 29
      vertex -40.875 -1.17241 31
      vertex -40.875 -0.97931 28.5
    endloop
  endfacet
  facet normal 1 0 0
    outer loop
      vertex -40.875 -1.01379 28
      vertex -40.875 -1.04827 27.5
      vertex -40.875 -1.01379 27.5
    endloop
  endfacet
  facet normal 1 0 0
    outer loop
      vertex -40.875 -1.04827 27.5
      vertex -40.875 -1.08276 27
      vertex -40.875 -1.04827 27
    endloop
  endfacet
  facet normal 1 0 0
    outer loop
      vertex -40.875 -1.17241 31
      vertex -40.875 -1.04827 27.5
      vertex -40.875 -1.01379 28
    endloop
  endfacet
  facet normal 1 0 0
    outer loop
      vertex -40.875 -1.08276 27
      vertex -40.875 -1.11724 26.5
      vertex -40.875 -1.08276 26.5
    endloop
  endfacet
  facet normal 1 0 0
    outer loop
      vertex -40.875 -1.04827 27.5
      vertex -40.875 -1.17241 31
      vertex -40.875 -1.08276 27
    endloop
  endfacet
  facet normal 1 0 0
    outer loop
      vertex -40.875 -1.11724 26.5
      vertex -40.875 -1.15172 26
      vertex -40.875 -1.11724 26
    endloop
  endfacet
  facet normal 1 0 0
    outer loop
      vertex -40.875 -1.08276 27
      vertex -40.875 -1.17241 31
      vertex -40.875 -1.11724 26.5
    endloop
  endfacet
  facet normal 1 -0 0
    outer loop
      vertex -40.875 -1.17241 31
      vertex -40.875 -0.841379 30.5
      vertex -40.875 -0.806896 31
    endloop
  endfacet
  facet normal 1 0 0
    outer loop
      vertex -40.875 -0.97931 28.5
      vertex -40.875 -1.17241 31
      vertex -40.875 -1.01379 28
    endloop
  endfacet
  facet normal 1 0 0
    outer loop
      vertex -40.875 -1.11724 26.5
      vertex -40.875 -1.17241 31
      vertex -40.875 -1.15172 26
    endloop
  endfacet
  facet normal 1 0 0
    outer loop
      vertex -40.875 -1.18621 25.5
      vertex -40.875 -1.15172 26
      vertex -40.875 -1.17241 31
    endloop
  endfacet
  facet normal 1 0 0
    outer loop
      vertex -40.875 -1.15172 26
      vertex -40.875 -1.18621 25.5
      vertex -40.875 -1.15172 25.5
    endloop
  endfacet
  facet normal 1 0 0
    outer loop
      vertex -40.875 -0.827586 65.5
      vertex -40.875 -0.862068 65
      vertex -40.875 -0.827586 65
    endloop
  endfacet
  facet normal 1 0 0
    outer loop
      vertex -40.875 -0.862068 65
      vertex -40.875 -0.896551 64.5
      vertex -40.875 -0.862068 64.5
    endloop
  endfacet
  facet normal 1 -0 0
    outer loop
      vertex -40.875 -1.1931 65.5
      vertex -40.875 -0.862068 65
      vertex -40.875 -0.827586 65.5
    endloop
  endfacet
  facet normal 1 0 0
    outer loop
      vertex -40.875 -0.896551 64.5
      vertex -40.875 -0.931034 64
      vertex -40.875 -0.896551 64
    endloop
  endfacet
  facet normal 1 0 0
    outer loop
      vertex -40.875 -0.862068 65
      vertex -40.875 -1.1931 65.5
      vertex -40.875 -0.896551 64.5
    endloop
  endfacet
  facet normal 1 0 0
    outer loop
      vertex -40.875 -0.931034 64
      vertex -40.875 -0.965517 63.5
      vertex -40.875 -0.931034 63.5
    endloop
  endfacet
  facet normal 1 -0 0
    outer loop
      vertex -40.875 -3.26737 65
      vertex -40.875 -0.896551 64.5
      vertex -40.875 -1.1931 65.5
    endloop
  endfacet
  facet normal 1 0 0
    outer loop
      vertex -40.875 -0.965517 63.5
      vertex -40.875 -0.999999 63
      vertex -40.875 -0.965517 63
    endloop
  endfacet
  facet normal 1 0 0
    outer loop
      vertex -40.875 -0.999999 63
      vertex -40.875 -1.03448 62.5
      vertex -40.875 -0.999999 62.5
    endloop
  endfacet
  facet normal 1 0 0
    outer loop
      vertex -40.875 -3.4066 63
      vertex -40.875 -0.999999 63
      vertex -40.875 -0.965517 63.5
    endloop
  endfacet
  facet normal 1 0 0
    outer loop
      vertex -40.875 -1.03448 62.5
      vertex -40.875 -1.06896 62
      vertex -40.875 -1.03448 62
    endloop
  endfacet
  facet normal 1 0 0
    outer loop
      vertex -40.875 -0.999999 63
      vertex -40.875 -3.4066 63
      vertex -40.875 -1.03448 62.5
    endloop
  endfacet
  facet normal 1 0 0
    outer loop
      vertex -40.875 -1.06896 62
      vertex -40.875 -1.10345 61.5
      vertex -40.875 -1.06896 61.5
    endloop
  endfacet
  facet normal 1 0 0
    outer loop
      vertex -40.875 -3.4066 62
      vertex -40.875 -1.03448 62.5
      vertex -40.875 -3.4066 63
    endloop
  endfacet
  facet normal 1 0 0
    outer loop
      vertex -40.875 -3.26737 64
      vertex -40.875 -0.896551 64.5
      vertex -40.875 -3.26737 65
    endloop
  endfacet
  facet normal 1 0 0
    outer loop
      vertex -40.875 -1.10345 61.5
      vertex -40.875 -1.13793 61
      vertex -40.875 -1.10345 61
    endloop
  endfacet
  facet normal 1 0 0
    outer loop
      vertex -40.875 -0.931034 64
      vertex -40.875 -3.26737 64
      vertex -40.875 -0.965517 63.5
    endloop
  endfacet
  facet normal 1 0 0
    outer loop
      vertex -40.875 -1.13793 61
      vertex -40.875 -1.17241 60.5
      vertex -40.875 -1.13793 60.5
    endloop
  endfacet
  facet normal 1 0 0
    outer loop
      vertex -40.875 -3.54582 60
      vertex -40.875 -1.17241 60
      vertex -40.875 -1.17241 60.5
    endloop
  endfacet
  facet normal 1 0 0
    outer loop
      vertex -40.875 -1.17241 60
      vertex -40.875 -3.54582 60
      vertex -40.875 -3.68505 59
    endloop
  endfacet
  facet normal 1 0 0
    outer loop
      vertex -40.875 -1.13793 61
      vertex -40.875 -3.54582 60
      vertex -40.875 -1.17241 60.5
    endloop
  endfacet
  facet normal 1 0 0
    outer loop
      vertex -40.875 -1.10345 61.5
      vertex -40.875 -3.54582 60
      vertex -40.875 -1.13793 61
    endloop
  endfacet
  facet normal 1 0 0
    outer loop
      vertex -40.875 -3.4066 63
      vertex -40.875 -0.965517 63.5
      vertex -40.875 -3.26737 64
    endloop
  endfacet
  facet normal 1 0 0
    outer loop
      vertex -40.875 -0.806896 60
      vertex -40.875 -0.841379 59.5
      vertex -40.875 -0.806896 59.5
    endloop
  endfacet
  facet normal 1 0 0
    outer loop
      vertex -40.875 -0.841379 59.5
      vertex -40.875 -0.875861 59
      vertex -40.875 -0.841379 59
    endloop
  endfacet
  facet normal 1 0 0
    outer loop
      vertex -40.875 -0.875861 59
      vertex -40.875 -0.910344 58.5
      vertex -40.875 -0.875861 58.5
    endloop
  endfacet
  facet normal 1 0 0
    outer loop
      vertex -40.875 -1.17241 60
      vertex -40.875 -0.875861 59
      vertex -40.875 -0.841379 59.5
    endloop
  endfacet
  facet normal 1 0 0
    outer loop
      vertex -40.875 -0.910344 58.5
      vertex -40.875 -0.944827 58
      vertex -40.875 -0.910344 58
    endloop
  endfacet
  facet normal 1 0 0
    outer loop
      vertex -40.875 -0.875861 59
      vertex -40.875 -1.17241 60
      vertex -40.875 -0.910344 58.5
    endloop
  endfacet
  facet normal 1 0 0
    outer loop
      vertex -40.875 -0.944827 58
      vertex -40.875 -0.97931 57.5
      vertex -40.875 -0.944827 57.5
    endloop
  endfacet
  facet normal 1 0 0
    outer loop
      vertex -40.875 -0.910344 58.5
      vertex -40.875 -1.17241 60
      vertex -40.875 -0.944827 58
    endloop
  endfacet
  facet normal 1 0 0
    outer loop
      vertex -40.875 -0.97931 57.5
      vertex -40.875 -1.01379 57
      vertex -40.875 -0.97931 57
    endloop
  endfacet
  facet normal 1 0 0
    outer loop
      vertex -40.875 -0.944827 58
      vertex -40.875 -1.17241 60
      vertex -40.875 -0.97931 57.5
    endloop
  endfacet
  facet normal 1 0 0
    outer loop
      vertex -40.875 -1.01379 57
      vertex -40.875 -1.04827 56.5
      vertex -40.875 -1.01379 56.5
    endloop
  endfacet
  facet normal 1 0 0
    outer loop
      vertex -40.875 -1.04827 56.5
      vertex -40.875 -1.08276 56
      vertex -40.875 -1.04827 56
    endloop
  endfacet
  facet normal 1 0 0
    outer loop
      vertex -40.875 -1.17241 60
      vertex -40.875 -1.04827 56.5
      vertex -40.875 -1.01379 57
    endloop
  endfacet
  facet normal 1 0 0
    outer loop
      vertex -40.875 -1.08276 56
      vertex -40.875 -1.11724 55.5
      vertex -40.875 -1.08276 55.5
    endloop
  endfacet
  facet normal 1 0 0
    outer loop
      vertex -40.875 -1.04827 56.5
      vertex -40.875 -1.17241 60
      vertex -40.875 -1.08276 56
    endloop
  endfacet
  facet normal 1 0 0
    outer loop
      vertex -40.875 -1.11724 55.5
      vertex -40.875 -1.15172 55
      vertex -40.875 -1.11724 55
    endloop
  endfacet
  facet normal 1 0 0
    outer loop
      vertex -40.875 -1.08276 56
      vertex -40.875 -1.17241 60
      vertex -40.875 -1.11724 55.5
    endloop
  endfacet
  facet normal 1 -0 0
    outer loop
      vertex -40.875 -1.17241 60
      vertex -40.875 -0.841379 59.5
      vertex -40.875 -0.806896 60
    endloop
  endfacet
  facet normal 1 0 0
    outer loop
      vertex -40.875 -0.97931 57.5
      vertex -40.875 -1.17241 60
      vertex -40.875 -1.01379 57
    endloop
  endfacet
  facet normal 1 0 0
    outer loop
      vertex -40.875 -1.11724 55.5
      vertex -40.875 -1.17241 60
      vertex -40.875 -1.15172 55
    endloop
  endfacet
  facet normal 1 0 0
    outer loop
      vertex -40.875 -1.18621 54.5
      vertex -40.875 -1.15172 55
      vertex -40.875 -1.17241 60
    endloop
  endfacet
  facet normal 1 0 0
    outer loop
      vertex -40.875 -1.15172 55
      vertex -40.875 -1.18621 54.5
      vertex -40.875 -1.15172 54.5
    endloop
  endfacet
  facet normal 1 0 0
    outer loop
      vertex -40.875 -0.820689 54
      vertex -40.875 -0.855172 53.5
      vertex -40.875 -0.820689 53.5
    endloop
  endfacet
  facet normal 1 0 0
    outer loop
      vertex -40.875 -0.855172 53.5
      vertex -40.875 -0.889655 53
      vertex -40.875 -0.855172 53
    endloop
  endfacet
  facet normal 1 -0 0
    outer loop
      vertex -40.875 -1.18621 54
      vertex -40.875 -0.855172 53.5
      vertex -40.875 -0.820689 54
    endloop
  endfacet
  facet normal 1 0 0
    outer loop
      vertex -40.875 -0.889655 53
      vertex -40.875 -0.924137 52.5
      vertex -40.875 -0.889655 52.5
    endloop
  endfacet
  facet normal 1 0 0
    outer loop
      vertex -40.875 -0.924137 52.5
      vertex -40.875 -0.95862 52
      vertex -40.875 -0.924137 52
    endloop
  endfacet
  facet normal 1 -0 0
    outer loop
      vertex -40.875 -4.10274 53
      vertex -40.875 -0.924137 52.5
      vertex -40.875 -0.889655 53
    endloop
  endfacet
  facet normal 1 0 0
    outer loop
      vertex -40.875 -0.95862 52
      vertex -40.875 -0.993103 51.5
      vertex -40.875 -0.95862 51.5
    endloop
  endfacet
  facet normal 1 0 0
    outer loop
      vertex -40.875 -4.10274 52
      vertex -40.875 -0.924137 52.5
      vertex -40.875 -4.10274 53
    endloop
  endfacet
  facet normal 1 0 0
    outer loop
      vertex -40.875 -0.993103 51.5
      vertex -40.875 -1.02759 51
      vertex -40.875 -0.993103 51
    endloop
  endfacet
  facet normal 1 0 0
    outer loop
      vertex -40.875 -0.95862 52
      vertex -40.875 -4.10274 52
      vertex -40.875 -0.993103 51.5
    endloop
  endfacet
  facet normal 1 0 0
    outer loop
      vertex -40.875 -1.02759 51
      vertex -40.875 -1.06207 50.5
      vertex -40.875 -1.02759 50.5
    endloop
  endfacet
  facet normal 1 0 0
    outer loop
      vertex -40.875 -0.993103 51.5
      vertex -40.875 -4.10274 52
      vertex -40.875 -1.02759 51
    endloop
  endfacet
  facet normal 1 0 0
    outer loop
      vertex -40.875 -1.06207 50.5
      vertex -40.875 -1.09655 50
      vertex -40.875 -1.06207 50
    endloop
  endfacet
  facet normal 1 0 0
    outer loop
      vertex -40.875 -1.09655 50
      vertex -40.875 -1.13103 49.5
      vertex -40.875 -1.09655 49.5
    endloop
  endfacet
  facet normal 1 0 0
    outer loop
      vertex -40.875 -4.24196 50
      vertex -40.875 -1.09655 50
      vertex -40.875 -1.06207 50.5
    endloop
  endfacet
  facet normal 1 0 0
    outer loop
      vertex -40.875 -1.13103 49.5
      vertex -40.875 -1.16552 49
      vertex -40.875 -1.13103 49
    endloop
  endfacet
  facet normal 1 0 0
    outer loop
      vertex -40.875 -1.09655 50
      vertex -40.875 -4.24196 50
      vertex -40.875 -1.13103 49.5
    endloop
  endfacet
  facet normal 1 0 0
    outer loop
      vertex -40.875 -0.855172 53.5
      vertex -40.875 -1.18621 54
      vertex -40.875 -0.889655 53
    endloop
  endfacet
  facet normal 1 0 0
    outer loop
      vertex -40.875 -4.10274 53
      vertex -40.875 -0.889655 53
      vertex -40.875 -1.18621 54
    endloop
  endfacet
  facet normal 1 0 0
    outer loop
      vertex -40.875 -4.24196 51
      vertex -40.875 -1.02759 51
      vertex -40.875 -4.10274 52
    endloop
  endfacet
  facet normal 1 0 0
    outer loop
      vertex -40.875 -1.02759 51
      vertex -40.875 -4.24196 51
      vertex -40.875 -1.06207 50.5
    endloop
  endfacet
  facet normal 1 0 0
    outer loop
      vertex -40.875 -1.16552 49
      vertex -40.875 -1.2 48.5
      vertex -40.875 -1.16552 48.5
    endloop
  endfacet
  facet normal 1 0 0
    outer loop
      vertex -40.875 -1.17241 60
      vertex -40.875 -3.68505 59
      vertex -40.875 -3.68505 58
    endloop
  endfacet
  facet normal 1 0 0
    outer loop
      vertex -40.875 -0.820689 25
      vertex -40.875 -0.855172 24.5
      vertex -40.875 -0.820689 24.5
    endloop
  endfacet
  facet normal 1 0 0
    outer loop
      vertex -40.875 -0.855172 24.5
      vertex -40.875 -0.889655 24
      vertex -40.875 -0.855172 24
    endloop
  endfacet
  facet normal 1 -0 0
    outer loop
      vertex -40.875 -1.18621 25
      vertex -40.875 -0.855172 24.5
      vertex -40.875 -0.820689 25
    endloop
  endfacet
  facet normal 1 0 0
    outer loop
      vertex -40.875 -0.889655 24
      vertex -40.875 -0.924137 23.5
      vertex -40.875 -0.889655 23.5
    endloop
  endfacet
  facet normal 1 0 0
    outer loop
      vertex -40.875 -0.924137 23.5
      vertex -40.875 -0.95862 23
      vertex -40.875 -0.924137 23
    endloop
  endfacet
  facet normal 1 0 0
    outer loop
      vertex -40.875 -1.18621 25
      vertex -40.875 -0.924137 23.5
      vertex -40.875 -0.889655 24
    endloop
  endfacet
  facet normal 1 0 0
    outer loop
      vertex -40.875 -0.95862 23
      vertex -40.875 -0.993103 22.5
      vertex -40.875 -0.95862 22.5
    endloop
  endfacet
  facet normal 1 0 0
    outer loop
      vertex -40.875 -0.924137 23.5
      vertex -40.875 -6.05193 24
      vertex -40.875 -0.95862 23
    endloop
  endfacet
  facet normal 1 0 0
    outer loop
      vertex -40.875 -0.993103 22.5
      vertex -40.875 -1.02759 22
      vertex -40.875 -0.993103 22
    endloop
  endfacet
  facet normal 1 0 0
    outer loop
      vertex -40.875 -6.19116 23
      vertex -40.875 -0.95862 23
      vertex -40.875 -6.05193 24
    endloop
  endfacet
  facet normal 1 0 0
    outer loop
      vertex -40.875 -1.02759 22
      vertex -40.875 -1.06207 21.5
      vertex -40.875 -1.02759 21.5
    endloop
  endfacet
  facet normal 1 0 0
    outer loop
      vertex -40.875 -0.95862 23
      vertex -40.875 -6.19116 23
      vertex -40.875 -0.993103 22.5
    endloop
  endfacet
  facet normal 1 0 0
    outer loop
      vertex -40.875 -1.06207 21.5
      vertex -40.875 -1.09655 21
      vertex -40.875 -1.06207 21
    endloop
  endfacet
  facet normal 1 0 0
    outer loop
      vertex -40.875 -1.09655 21
      vertex -40.875 -1.13103 20.5
      vertex -40.875 -1.09655 20.5
    endloop
  endfacet
  facet normal 1 0 0
    outer loop
      vertex -40.875 -6.19116 22
      vertex -40.875 -1.09655 21
      vertex -40.875 -1.06207 21.5
    endloop
  endfacet
  facet normal 1 0 0
    outer loop
      vertex -40.875 -1.13103 20.5
      vertex -40.875 -1.16552 20
      vertex -40.875 -1.13103 20
    endloop
  endfacet
  facet normal 1 0 0
    outer loop
      vertex -40.875 -6.33039 21
      vertex -40.875 -1.09655 21
      vertex -40.875 -6.19116 22
    endloop
  endfacet
  facet normal 1 0 0
    outer loop
      vertex -40.875 -0.855172 24.5
      vertex -40.875 -1.18621 25
      vertex -40.875 -0.889655 24
    endloop
  endfacet
  facet normal 1 0 0
    outer loop
      vertex -40.875 -0.924137 23.5
      vertex -40.875 -1.18621 25
      vertex -40.875 -6.05193 24
    endloop
  endfacet
  facet normal 1 0 0
    outer loop
      vertex -40.875 -6.19116 22
      vertex -40.875 -0.993103 22.5
      vertex -40.875 -6.19116 23
    endloop
  endfacet
  facet normal 1 0 0
    outer loop
      vertex -40.875 -1.09655 21
      vertex -40.875 -6.33039 21
      vertex -40.875 -1.13103 20.5
    endloop
  endfacet
  facet normal 1 0 0
    outer loop
      vertex -40.875 -1.17931 42.5
      vertex -40.875 -4.9381 41
      vertex -40.875 -4.9381 40
    endloop
  endfacet
  facet normal 1 0 0
    outer loop
      vertex -40.875 -1.16552 20
      vertex -40.875 -1.2 19.5
      vertex -40.875 -1.16552 19.5
    endloop
  endfacet
  facet normal 1 0 0
    outer loop
      vertex -40.875 -1.1931 37
      vertex -40.875 -5.21656 37
      vertex -40.875 -1.1931 36.5
    endloop
  endfacet
  facet normal 1 -0 0
    outer loop
      vertex -40.875 -9.19551 22
      vertex -40.875 -6.33039 21
      vertex -40.875 -6.19116 22
    endloop
  endfacet
  facet normal 1 0 0
    outer loop
      vertex -40.875 -6.33039 21
      vertex -40.875 -9.19551 22
      vertex -40.875 -9.19551 21
    endloop
  endfacet
  facet normal 1 -0 0
    outer loop
      vertex -40.875 -8.99102 24
      vertex -40.875 -6.19116 23
      vertex -40.875 -6.05193 24
    endloop
  endfacet
  facet normal 1 0 0
    outer loop
      vertex -40.875 -6.19116 23
      vertex -40.875 -8.99102 24
      vertex -40.875 -8.99102 23
    endloop
  endfacet
  facet normal 1 -0 0
    outer loop
      vertex -40.875 -8.78653 26
      vertex -40.875 -6.05193 25
      vertex -40.875 -5.9127 26
    endloop
  endfacet
  facet normal 1 0 0
    outer loop
      vertex -40.875 -6.05193 25
      vertex -40.875 -8.78653 26
      vertex -40.875 -8.78653 25
    endloop
  endfacet
  facet normal 1 -0 0
    outer loop
      vertex -40.875 -8.58204 28
      vertex -40.875 -5.9127 27
      vertex -40.875 -5.77347 28
    endloop
  endfacet
  facet normal 1 0 0
    outer loop
      vertex -40.875 -5.9127 27
      vertex -40.875 -8.58204 28
      vertex -40.875 -8.58204 27
    endloop
  endfacet
  facet normal 1 -0 0
    outer loop
      vertex -40.875 -8.37754 30
      vertex -40.875 -5.77347 29
      vertex -40.875 -5.63424 30
    endloop
  endfacet
  facet normal 1 0 0
    outer loop
      vertex -40.875 -5.77347 29
      vertex -40.875 -8.37754 30
      vertex -40.875 -8.37754 29
    endloop
  endfacet
  facet normal 1 -0 0
    outer loop
      vertex -40.875 -8.17305 32
      vertex -40.875 -5.63424 31
      vertex -40.875 -5.49502 32
    endloop
  endfacet
  facet normal 1 0 0
    outer loop
      vertex -40.875 -5.63424 31
      vertex -40.875 -8.17305 32
      vertex -40.875 -8.17305 31
    endloop
  endfacet
  facet normal 1 -0 0
    outer loop
      vertex -40.875 -7.96856 34
      vertex -40.875 -5.49502 33
      vertex -40.875 -5.35579 34
    endloop
  endfacet
  facet normal 1 0 0
    outer loop
      vertex -40.875 -5.49502 33
      vertex -40.875 -7.96856 34
      vertex -40.875 -7.96856 33
    endloop
  endfacet
  facet normal 1 -0 0
    outer loop
      vertex -40.875 -7.76407 36
      vertex -40.875 -5.35579 35
      vertex -40.875 -5.21656 36
    endloop
  endfacet
  facet normal 1 0 0
    outer loop
      vertex -40.875 -5.35579 35
      vertex -40.875 -7.76407 36
      vertex -40.875 -7.76407 35
    endloop
  endfacet
  facet normal 1 -0 0
    outer loop
      vertex -40.875 -7.55958 38
      vertex -40.875 -5.21656 37
      vertex -40.875 -5.07733 38
    endloop
  endfacet
  facet normal 1 0 0
    outer loop
      vertex -40.875 -5.21656 37
      vertex -40.875 -7.55958 38
      vertex -40.875 -7.55958 37
    endloop
  endfacet
  facet normal 1 -0 0
    outer loop
      vertex -40.875 -7.35509 40
      vertex -40.875 -5.07733 39
      vertex -40.875 -4.9381 40
    endloop
  endfacet
  facet normal 1 0 0
    outer loop
      vertex -40.875 -5.07733 39
      vertex -40.875 -7.35509 40
      vertex -40.875 -7.35509 39
    endloop
  endfacet
  facet normal 1 -0 0
    outer loop
      vertex -40.875 -7.1506 42
      vertex -40.875 -4.9381 41
      vertex -40.875 -4.79888 42
    endloop
  endfacet
  facet normal 1 0 0
    outer loop
      vertex -40.875 -4.9381 41
      vertex -40.875 -7.1506 42
      vertex -40.875 -7.1506 41
    endloop
  endfacet
  facet normal 1 -0 0
    outer loop
      vertex -40.875 -6.94611 44
      vertex -40.875 -4.79888 43
      vertex -40.875 -4.65965 44
    endloop
  endfacet
  facet normal 1 0 0
    outer loop
      vertex -40.875 -4.79888 43
      vertex -40.875 -6.94611 44
      vertex -40.875 -6.94611 43
    endloop
  endfacet
  facet normal 1 -0 0
    outer loop
      vertex -40.875 -6.74161 46
      vertex -40.875 -4.65965 45
      vertex -40.875 -4.52042 46
    endloop
  endfacet
  facet normal 1 0 0
    outer loop
      vertex -40.875 -4.65965 45
      vertex -40.875 -6.74161 46
      vertex -40.875 -6.74161 45
    endloop
  endfacet
  facet normal 1 -0 0
    outer loop
      vertex -40.875 -6.53712 48
      vertex -40.875 -4.52042 47
      vertex -40.875 -4.38119 48
    endloop
  endfacet
  facet normal 1 0 0
    outer loop
      vertex -40.875 -4.52042 47
      vertex -40.875 -6.53712 48
      vertex -40.875 -6.53712 47
    endloop
  endfacet
  facet normal 1 -0 0
    outer loop
      vertex -40.875 -6.33263 50
      vertex -40.875 -4.38119 49
      vertex -40.875 -4.24196 50
    endloop
  endfacet
  facet normal 1 0 0
    outer loop
      vertex -40.875 -4.38119 49
      vertex -40.875 -6.33263 50
      vertex -40.875 -6.33263 49
    endloop
  endfacet
  facet normal 1 -0 0
    outer loop
      vertex -40.875 -6.12814 52
      vertex -40.875 -4.24196 51
      vertex -40.875 -4.10274 52
    endloop
  endfacet
  facet normal 1 0 0
    outer loop
      vertex -40.875 -4.24196 51
      vertex -40.875 -6.12814 52
      vertex -40.875 -6.12814 51
    endloop
  endfacet
  facet normal 1 -0 0
    outer loop
      vertex -40.875 -5.92365 54
      vertex -40.875 -4.10274 53
      vertex -40.875 -3.96351 54
    endloop
  endfacet
  facet normal 1 0 0
    outer loop
      vertex -40.875 -4.10274 53
      vertex -40.875 -5.92365 54
      vertex -40.875 -5.92365 53
    endloop
  endfacet
  facet normal 1 -0 0
    outer loop
      vertex -40.875 -5.71916 56
      vertex -40.875 -3.96351 55
      vertex -40.875 -3.82428 56
    endloop
  endfacet
  facet normal 1 0 0
    outer loop
      vertex -40.875 -3.96351 55
      vertex -40.875 -5.71916 56
      vertex -40.875 -5.71916 55
    endloop
  endfacet
  facet normal 1 -0 0
    outer loop
      vertex -40.875 -5.51467 58
      vertex -40.875 -3.82428 57
      vertex -40.875 -3.68505 58
    endloop
  endfacet
  facet normal 1 0 0
    outer loop
      vertex -40.875 -3.82428 57
      vertex -40.875 -5.51467 58
      vertex -40.875 -5.51467 57
    endloop
  endfacet
  facet normal 1 -0 0
    outer loop
      vertex -40.875 -5.31017 60
      vertex -40.875 -3.68505 59
      vertex -40.875 -3.54582 60
    endloop
  endfacet
  facet normal 1 0 0
    outer loop
      vertex -40.875 -3.68505 59
      vertex -40.875 -5.31017 60
      vertex -40.875 -5.31017 59
    endloop
  endfacet
  facet normal 1 -0 0
    outer loop
      vertex -40.875 -5.10568 62
      vertex -40.875 -3.54582 61
      vertex -40.875 -3.4066 62
    endloop
  endfacet
  facet normal 1 0 0
    outer loop
      vertex -40.875 -3.54582 61
      vertex -40.875 -5.10568 62
      vertex -40.875 -5.10568 61
    endloop
  endfacet
  facet normal 1 -0 0
    outer loop
      vertex -40.875 -4.90119 64
      vertex -40.875 -3.4066 63
      vertex -40.875 -3.26737 64
    endloop
  endfacet
  facet normal 1 0 0
    outer loop
      vertex -40.875 -3.4066 63
      vertex -40.875 -4.90119 64
      vertex -40.875 -4.90119 63
    endloop
  endfacet
  facet normal 1 -0 0
    outer loop
      vertex -40.875 -4.6967 66
      vertex -40.875 -3.26737 65
      vertex -40.875 -3.12814 66
    endloop
  endfacet
  facet normal 1 0 0
    outer loop
      vertex -40.875 -3.26737 65
      vertex -40.875 -4.6967 66
      vertex -40.875 -4.6967 65
    endloop
  endfacet
  facet normal 1 -0 0
    outer loop
      vertex -40.875 -4.49221 68
      vertex -40.875 -3.12814 67
      vertex -40.875 -2.98891 68
    endloop
  endfacet
  facet normal 1 0 0
    outer loop
      vertex -40.875 -3.12814 67
      vertex -40.875 -4.49221 68
      vertex -40.875 -4.49221 67
    endloop
  endfacet
  facet normal 1 -0 0
    outer loop
      vertex -40.875 -4.28772 70
      vertex -40.875 -2.98891 69
      vertex -40.875 -2.84968 70
    endloop
  endfacet
  facet normal 1 0 0
    outer loop
      vertex -40.875 -2.98891 69
      vertex -40.875 -4.28772 70
      vertex -40.875 -4.28772 69
    endloop
  endfacet
  facet normal 1 -0 0
    outer loop
      vertex -40.875 -4.08323 72
      vertex -40.875 -2.84968 71
      vertex -40.875 -2.71046 72
    endloop
  endfacet
  facet normal 1 0 0
    outer loop
      vertex -40.875 -2.84968 71
      vertex -40.875 -4.08323 72
      vertex -40.875 -4.08323 71
    endloop
  endfacet
  facet normal 1 -0 0
    outer loop
      vertex -40.875 -3.87874 74
      vertex -40.875 -2.71046 73
      vertex -40.875 -2.57123 74
    endloop
  endfacet
  facet normal 1 0 0
    outer loop
      vertex -40.875 -2.71046 73
      vertex -40.875 -3.87874 74
      vertex -40.875 -3.87874 73
    endloop
  endfacet
  facet normal 1 -0 0
    outer loop
      vertex -40.875 -3.67424 76
      vertex -40.875 -2.57123 75
      vertex -40.875 -2.432 76
    endloop
  endfacet
  facet normal 1 0 0
    outer loop
      vertex -40.875 -2.57123 75
      vertex -40.875 -3.67424 76
      vertex -40.875 -3.67424 75
    endloop
  endfacet
  facet normal 1 0 0
    outer loop
      vertex -40.875 -0.834482 77
      vertex -40.875 -0.868965 76.5
      vertex -40.875 -0.834482 76.5
    endloop
  endfacet
  facet normal 1 0 0
    outer loop
      vertex -40.875 -0.868965 76.5
      vertex -40.875 -0.903448 76
      vertex -40.875 -0.868965 76
    endloop
  endfacet
  facet normal 1 -0 0
    outer loop
      vertex -40.875 -2.432 77
      vertex -40.875 -0.868965 76.5
      vertex -40.875 -0.834482 77
    endloop
  endfacet
  facet normal 1 0 0
    outer loop
      vertex -40.875 -0.903448 76
      vertex -40.875 -0.93793 75.5
      vertex -40.875 -0.903448 75.5
    endloop
  endfacet
  facet normal 1 0 0
    outer loop
      vertex -40.875 -0.93793 75.5
      vertex -40.875 -0.972413 75
      vertex -40.875 -0.93793 75
    endloop
  endfacet
  facet normal 1 -0 0
    outer loop
      vertex -40.875 -2.432 76
      vertex -40.875 -0.93793 75.5
      vertex -40.875 -0.903448 76
    endloop
  endfacet
  facet normal 1 0 0
    outer loop
      vertex -40.875 -0.972413 75
      vertex -40.875 -1.0069 74.5
      vertex -40.875 -0.972413 74.5
    endloop
  endfacet
  facet normal 1 0 0
    outer loop
      vertex -40.875 -2.57123 75
      vertex -40.875 -0.93793 75.5
      vertex -40.875 -2.432 76
    endloop
  endfacet
  facet normal 1 0 0
    outer loop
      vertex -40.875 -1.0069 74.5
      vertex -40.875 -1.04138 74
      vertex -40.875 -1.0069 74
    endloop
  endfacet
  facet normal 1 0 0
    outer loop
      vertex -40.875 -0.972413 75
      vertex -40.875 -2.57123 75
      vertex -40.875 -1.0069 74.5
    endloop
  endfacet
  facet normal 1 0 0
    outer loop
      vertex -40.875 -1.04138 74
      vertex -40.875 -1.07586 73.5
      vertex -40.875 -1.04138 73.5
    endloop
  endfacet
  facet normal 1 0 0
    outer loop
      vertex -40.875 -2.57123 74
      vertex -40.875 -1.0069 74.5
      vertex -40.875 -2.57123 75
    endloop
  endfacet
  facet normal 1 0 0
    outer loop
      vertex -40.875 -1.07586 73.5
      vertex -40.875 -1.11034 73
      vertex -40.875 -1.07586 73
    endloop
  endfacet
  facet normal 1 0 0
    outer loop
      vertex -40.875 -1.11034 73
      vertex -40.875 -1.14483 72.5
      vertex -40.875 -1.11034 72.5
    endloop
  endfacet
  facet normal 1 0 0
    outer loop
      vertex -40.875 -2.71046 73
      vertex -40.875 -1.11034 73
      vertex -40.875 -1.07586 73.5
    endloop
  endfacet
  facet normal 1 0 0
    outer loop
      vertex -40.875 -1.14483 72.5
      vertex -40.875 -1.17931 72
      vertex -40.875 -1.14483 72
    endloop
  endfacet
  facet normal 1 0 0
    outer loop
      vertex -40.875 -1.11034 73
      vertex -40.875 -2.71046 73
      vertex -40.875 -1.14483 72.5
    endloop
  endfacet
  facet normal 1 -0 0
    outer loop
      vertex -40.875 -2.71046 72
      vertex -40.875 -1.17931 71.5
      vertex -40.875 -1.17931 72
    endloop
  endfacet
  facet normal 1 -0 0
    outer loop
      vertex -40.875 -3.12814 66
      vertex -40.875 -1.1931 65.5
      vertex -40.875 -1.1931 66
    endloop
  endfacet
  facet normal 1 0 0
    outer loop
      vertex -40.875 -4.38119 48
      vertex -40.875 -1.2 48
      vertex -40.875 -1.2 48.5
    endloop
  endfacet
  facet normal 1 0 0
    outer loop
      vertex -40.875 -0.965517 34.5
      vertex -40.875 -5.35579 34
      vertex -40.875 -5.49502 33
    endloop
  endfacet
  facet normal 1 0 0
    outer loop
      vertex -40.875 -2.432 76
      vertex -40.875 -0.868965 76.5
      vertex -40.875 -2.432 77
    endloop
  endfacet
  facet normal 1 0 0
    outer loop
      vertex -40.875 -0.868965 76.5
      vertex -40.875 -2.432 76
      vertex -40.875 -0.903448 76
    endloop
  endfacet
  facet normal 1 0 0
    outer loop
      vertex -40.875 -0.93793 75.5
      vertex -40.875 -2.57123 75
      vertex -40.875 -0.972413 75
    endloop
  endfacet
  facet normal 1 0 0
    outer loop
      vertex -40.875 -1.0069 74.5
      vertex -40.875 -2.57123 74
      vertex -40.875 -1.04138 74
    endloop
  endfacet
  facet normal 1 0 0
    outer loop
      vertex -40.875 -1.04138 74
      vertex -40.875 -2.57123 74
      vertex -40.875 -1.07586 73.5
    endloop
  endfacet
  facet normal 1 0 0
    outer loop
      vertex -40.875 -2.71046 72
      vertex -40.875 -1.14483 72.5
      vertex -40.875 -2.71046 73
    endloop
  endfacet
  facet normal 1 0 0
    outer loop
      vertex -40.875 -1.17931 71.5
      vertex -40.875 -2.71046 72
      vertex -40.875 -2.84968 71
    endloop
  endfacet
  facet normal 1 0 0
    outer loop
      vertex -40.875 -2.71046 73
      vertex -40.875 -1.07586 73.5
      vertex -40.875 -2.57123 74
    endloop
  endfacet
  facet normal 1 0 0
    outer loop
      vertex -40.875 -1.17931 71.5
      vertex -40.875 -2.84968 70
      vertex -40.875 -2.98891 69
    endloop
  endfacet
  facet normal 1 0 0
    outer loop
      vertex -40.875 -1.14483 72.5
      vertex -40.875 -2.71046 72
      vertex -40.875 -1.17931 72
    endloop
  endfacet
  facet normal 1 0 0
    outer loop
      vertex -40.875 -1.17931 71.5
      vertex -40.875 -2.98891 69
      vertex -40.875 -1.1931 66
    endloop
  endfacet
  facet normal 1 0 0
    outer loop
      vertex -40.875 -1.17931 71.5
      vertex -40.875 -2.84968 71
      vertex -40.875 -2.84968 70
    endloop
  endfacet
  facet normal 1 -0 0
    outer loop
      vertex -40.875 -3.12814 67
      vertex -40.875 -1.1931 66
      vertex -40.875 -2.98891 68
    endloop
  endfacet
  facet normal 1 0 0
    outer loop
      vertex -40.875 -1.1931 66
      vertex -40.875 -2.98891 69
      vertex -40.875 -2.98891 68
    endloop
  endfacet
  facet normal 1 0 0
    outer loop
      vertex -40.875 -1.1931 65.5
      vertex -40.875 -3.12814 66
      vertex -40.875 -3.26737 65
    endloop
  endfacet
  facet normal 1 0 0
    outer loop
      vertex -40.875 -1.1931 66
      vertex -40.875 -3.12814 67
      vertex -40.875 -3.12814 66
    endloop
  endfacet
  facet normal 1 0 0
    outer loop
      vertex -40.875 -1.03448 62.5
      vertex -40.875 -3.4066 62
      vertex -40.875 -1.06896 62
    endloop
  endfacet
  facet normal 1 0 0
    outer loop
      vertex -40.875 -0.896551 64.5
      vertex -40.875 -3.26737 64
      vertex -40.875 -0.931034 64
    endloop
  endfacet
  facet normal 1 0 0
    outer loop
      vertex -40.875 -1.10345 61.5
      vertex -40.875 -3.4066 62
      vertex -40.875 -3.54582 61
    endloop
  endfacet
  facet normal 1 0 0
    outer loop
      vertex -40.875 -1.06896 62
      vertex -40.875 -3.4066 62
      vertex -40.875 -1.10345 61.5
    endloop
  endfacet
  facet normal 1 0 0
    outer loop
      vertex -40.875 -1.17241 60
      vertex -40.875 -3.68505 58
      vertex -40.875 -1.18621 54.5
    endloop
  endfacet
  facet normal 1 0 0
    outer loop
      vertex -40.875 -1.10345 61.5
      vertex -40.875 -3.54582 61
      vertex -40.875 -3.54582 60
    endloop
  endfacet
  facet normal 1 -0 0
    outer loop
      vertex -40.875 -3.82428 56
      vertex -40.875 -1.18621 54.5
      vertex -40.875 -3.82428 57
    endloop
  endfacet
  facet normal 1 -0 0
    outer loop
      vertex -40.875 -3.82428 57
      vertex -40.875 -1.18621 54.5
      vertex -40.875 -3.68505 58
    endloop
  endfacet
  facet normal 1 0 0
    outer loop
      vertex -40.875 -3.96351 54
      vertex -40.875 -1.18621 54.5
      vertex -40.875 -3.96351 55
    endloop
  endfacet
  facet normal 1 -0 0
    outer loop
      vertex -40.875 -3.96351 55
      vertex -40.875 -1.18621 54.5
      vertex -40.875 -3.82428 56
    endloop
  endfacet
  facet normal 1 0 0
    outer loop
      vertex -40.875 -4.10274 53
      vertex -40.875 -1.18621 54
      vertex -40.875 -3.96351 54
    endloop
  endfacet
  facet normal 1 0 0
    outer loop
      vertex -40.875 -1.18621 54.5
      vertex -40.875 -3.96351 54
      vertex -40.875 -1.18621 54
    endloop
  endfacet
  facet normal 1 0 0
    outer loop
      vertex -40.875 -0.924137 52.5
      vertex -40.875 -4.10274 52
      vertex -40.875 -0.95862 52
    endloop
  endfacet
  facet normal 1 0 0
    outer loop
      vertex -40.875 -4.24196 50
      vertex -40.875 -1.06207 50.5
      vertex -40.875 -4.24196 51
    endloop
  endfacet
  facet normal 1 0 0
    outer loop
      vertex -40.875 -1.13103 49.5
      vertex -40.875 -4.24196 50
      vertex -40.875 -1.16552 49
    endloop
  endfacet
  facet normal 1 0 0
    outer loop
      vertex -40.875 -4.38119 49
      vertex -40.875 -1.16552 49
      vertex -40.875 -4.24196 50
    endloop
  endfacet
  facet normal 1 0 0
    outer loop
      vertex -40.875 -1.16552 49
      vertex -40.875 -4.38119 49
      vertex -40.875 -1.2 48.5
    endloop
  endfacet
  facet normal 1 0 0
    outer loop
      vertex -40.875 -1.2 48.5
      vertex -40.875 -4.38119 49
      vertex -40.875 -4.38119 48
    endloop
  endfacet
  facet normal 1 0 0
    outer loop
      vertex -40.875 -1.2 48
      vertex -40.875 -4.38119 48
      vertex -40.875 -4.52042 47
    endloop
  endfacet
  facet normal 1 0 0
    outer loop
      vertex -40.875 -0.972413 46
      vertex -40.875 -4.52042 46
      vertex -40.875 -1.0069 45.5
    endloop
  endfacet
  facet normal 1 0 0
    outer loop
      vertex -40.875 -1.0069 45.5
      vertex -40.875 -4.52042 46
      vertex -40.875 -4.65965 45
    endloop
  endfacet
  facet normal 1 0 0
    outer loop
      vertex -40.875 -1.0069 45.5
      vertex -40.875 -4.65965 45
      vertex -40.875 -4.65965 44
    endloop
  endfacet
  facet normal 1 0 0
    outer loop
      vertex -40.875 -1.0069 45.5
      vertex -40.875 -4.65965 44
      vertex -40.875 -4.79888 43
    endloop
  endfacet
  facet normal 1 0 0
    outer loop
      vertex -40.875 -1.0069 45.5
      vertex -40.875 -4.79888 43
      vertex -40.875 -4.79888 42
    endloop
  endfacet
  facet normal 1 0 0
    outer loop
      vertex -40.875 -1.17931 42.5
      vertex -40.875 -4.9381 40
      vertex -40.875 -1.1931 37
    endloop
  endfacet
  facet normal 1 -0 0
    outer loop
      vertex -40.875 -5.07733 39
      vertex -40.875 -1.1931 37
      vertex -40.875 -4.9381 40
    endloop
  endfacet
  facet normal 1 -0 0
    outer loop
      vertex -40.875 -5.07733 38
      vertex -40.875 -1.1931 37
      vertex -40.875 -5.07733 39
    endloop
  endfacet
  facet normal 1 0 0
    outer loop
      vertex -40.875 -5.21656 37
      vertex -40.875 -1.1931 37
      vertex -40.875 -5.07733 38
    endloop
  endfacet
  facet normal 1 0 0
    outer loop
      vertex -40.875 -0.931034 35
      vertex -40.875 -5.35579 35
      vertex -40.875 -0.965517 34.5
    endloop
  endfacet
  facet normal 1 0 0
    outer loop
      vertex -40.875 -1.1931 36.5
      vertex -40.875 -5.21656 37
      vertex -40.875 -5.21656 36
    endloop
  endfacet
  facet normal 1 0 0
    outer loop
      vertex -40.875 -1.17241 31
      vertex -40.875 -5.63424 31
      vertex -40.875 -5.63424 30
    endloop
  endfacet
  facet normal 1 0 0
    outer loop
      vertex -40.875 -0.965517 34.5
      vertex -40.875 -5.35579 35
      vertex -40.875 -5.35579 34
    endloop
  endfacet
  facet normal 1 0 0
    outer loop
      vertex -40.875 -1.17241 31
      vertex -40.875 -5.63424 30
      vertex -40.875 -5.77347 29
    endloop
  endfacet
  facet normal 1 0 0
    outer loop
      vertex -40.875 -0.965517 34.5
      vertex -40.875 -5.49502 33
      vertex -40.875 -5.49502 32
    endloop
  endfacet
  facet normal 1 0 0
    outer loop
      vertex -40.875 -1.17241 31
      vertex -40.875 -5.77347 28
      vertex -40.875 -1.18621 25.5
    endloop
  endfacet
  facet normal 1 0 0
    outer loop
      vertex -40.875 -5.77347 28
      vertex -40.875 -1.17241 31
      vertex -40.875 -5.77347 29
    endloop
  endfacet
  facet normal 1 -0 0
    outer loop
      vertex -40.875 -5.9127 26
      vertex -40.875 -1.18621 25.5
      vertex -40.875 -5.9127 27
    endloop
  endfacet
  facet normal 1 -0 0
    outer loop
      vertex -40.875 -5.9127 27
      vertex -40.875 -1.18621 25.5
      vertex -40.875 -5.77347 28
    endloop
  endfacet
  facet normal 1 0 0
    outer loop
      vertex -40.875 -6.05193 25
      vertex -40.875 -1.18621 25
      vertex -40.875 -5.9127 26
    endloop
  endfacet
  facet normal 1 0 0
    outer loop
      vertex -40.875 -1.18621 25.5
      vertex -40.875 -5.9127 26
      vertex -40.875 -1.18621 25
    endloop
  endfacet
  facet normal 1 0 0
    outer loop
      vertex -40.875 -6.05193 24
      vertex -40.875 -1.18621 25
      vertex -40.875 -6.05193 25
    endloop
  endfacet
  facet normal 1 0 0
    outer loop
      vertex -40.875 -0.993103 22.5
      vertex -40.875 -6.19116 22
      vertex -40.875 -1.02759 22
    endloop
  endfacet
  facet normal 1 0 0
    outer loop
      vertex -40.875 -1.02759 22
      vertex -40.875 -6.19116 22
      vertex -40.875 -1.06207 21.5
    endloop
  endfacet
  facet normal 1 0 0
    outer loop
      vertex -40.875 -6.33039 20
      vertex -40.875 -1.13103 20.5
      vertex -40.875 -6.33039 21
    endloop
  endfacet
  facet normal 1 0 0
    outer loop
      vertex -40.875 -1.13103 20.5
      vertex -40.875 -6.33039 20
      vertex -40.875 -1.16552 20
    endloop
  endfacet
  facet normal 1 0 0
    outer loop
      vertex -40.875 -1.16552 20
      vertex -40.875 -6.33039 20
      vertex -40.875 -1.2 19.5
    endloop
  endfacet
  facet normal 1 0 0
    outer loop
      vertex -40.875 -1.2 19.5
      vertex -40.875 -6.33039 20
      vertex -40.875 -1.2 19
    endloop
  endfacet
  facet normal 1 0 0
    outer loop
      vertex -40.875 -9.4 19
      vertex -40.875 -6.33039 20
      vertex -40.875 -9.4 20
    endloop
  endfacet
  facet normal 1 0 0
    outer loop
      vertex -40.875 -6.33039 20
      vertex -40.875 -9.4 19
      vertex -40.875 -1.2 19
    endloop
  endfacet
  facet normal 1 0 0
    outer loop
      vertex -40.875 -0.813792 71.5
      vertex -40.875 -0.848275 71
      vertex -40.875 -0.813792 71
    endloop
  endfacet
  facet normal 1 0 0
    outer loop
      vertex -40.875 -0.848275 71
      vertex -40.875 -0.882758 70.5
      vertex -40.875 -0.848275 70.5
    endloop
  endfacet
  facet normal 1 -0 0
    outer loop
      vertex -40.875 -1.17931 71.5
      vertex -40.875 -0.848275 71
      vertex -40.875 -0.813792 71.5
    endloop
  endfacet
  facet normal 1 0 0
    outer loop
      vertex -40.875 -0.882758 70.5
      vertex -40.875 -0.917241 70
      vertex -40.875 -0.882758 70
    endloop
  endfacet
  facet normal 1 0 0
    outer loop
      vertex -40.875 -0.848275 71
      vertex -40.875 -1.17931 71.5
      vertex -40.875 -0.882758 70.5
    endloop
  endfacet
  facet normal 1 0 0
    outer loop
      vertex -40.875 -0.917241 70
      vertex -40.875 -0.951724 69.5
      vertex -40.875 -0.917241 69.5
    endloop
  endfacet
  facet normal 1 0 0
    outer loop
      vertex -40.875 -0.882758 70.5
      vertex -40.875 -1.17931 71.5
      vertex -40.875 -0.917241 70
    endloop
  endfacet
  facet normal 1 0 0
    outer loop
      vertex -40.875 -0.951724 69.5
      vertex -40.875 -0.986206 69
      vertex -40.875 -0.951724 69
    endloop
  endfacet
  facet normal 1 0 0
    outer loop
      vertex -40.875 -0.986206 69
      vertex -40.875 -1.02069 68.5
      vertex -40.875 -0.986206 68.5
    endloop
  endfacet
  facet normal 1 0 0
    outer loop
      vertex -40.875 -1.17931 71.5
      vertex -40.875 -0.986206 69
      vertex -40.875 -0.951724 69.5
    endloop
  endfacet
  facet normal 1 0 0
    outer loop
      vertex -40.875 -1.02069 68.5
      vertex -40.875 -1.05517 68
      vertex -40.875 -1.02069 68
    endloop
  endfacet
  facet normal 1 0 0
    outer loop
      vertex -40.875 -0.986206 69
      vertex -40.875 -1.17931 71.5
      vertex -40.875 -1.02069 68.5
    endloop
  endfacet
  facet normal 1 0 0
    outer loop
      vertex -40.875 -1.05517 68
      vertex -40.875 -1.08965 67.5
      vertex -40.875 -1.05517 67.5
    endloop
  endfacet
  facet normal 1 0 0
    outer loop
      vertex -40.875 -1.02069 68.5
      vertex -40.875 -1.17931 71.5
      vertex -40.875 -1.05517 68
    endloop
  endfacet
  facet normal 1 0 0
    outer loop
      vertex -40.875 -1.08965 67.5
      vertex -40.875 -1.12414 67
      vertex -40.875 -1.08965 67
    endloop
  endfacet
  facet normal 1 0 0
    outer loop
      vertex -40.875 -1.05517 68
      vertex -40.875 -1.17931 71.5
      vertex -40.875 -1.08965 67.5
    endloop
  endfacet
  facet normal 1 0 0
    outer loop
      vertex -40.875 -1.12414 67
      vertex -40.875 -1.15862 66.5
      vertex -40.875 -1.12414 66.5
    endloop
  endfacet
  facet normal 1 0 0
    outer loop
      vertex -40.875 -0.917241 70
      vertex -40.875 -1.17931 71.5
      vertex -40.875 -0.951724 69.5
    endloop
  endfacet
  facet normal 1 0 0
    outer loop
      vertex -40.875 -1.08965 67.5
      vertex -40.875 -1.17931 71.5
      vertex -40.875 -1.12414 67
    endloop
  endfacet
  facet normal 1 0 0
    outer loop
      vertex -40.875 -1.17931 71.5
      vertex -40.875 -1.15862 66.5
      vertex -40.875 -1.12414 67
    endloop
  endfacet
  facet normal 1 0 0
    outer loop
      vertex -40.875 -1.1931 66
      vertex -40.875 -1.15862 66.5
      vertex -40.875 -1.17931 71.5
    endloop
  endfacet
  facet normal 1 0 0
    outer loop
      vertex -40.875 -1.15862 66.5
      vertex -40.875 -1.1931 66
      vertex -40.875 -1.15862 66
    endloop
  endfacet
  facet normal 1 0 0
    outer loop
      vertex -40.875 5.63424 30
      vertex -40.875 1.11724 26.5
      vertex -40.875 1.15172 26
    endloop
  endfacet
  facet normal 1 0 0
    outer loop
      vertex -40.875 5.63424 30
      vertex -40.875 1.08276 27
      vertex -40.875 1.11724 26.5
    endloop
  endfacet
  facet normal 1 0 0
    outer loop
      vertex -40.875 5.63424 30
      vertex -40.875 1.04827 27.5
      vertex -40.875 1.08276 27
    endloop
  endfacet
  facet normal 1 0 0
    outer loop
      vertex -40.875 5.63424 30
      vertex -40.875 1.01379 28
      vertex -40.875 1.04827 27.5
    endloop
  endfacet
  facet normal 1 0 0
    outer loop
      vertex -40.875 5.63424 30
      vertex -40.875 0.97931 28.5
      vertex -40.875 1.01379 28
    endloop
  endfacet
  facet normal 1 0 0
    outer loop
      vertex -40.875 5.63424 30
      vertex -40.875 0.944827 29
      vertex -40.875 0.97931 28.5
    endloop
  endfacet
  facet normal 1 0 0
    outer loop
      vertex -40.875 5.63424 30
      vertex -40.875 0.910344 29.5
      vertex -40.875 0.944827 29
    endloop
  endfacet
  facet normal 1 0 0
    outer loop
      vertex -40.875 1.17241 31
      vertex -40.875 0.875861 30
      vertex -40.875 0.910344 29.5
    endloop
  endfacet
  facet normal 1 0 0
    outer loop
      vertex -40.875 1.17241 31
      vertex -40.875 0.841379 30.5
      vertex -40.875 0.875861 30
    endloop
  endfacet
  facet normal 1 -0 0
    outer loop
      vertex -40.875 0.806896 31
      vertex -40.875 0.841379 30.5
      vertex -40.875 1.17241 31
    endloop
  endfacet
  facet normal 1 0 0
    outer loop
      vertex -40.875 0.841379 30.5
      vertex -40.875 0.806896 31
      vertex -40.875 0.806896 30.5
    endloop
  endfacet
  facet normal 1 0 0
    outer loop
      vertex -40.875 1.17241 60
      vertex -40.875 1.11724 55.5
      vertex -40.875 1.15172 55
    endloop
  endfacet
  facet normal 1 0 0
    outer loop
      vertex -40.875 1.17241 60
      vertex -40.875 1.08276 56
      vertex -40.875 1.11724 55.5
    endloop
  endfacet
  facet normal 1 0 0
    outer loop
      vertex -40.875 1.17241 60
      vertex -40.875 1.04827 56.5
      vertex -40.875 1.08276 56
    endloop
  endfacet
  facet normal 1 0 0
    outer loop
      vertex -40.875 1.17241 60
      vertex -40.875 1.01379 57
      vertex -40.875 1.04827 56.5
    endloop
  endfacet
  facet normal 1 0 0
    outer loop
      vertex -40.875 1.17241 60
      vertex -40.875 0.97931 57.5
      vertex -40.875 1.01379 57
    endloop
  endfacet
  facet normal 1 0 0
    outer loop
      vertex -40.875 1.17241 60
      vertex -40.875 0.944827 58
      vertex -40.875 0.97931 57.5
    endloop
  endfacet
  facet normal 1 0 0
    outer loop
      vertex -40.875 1.17241 60
      vertex -40.875 0.910344 58.5
      vertex -40.875 0.944827 58
    endloop
  endfacet
  facet normal 1 0 0
    outer loop
      vertex -40.875 1.17241 60
      vertex -40.875 0.875861 59
      vertex -40.875 0.910344 58.5
    endloop
  endfacet
  facet normal 1 0 0
    outer loop
      vertex -40.875 1.17241 60
      vertex -40.875 0.841379 59.5
      vertex -40.875 0.875861 59
    endloop
  endfacet
  facet normal 1 -0 0
    outer loop
      vertex -40.875 0.806896 60
      vertex -40.875 0.841379 59.5
      vertex -40.875 1.17241 60
    endloop
  endfacet
  facet normal 1 0 0
    outer loop
      vertex -40.875 0.841379 59.5
      vertex -40.875 0.806896 60
      vertex -40.875 0.806896 59.5
    endloop
  endfacet
  facet normal 1 0 0
    outer loop
      vertex -40.875 4.79888 42
      vertex -40.875 1.12414 38
      vertex -40.875 1.15862 37.5
    endloop
  endfacet
  facet normal 1 0 0
    outer loop
      vertex -40.875 4.79888 42
      vertex -40.875 1.08965 38.5
      vertex -40.875 1.12414 38
    endloop
  endfacet
  facet normal 1 0 0
    outer loop
      vertex -40.875 4.79888 42
      vertex -40.875 1.05517 39
      vertex -40.875 1.08965 38.5
    endloop
  endfacet
  facet normal 1 0 0
    outer loop
      vertex -40.875 4.79888 42
      vertex -40.875 1.02069 39.5
      vertex -40.875 1.05517 39
    endloop
  endfacet
  facet normal 1 0 0
    outer loop
      vertex -40.875 4.79888 42
      vertex -40.875 0.986206 40
      vertex -40.875 1.02069 39.5
    endloop
  endfacet
  facet normal 1 0 0
    outer loop
      vertex -40.875 4.79888 42
      vertex -40.875 0.951724 40.5
      vertex -40.875 0.986206 40
    endloop
  endfacet
  facet normal 1 0 0
    outer loop
      vertex -40.875 4.79888 42
      vertex -40.875 0.917241 41
      vertex -40.875 0.951724 40.5
    endloop
  endfacet
  facet normal 1 0 0
    outer loop
      vertex -40.875 4.79888 42
      vertex -40.875 0.882758 41.5
      vertex -40.875 0.917241 41
    endloop
  endfacet
  facet normal 1 0 0
    outer loop
      vertex -40.875 1.17931 42.5
      vertex -40.875 0.848275 42
      vertex -40.875 0.882758 41.5
    endloop
  endfacet
  facet normal 1 -0 0
    outer loop
      vertex -40.875 0.813792 42.5
      vertex -40.875 0.848275 42
      vertex -40.875 1.17931 42.5
    endloop
  endfacet
  facet normal 1 0 0
    outer loop
      vertex -40.875 0.848275 42
      vertex -40.875 0.813792 42.5
      vertex -40.875 0.813792 42
    endloop
  endfacet
  facet normal 1 0 0
    outer loop
      vertex -40.875 2.432 76
      vertex -40.875 1.12414 67
      vertex -40.875 1.15862 66.5
    endloop
  endfacet
  facet normal 1 0 0
    outer loop
      vertex -40.875 2.432 76
      vertex -40.875 1.08965 67.5
      vertex -40.875 1.12414 67
    endloop
  endfacet
  facet normal 1 0 0
    outer loop
      vertex -40.875 2.432 76
      vertex -40.875 1.05517 68
      vertex -40.875 1.08965 67.5
    endloop
  endfacet
  facet normal 1 0 0
    outer loop
      vertex -40.875 1.17931 71.5
      vertex -40.875 1.02069 68.5
      vertex -40.875 1.05517 68
    endloop
  endfacet
  facet normal 1 0 0
    outer loop
      vertex -40.875 1.17931 71.5
      vertex -40.875 0.986206 69
      vertex -40.875 1.02069 68.5
    endloop
  endfacet
  facet normal 1 0 0
    outer loop
      vertex -40.875 1.17931 71.5
      vertex -40.875 0.951724 69.5
      vertex -40.875 0.986206 69
    endloop
  endfacet
  facet normal 1 0 0
    outer loop
      vertex -40.875 1.17931 71.5
      vertex -40.875 0.917241 70
      vertex -40.875 0.951724 69.5
    endloop
  endfacet
  facet normal 1 0 0
    outer loop
      vertex -40.875 1.17931 71.5
      vertex -40.875 0.882758 70.5
      vertex -40.875 0.917241 70
    endloop
  endfacet
  facet normal 1 0 0
    outer loop
      vertex -40.875 1.17931 71.5
      vertex -40.875 0.848275 71
      vertex -40.875 0.882758 70.5
    endloop
  endfacet
  facet normal 1 -0 0
    outer loop
      vertex -40.875 0.813792 71.5
      vertex -40.875 0.848275 71
      vertex -40.875 1.17931 71.5
    endloop
  endfacet
  facet normal 1 0 0
    outer loop
      vertex -40.875 0.848275 71
      vertex -40.875 0.813792 71.5
      vertex -40.875 0.813792 71
    endloop
  endfacet
  facet normal 1 0 0
    outer loop
      vertex -40.875 5.63424 30
      vertex -40.875 1.13103 20.5
      vertex -40.875 1.16552 20
    endloop
  endfacet
  facet normal 1 0 0
    outer loop
      vertex -40.875 5.63424 30
      vertex -40.875 1.09655 21
      vertex -40.875 1.13103 20.5
    endloop
  endfacet
  facet normal 1 0 0
    outer loop
      vertex -40.875 5.63424 30
      vertex -40.875 1.06207 21.5
      vertex -40.875 1.09655 21
    endloop
  endfacet
  facet normal 1 0 0
    outer loop
      vertex -40.875 5.63424 30
      vertex -40.875 1.02759 22
      vertex -40.875 1.06207 21.5
    endloop
  endfacet
  facet normal 1 0 0
    outer loop
      vertex -40.875 5.63424 30
      vertex -40.875 0.993103 22.5
      vertex -40.875 1.02759 22
    endloop
  endfacet
  facet normal 1 0 0
    outer loop
      vertex -40.875 1.18621 25
      vertex -40.875 0.95862 23
      vertex -40.875 0.993103 22.5
    endloop
  endfacet
  facet normal 1 0 0
    outer loop
      vertex -40.875 1.18621 25
      vertex -40.875 0.924137 23.5
      vertex -40.875 0.95862 23
    endloop
  endfacet
  facet normal 1 0 0
    outer loop
      vertex -40.875 1.18621 25
      vertex -40.875 0.889655 24
      vertex -40.875 0.924137 23.5
    endloop
  endfacet
  facet normal 1 0 0
    outer loop
      vertex -40.875 1.18621 25
      vertex -40.875 0.855172 24.5
      vertex -40.875 0.889655 24
    endloop
  endfacet
  facet normal 1 -0 0
    outer loop
      vertex -40.875 0.820689 25
      vertex -40.875 0.855172 24.5
      vertex -40.875 1.18621 25
    endloop
  endfacet
  facet normal 1 0 0
    outer loop
      vertex -40.875 0.855172 24.5
      vertex -40.875 0.820689 25
      vertex -40.875 0.820689 24.5
    endloop
  endfacet
  facet normal 1 0 0
    outer loop
      vertex -40.875 1.18621 54
      vertex -40.875 1.13103 49.5
      vertex -40.875 1.16552 49
    endloop
  endfacet
  facet normal 1 0 0
    outer loop
      vertex -40.875 1.18621 54
      vertex -40.875 1.09655 50
      vertex -40.875 1.13103 49.5
    endloop
  endfacet
  facet normal 1 0 0
    outer loop
      vertex -40.875 1.18621 54
      vertex -40.875 1.06207 50.5
      vertex -40.875 1.09655 50
    endloop
  endfacet
  facet normal 1 0 0
    outer loop
      vertex -40.875 1.18621 54
      vertex -40.875 1.02759 51
      vertex -40.875 1.06207 50.5
    endloop
  endfacet
  facet normal 1 0 0
    outer loop
      vertex -40.875 1.18621 54
      vertex -40.875 0.993103 51.5
      vertex -40.875 1.02759 51
    endloop
  endfacet
  facet normal 1 0 0
    outer loop
      vertex -40.875 1.18621 54
      vertex -40.875 0.95862 52
      vertex -40.875 0.993103 51.5
    endloop
  endfacet
  facet normal 1 0 0
    outer loop
      vertex -40.875 1.18621 54
      vertex -40.875 0.924137 52.5
      vertex -40.875 0.95862 52
    endloop
  endfacet
  facet normal 1 0 0
    outer loop
      vertex -40.875 1.18621 54
      vertex -40.875 0.889655 53
      vertex -40.875 0.924137 52.5
    endloop
  endfacet
  facet normal 1 0 0
    outer loop
      vertex -40.875 1.18621 54
      vertex -40.875 0.855172 53.5
      vertex -40.875 0.889655 53
    endloop
  endfacet
  facet normal 1 -0 0
    outer loop
      vertex -40.875 0.820689 54
      vertex -40.875 0.855172 53.5
      vertex -40.875 1.18621 54
    endloop
  endfacet
  facet normal 1 0 0
    outer loop
      vertex -40.875 0.855172 53.5
      vertex -40.875 0.820689 54
      vertex -40.875 0.820689 53.5
    endloop
  endfacet
  facet normal 1 0 0
    outer loop
      vertex -40.875 5.63424 31
      vertex -40.875 1.17241 31
      vertex -40.875 5.63424 30
    endloop
  endfacet
  facet normal 1 0 0
    outer loop
      vertex -40.875 5.35579 34
      vertex -40.875 1.13793 32
      vertex -40.875 1.17241 31.5
    endloop
  endfacet
  facet normal 1 0 0
    outer loop
      vertex -40.875 5.35579 34
      vertex -40.875 1.10345 32.5
      vertex -40.875 1.13793 32
    endloop
  endfacet
  facet normal 1 0 0
    outer loop
      vertex -40.875 5.35579 34
      vertex -40.875 1.06896 33
      vertex -40.875 1.10345 32.5
    endloop
  endfacet
  facet normal 1 0 0
    outer loop
      vertex -40.875 5.35579 34
      vertex -40.875 1.03448 33.5
      vertex -40.875 1.06896 33
    endloop
  endfacet
  facet normal 1 0 0
    outer loop
      vertex -40.875 5.35579 34
      vertex -40.875 1 34
      vertex -40.875 1.03448 33.5
    endloop
  endfacet
  facet normal 1 0 0
    outer loop
      vertex -40.875 5.35579 34
      vertex -40.875 0.965517 34.5
      vertex -40.875 1 34
    endloop
  endfacet
  facet normal 1 0 0
    outer loop
      vertex -40.875 5.35579 35
      vertex -40.875 0.965517 34.5
      vertex -40.875 5.35579 34
    endloop
  endfacet
  facet normal 1 0 0
    outer loop
      vertex -40.875 1.1931 36.5
      vertex -40.875 0.896551 35.5
      vertex -40.875 0.931034 35
    endloop
  endfacet
  facet normal 1 0 0
    outer loop
      vertex -40.875 1.1931 36.5
      vertex -40.875 0.862068 36
      vertex -40.875 0.896551 35.5
    endloop
  endfacet
  facet normal 1 -0 0
    outer loop
      vertex -40.875 0.827586 36.5
      vertex -40.875 0.862068 36
      vertex -40.875 1.1931 36.5
    endloop
  endfacet
  facet normal 1 0 0
    outer loop
      vertex -40.875 0.862068 36
      vertex -40.875 0.827586 36.5
      vertex -40.875 0.827586 36
    endloop
  endfacet
  facet normal 1 0 0
    outer loop
      vertex -40.875 1.17241 60
      vertex -40.875 2.432 76
      vertex -40.875 1.17241 60.5
    endloop
  endfacet
  facet normal 1 0 0
    outer loop
      vertex -40.875 1.1931 65.5
      vertex -40.875 1.13793 61
      vertex -40.875 1.17241 60.5
    endloop
  endfacet
  facet normal 1 0 0
    outer loop
      vertex -40.875 1.1931 65.5
      vertex -40.875 1.10345 61.5
      vertex -40.875 1.13793 61
    endloop
  endfacet
  facet normal 1 0 0
    outer loop
      vertex -40.875 1.1931 65.5
      vertex -40.875 1.06896 62
      vertex -40.875 1.10345 61.5
    endloop
  endfacet
  facet normal 1 0 0
    outer loop
      vertex -40.875 1.1931 65.5
      vertex -40.875 1.03448 62.5
      vertex -40.875 1.06896 62
    endloop
  endfacet
  facet normal 1 0 0
    outer loop
      vertex -40.875 1.1931 65.5
      vertex -40.875 1 63
      vertex -40.875 1.03448 62.5
    endloop
  endfacet
  facet normal 1 0 0
    outer loop
      vertex -40.875 1.1931 65.5
      vertex -40.875 0.965517 63.5
      vertex -40.875 1 63
    endloop
  endfacet
  facet normal 1 0 0
    outer loop
      vertex -40.875 1.1931 65.5
      vertex -40.875 0.931034 64
      vertex -40.875 0.965517 63.5
    endloop
  endfacet
  facet normal 1 0 0
    outer loop
      vertex -40.875 1.1931 65.5
      vertex -40.875 0.896551 64.5
      vertex -40.875 0.931034 64
    endloop
  endfacet
  facet normal 1 0 0
    outer loop
      vertex -40.875 1.1931 65.5
      vertex -40.875 0.862068 65
      vertex -40.875 0.896551 64.5
    endloop
  endfacet
  facet normal 1 -0 0
    outer loop
      vertex -40.875 0.827586 65.5
      vertex -40.875 0.862068 65
      vertex -40.875 1.1931 65.5
    endloop
  endfacet
  facet normal 1 0 0
    outer loop
      vertex -40.875 0.862068 65
      vertex -40.875 0.827586 65.5
      vertex -40.875 0.827586 65
    endloop
  endfacet
  facet normal 1 0 0
    outer loop
      vertex -40.875 1.17241 31
      vertex -40.875 5.49502 32
      vertex -40.875 1.17241 31.5
    endloop
  endfacet
  facet normal 1 0 0
    outer loop
      vertex -40.875 4.79888 43
      vertex -40.875 1.17931 42.5
      vertex -40.875 4.79888 42
    endloop
  endfacet
  facet normal 1 0 0
    outer loop
      vertex -40.875 1.17931 42.5
      vertex -40.875 4.79888 43
      vertex -40.875 1.17931 43
    endloop
  endfacet
  facet normal 1 0 0
    outer loop
      vertex -40.875 4.65965 44
      vertex -40.875 1.17931 43
      vertex -40.875 4.79888 43
    endloop
  endfacet
  facet normal 1 0 -0
    outer loop
      vertex -40.875 1.17931 43
      vertex -40.875 4.65965 44
      vertex -40.875 1.14483 43.5
    endloop
  endfacet
  facet normal 1 0 -0
    outer loop
      vertex -40.875 1.14483 43.5
      vertex -40.875 4.65965 44
      vertex -40.875 1.11034 44
    endloop
  endfacet
  facet normal 1 0 -0
    outer loop
      vertex -40.875 1.11034 44
      vertex -40.875 4.65965 44
      vertex -40.875 1.07586 44.5
    endloop
  endfacet
  facet normal 1 0 0
    outer loop
      vertex -40.875 4.65965 45
      vertex -40.875 1.07586 44.5
      vertex -40.875 4.65965 44
    endloop
  endfacet
  facet normal 1 0 0
    outer loop
      vertex -40.875 1.2 48
      vertex -40.875 0.93793 46.5
      vertex -40.875 0.972413 46
    endloop
  endfacet
  facet normal 1 0 0
    outer loop
      vertex -40.875 1.2 48
      vertex -40.875 0.903448 47
      vertex -40.875 0.93793 46.5
    endloop
  endfacet
  facet normal 1 0 0
    outer loop
      vertex -40.875 1.2 48
      vertex -40.875 0.868965 47.5
      vertex -40.875 0.903448 47
    endloop
  endfacet
  facet normal 1 -0 0
    outer loop
      vertex -40.875 0.834482 48
      vertex -40.875 0.868965 47.5
      vertex -40.875 1.2 48
    endloop
  endfacet
  facet normal 1 0 0
    outer loop
      vertex -40.875 0.868965 47.5
      vertex -40.875 0.834482 48
      vertex -40.875 0.834482 47.5
    endloop
  endfacet
  facet normal 1 -0 0
    outer loop
      vertex -40.875 0.868965 76.5
      vertex -40.875 2.432 76
      vertex -40.875 2.432 77
    endloop
  endfacet
  facet normal 1 0 0
    outer loop
      vertex -40.875 2.432 76
      vertex -40.875 1.1931 66
      vertex -40.875 1.1931 65.5
    endloop
  endfacet
  facet normal 1 0 0
    outer loop
      vertex -40.875 2.432 76
      vertex -40.875 1.17931 72
      vertex -40.875 1.17931 71.5
    endloop
  endfacet
  facet normal 1 0 0
    outer loop
      vertex -40.875 2.432 76
      vertex -40.875 1.14483 72.5
      vertex -40.875 1.17931 72
    endloop
  endfacet
  facet normal 1 0 0
    outer loop
      vertex -40.875 2.432 76
      vertex -40.875 1.11034 73
      vertex -40.875 1.14483 72.5
    endloop
  endfacet
  facet normal 1 0 0
    outer loop
      vertex -40.875 2.432 76
      vertex -40.875 1.07586 73.5
      vertex -40.875 1.11034 73
    endloop
  endfacet
  facet normal 1 0 0
    outer loop
      vertex -40.875 2.432 76
      vertex -40.875 1.04138 74
      vertex -40.875 1.07586 73.5
    endloop
  endfacet
  facet normal 1 0 0
    outer loop
      vertex -40.875 2.432 76
      vertex -40.875 1.0069 74.5
      vertex -40.875 1.04138 74
    endloop
  endfacet
  facet normal 1 0 0
    outer loop
      vertex -40.875 2.432 76
      vertex -40.875 0.972413 75
      vertex -40.875 1.0069 74.5
    endloop
  endfacet
  facet normal 1 0 0
    outer loop
      vertex -40.875 2.432 76
      vertex -40.875 0.93793 75.5
      vertex -40.875 0.972413 75
    endloop
  endfacet
  facet normal 1 0 0
    outer loop
      vertex -40.875 2.432 76
      vertex -40.875 0.903448 76
      vertex -40.875 0.93793 75.5
    endloop
  endfacet
  facet normal 1 0 0
    outer loop
      vertex -40.875 2.432 76
      vertex -40.875 0.868965 76.5
      vertex -40.875 0.903448 76
    endloop
  endfacet
  facet normal 1 -0 0
    outer loop
      vertex -40.875 0.834482 77
      vertex -40.875 0.868965 76.5
      vertex -40.875 2.432 77
    endloop
  endfacet
  facet normal 1 0 0
    outer loop
      vertex -40.875 0.868965 76.5
      vertex -40.875 0.834482 77
      vertex -40.875 0.834482 76.5
    endloop
  endfacet
  facet normal 1 0 0
    outer loop
      vertex -40.875 3.67424 76
      vertex -40.875 2.57123 75
      vertex -40.875 3.67424 75
    endloop
  endfacet
  facet normal 1 0 0
    outer loop
      vertex -40.875 2.57123 75
      vertex -40.875 2.432 76
      vertex -40.875 2.57123 74
    endloop
  endfacet
  facet normal 1 -0 0
    outer loop
      vertex -40.875 2.432 76
      vertex -40.875 2.57123 75
      vertex -40.875 3.67424 76
    endloop
  endfacet
  facet normal 1 0 0
    outer loop
      vertex -40.875 3.87874 74
      vertex -40.875 2.71046 73
      vertex -40.875 3.87874 73
    endloop
  endfacet
  facet normal 1 0 0
    outer loop
      vertex -40.875 2.71046 73
      vertex -40.875 2.57123 74
      vertex -40.875 2.71046 72
    endloop
  endfacet
  facet normal 1 -0 0
    outer loop
      vertex -40.875 2.57123 74
      vertex -40.875 2.71046 73
      vertex -40.875 3.87874 74
    endloop
  endfacet
  facet normal 1 0 0
    outer loop
      vertex -40.875 4.08323 72
      vertex -40.875 2.84968 71
      vertex -40.875 4.08323 71
    endloop
  endfacet
  facet normal 1 0 0
    outer loop
      vertex -40.875 2.84968 71
      vertex -40.875 2.71046 72
      vertex -40.875 2.84968 70
    endloop
  endfacet
  facet normal 1 -0 0
    outer loop
      vertex -40.875 2.71046 72
      vertex -40.875 2.84968 71
      vertex -40.875 4.08323 72
    endloop
  endfacet
  facet normal 1 0 0
    outer loop
      vertex -40.875 4.28772 70
      vertex -40.875 2.98891 69
      vertex -40.875 4.28772 69
    endloop
  endfacet
  facet normal 1 0 0
    outer loop
      vertex -40.875 2.98891 69
      vertex -40.875 2.84968 70
      vertex -40.875 2.98891 68
    endloop
  endfacet
  facet normal 1 -0 0
    outer loop
      vertex -40.875 2.84968 70
      vertex -40.875 2.98891 69
      vertex -40.875 4.28772 70
    endloop
  endfacet
  facet normal 1 0 0
    outer loop
      vertex -40.875 4.49221 68
      vertex -40.875 3.12814 67
      vertex -40.875 4.49221 67
    endloop
  endfacet
  facet normal 1 0 0
    outer loop
      vertex -40.875 3.12814 67
      vertex -40.875 2.98891 68
      vertex -40.875 3.12814 66
    endloop
  endfacet
  facet normal 1 -0 0
    outer loop
      vertex -40.875 2.98891 68
      vertex -40.875 3.12814 67
      vertex -40.875 4.49221 68
    endloop
  endfacet
  facet normal 1 0 0
    outer loop
      vertex -40.875 4.6967 66
      vertex -40.875 3.26737 65
      vertex -40.875 4.6967 65
    endloop
  endfacet
  facet normal 1 0 0
    outer loop
      vertex -40.875 3.26737 65
      vertex -40.875 3.12814 66
      vertex -40.875 3.26737 64
    endloop
  endfacet
  facet normal 1 -0 0
    outer loop
      vertex -40.875 3.12814 66
      vertex -40.875 3.26737 65
      vertex -40.875 4.6967 66
    endloop
  endfacet
  facet normal 1 0 0
    outer loop
      vertex -40.875 4.90119 64
      vertex -40.875 3.4066 63
      vertex -40.875 4.90119 63
    endloop
  endfacet
  facet normal 1 0 0
    outer loop
      vertex -40.875 3.4066 63
      vertex -40.875 3.26737 64
      vertex -40.875 3.4066 62
    endloop
  endfacet
  facet normal 1 -0 0
    outer loop
      vertex -40.875 3.26737 64
      vertex -40.875 3.4066 63
      vertex -40.875 4.90119 64
    endloop
  endfacet
  facet normal 1 0 0
    outer loop
      vertex -40.875 5.10568 62
      vertex -40.875 3.54582 61
      vertex -40.875 5.10568 61
    endloop
  endfacet
  facet normal 1 0 0
    outer loop
      vertex -40.875 3.54582 61
      vertex -40.875 3.4066 62
      vertex -40.875 3.54582 60
    endloop
  endfacet
  facet normal 1 -0 0
    outer loop
      vertex -40.875 3.4066 62
      vertex -40.875 3.54582 61
      vertex -40.875 5.10568 62
    endloop
  endfacet
  facet normal 1 0 0
    outer loop
      vertex -40.875 5.31017 60
      vertex -40.875 3.68505 59
      vertex -40.875 5.31017 59
    endloop
  endfacet
  facet normal 1 0 0
    outer loop
      vertex -40.875 3.68505 59
      vertex -40.875 3.54582 60
      vertex -40.875 3.68505 58
    endloop
  endfacet
  facet normal 1 -0 0
    outer loop
      vertex -40.875 3.54582 60
      vertex -40.875 3.68505 59
      vertex -40.875 5.31017 60
    endloop
  endfacet
  facet normal 1 0 0
    outer loop
      vertex -40.875 5.51467 58
      vertex -40.875 3.82428 57
      vertex -40.875 5.51467 57
    endloop
  endfacet
  facet normal 1 0 0
    outer loop
      vertex -40.875 3.82428 57
      vertex -40.875 3.68505 58
      vertex -40.875 3.82428 56
    endloop
  endfacet
  facet normal 1 -0 0
    outer loop
      vertex -40.875 3.68505 58
      vertex -40.875 3.82428 57
      vertex -40.875 5.51467 58
    endloop
  endfacet
  facet normal 1 0 0
    outer loop
      vertex -40.875 5.71916 56
      vertex -40.875 3.96351 55
      vertex -40.875 5.71916 55
    endloop
  endfacet
  facet normal 1 0 0
    outer loop
      vertex -40.875 3.96351 55
      vertex -40.875 3.82428 56
      vertex -40.875 3.96351 54
    endloop
  endfacet
  facet normal 1 -0 0
    outer loop
      vertex -40.875 3.82428 56
      vertex -40.875 3.96351 55
      vertex -40.875 5.71916 56
    endloop
  endfacet
  facet normal 1 0 0
    outer loop
      vertex -40.875 5.92365 54
      vertex -40.875 4.10274 53
      vertex -40.875 5.92365 53
    endloop
  endfacet
  facet normal 1 0 0
    outer loop
      vertex -40.875 1.2 48.5
      vertex -40.875 4.10274 53
      vertex -40.875 3.96351 54
    endloop
  endfacet
  facet normal 1 -0 0
    outer loop
      vertex -40.875 3.96351 54
      vertex -40.875 4.10274 53
      vertex -40.875 5.92365 54
    endloop
  endfacet
  facet normal 1 0 0
    outer loop
      vertex -40.875 6.12814 52
      vertex -40.875 4.24196 51
      vertex -40.875 6.12814 51
    endloop
  endfacet
  facet normal 1 0 0
    outer loop
      vertex -40.875 1.2 48.5
      vertex -40.875 4.24196 51
      vertex -40.875 4.10274 52
    endloop
  endfacet
  facet normal 1 -0 0
    outer loop
      vertex -40.875 4.10274 52
      vertex -40.875 4.24196 51
      vertex -40.875 6.12814 52
    endloop
  endfacet
  facet normal 1 0 0
    outer loop
      vertex -40.875 6.33263 50
      vertex -40.875 4.38119 49
      vertex -40.875 6.33263 49
    endloop
  endfacet
  facet normal 1 0 0
    outer loop
      vertex -40.875 1.2 48.5
      vertex -40.875 4.38119 49
      vertex -40.875 4.24196 50
    endloop
  endfacet
  facet normal 1 -0 0
    outer loop
      vertex -40.875 4.24196 50
      vertex -40.875 4.38119 49
      vertex -40.875 6.33263 50
    endloop
  endfacet
  facet normal 1 0 0
    outer loop
      vertex -40.875 6.53712 48
      vertex -40.875 4.52042 47
      vertex -40.875 6.53712 47
    endloop
  endfacet
  facet normal 1 -0 0
    outer loop
      vertex -40.875 1.2 48
      vertex -40.875 4.52042 47
      vertex -40.875 4.38119 48
    endloop
  endfacet
  facet normal 1 -0 0
    outer loop
      vertex -40.875 4.38119 48
      vertex -40.875 4.52042 47
      vertex -40.875 6.53712 48
    endloop
  endfacet
  facet normal 1 0 0
    outer loop
      vertex -40.875 6.74161 46
      vertex -40.875 4.65965 45
      vertex -40.875 6.74161 45
    endloop
  endfacet
  facet normal 1 0 0
    outer loop
      vertex -40.875 4.52042 47
      vertex -40.875 0.972413 46
      vertex -40.875 4.52042 46
    endloop
  endfacet
  facet normal 1 -0 0
    outer loop
      vertex -40.875 4.52042 46
      vertex -40.875 4.65965 45
      vertex -40.875 6.74161 46
    endloop
  endfacet
  facet normal 1 0 0
    outer loop
      vertex -40.875 6.94611 44
      vertex -40.875 4.79888 43
      vertex -40.875 6.94611 43
    endloop
  endfacet
  facet normal 1 0 -0
    outer loop
      vertex -40.875 1.04138 45
      vertex -40.875 4.52042 46
      vertex -40.875 1.0069 45.5
    endloop
  endfacet
  facet normal 1 -0 0
    outer loop
      vertex -40.875 4.65965 44
      vertex -40.875 4.79888 43
      vertex -40.875 6.94611 44
    endloop
  endfacet
  facet normal 1 0 0
    outer loop
      vertex -40.875 7.1506 42
      vertex -40.875 4.9381 41
      vertex -40.875 7.1506 41
    endloop
  endfacet
  facet normal 1 0 0
    outer loop
      vertex -40.875 1.1931 37
      vertex -40.875 4.9381 41
      vertex -40.875 4.79888 42
    endloop
  endfacet
  facet normal 1 -0 0
    outer loop
      vertex -40.875 4.79888 42
      vertex -40.875 4.9381 41
      vertex -40.875 7.1506 42
    endloop
  endfacet
  facet normal 1 0 0
    outer loop
      vertex -40.875 7.35509 40
      vertex -40.875 5.07733 39
      vertex -40.875 7.35509 39
    endloop
  endfacet
  facet normal 1 0 0
    outer loop
      vertex -40.875 1.1931 37
      vertex -40.875 5.07733 39
      vertex -40.875 4.9381 40
    endloop
  endfacet
  facet normal 1 -0 0
    outer loop
      vertex -40.875 4.9381 40
      vertex -40.875 5.07733 39
      vertex -40.875 7.35509 40
    endloop
  endfacet
  facet normal 1 0 0
    outer loop
      vertex -40.875 7.55958 38
      vertex -40.875 5.21656 37
      vertex -40.875 7.55958 37
    endloop
  endfacet
  facet normal 1 0 0
    outer loop
      vertex -40.875 1.1931 37
      vertex -40.875 5.21656 37
      vertex -40.875 5.07733 38
    endloop
  endfacet
  facet normal 1 -0 0
    outer loop
      vertex -40.875 5.07733 38
      vertex -40.875 5.21656 37
      vertex -40.875 7.55958 38
    endloop
  endfacet
  facet normal 1 0 0
    outer loop
      vertex -40.875 7.76407 36
      vertex -40.875 5.35579 35
      vertex -40.875 7.76407 35
    endloop
  endfacet
  facet normal 1 0 0
    outer loop
      vertex -40.875 5.21656 37
      vertex -40.875 1.1931 36.5
      vertex -40.875 5.21656 36
    endloop
  endfacet
  facet normal 1 -0 0
    outer loop
      vertex -40.875 5.21656 36
      vertex -40.875 5.35579 35
      vertex -40.875 7.76407 36
    endloop
  endfacet
  facet normal 1 0 0
    outer loop
      vertex -40.875 7.96856 34
      vertex -40.875 5.49502 33
      vertex -40.875 7.96856 33
    endloop
  endfacet
  facet normal 1 0 0
    outer loop
      vertex -40.875 5.21656 36
      vertex -40.875 0.931034 35
      vertex -40.875 5.35579 35
    endloop
  endfacet
  facet normal 1 -0 0
    outer loop
      vertex -40.875 5.35579 34
      vertex -40.875 5.49502 33
      vertex -40.875 7.96856 34
    endloop
  endfacet
  facet normal 1 0 0
    outer loop
      vertex -40.875 8.17305 32
      vertex -40.875 5.63424 31
      vertex -40.875 8.17305 31
    endloop
  endfacet
  facet normal 1 0 0
    outer loop
      vertex -40.875 5.49502 33
      vertex -40.875 1.17241 31.5
      vertex -40.875 5.49502 32
    endloop
  endfacet
  facet normal 1 -0 0
    outer loop
      vertex -40.875 5.49502 32
      vertex -40.875 5.63424 31
      vertex -40.875 8.17305 32
    endloop
  endfacet
  facet normal 1 0 0
    outer loop
      vertex -40.875 8.37754 30
      vertex -40.875 5.77347 29
      vertex -40.875 8.37754 29
    endloop
  endfacet
  facet normal 1 0 0
    outer loop
      vertex -40.875 5.77347 29
      vertex -40.875 5.63424 30
      vertex -40.875 5.77347 28
    endloop
  endfacet
  facet normal 1 -0 0
    outer loop
      vertex -40.875 5.63424 30
      vertex -40.875 5.77347 29
      vertex -40.875 8.37754 30
    endloop
  endfacet
  facet normal 1 0 0
    outer loop
      vertex -40.875 8.58204 28
      vertex -40.875 5.9127 27
      vertex -40.875 8.58204 27
    endloop
  endfacet
  facet normal 1 0 0
    outer loop
      vertex -40.875 5.9127 27
      vertex -40.875 5.77347 28
      vertex -40.875 5.9127 26
    endloop
  endfacet
  facet normal 1 -0 0
    outer loop
      vertex -40.875 5.77347 28
      vertex -40.875 5.9127 27
      vertex -40.875 8.58204 28
    endloop
  endfacet
  facet normal 1 0 0
    outer loop
      vertex -40.875 8.78653 26
      vertex -40.875 6.05193 25
      vertex -40.875 8.78653 25
    endloop
  endfacet
  facet normal 1 0 0
    outer loop
      vertex -40.875 1.2 19.5
      vertex -40.875 6.05193 25
      vertex -40.875 5.9127 26
    endloop
  endfacet
  facet normal 1 -0 0
    outer loop
      vertex -40.875 5.9127 26
      vertex -40.875 6.05193 25
      vertex -40.875 8.78653 26
    endloop
  endfacet
  facet normal 1 0 0
    outer loop
      vertex -40.875 8.99102 24
      vertex -40.875 6.19116 23
      vertex -40.875 8.99102 23
    endloop
  endfacet
  facet normal 1 0 0
    outer loop
      vertex -40.875 1.2 19.5
      vertex -40.875 6.19116 23
      vertex -40.875 6.05193 24
    endloop
  endfacet
  facet normal 1 -0 0
    outer loop
      vertex -40.875 6.05193 24
      vertex -40.875 6.19116 23
      vertex -40.875 8.99102 24
    endloop
  endfacet
  facet normal 1 0 0
    outer loop
      vertex -40.875 9.19551 22
      vertex -40.875 6.33039 21
      vertex -40.875 9.19551 21
    endloop
  endfacet
  facet normal 1 0 0
    outer loop
      vertex -40.875 1.2 19.5
      vertex -40.875 6.33039 21
      vertex -40.875 6.19116 22
    endloop
  endfacet
  facet normal 1 -0 0
    outer loop
      vertex -40.875 6.19116 22
      vertex -40.875 6.33039 21
      vertex -40.875 9.19551 22
    endloop
  endfacet
  facet normal 1 -0 0
    outer loop
      vertex -40.875 6.33039 20
      vertex -40.875 9.4 19
      vertex -40.875 9.4 20
    endloop
  endfacet
  facet normal 1 0 0
    outer loop
      vertex -40.875 6.19116 23
      vertex -40.875 1.2 19.5
      vertex -40.875 6.19116 22
    endloop
  endfacet
  facet normal 1 0 0
    outer loop
      vertex -40.875 6.05193 25
      vertex -40.875 1.2 19.5
      vertex -40.875 6.05193 24
    endloop
  endfacet
  facet normal 1 0 0
    outer loop
      vertex -40.875 1.2 19.5
      vertex -40.875 5.9127 26
      vertex -40.875 5.77347 28
    endloop
  endfacet
  facet normal 1 0 0
    outer loop
      vertex -40.875 5.35579 34
      vertex -40.875 1.17241 31.5
      vertex -40.875 5.49502 33
    endloop
  endfacet
  facet normal 1 0 -0
    outer loop
      vertex -40.875 0.965517 34.5
      vertex -40.875 5.35579 35
      vertex -40.875 0.931034 35
    endloop
  endfacet
  facet normal 1 0 0
    outer loop
      vertex -40.875 0.931034 35
      vertex -40.875 5.21656 36
      vertex -40.875 1.1931 36.5
    endloop
  endfacet
  facet normal 1 0 0
    outer loop
      vertex -40.875 5.07733 39
      vertex -40.875 1.1931 37
      vertex -40.875 5.07733 38
    endloop
  endfacet
  facet normal 1 0 -0
    outer loop
      vertex -40.875 1.07586 44.5
      vertex -40.875 4.65965 45
      vertex -40.875 1.04138 45
    endloop
  endfacet
  facet normal 1 0 0
    outer loop
      vertex -40.875 4.52042 46
      vertex -40.875 1.04138 45
      vertex -40.875 4.65965 45
    endloop
  endfacet
  facet normal 1 0 -0
    outer loop
      vertex -40.875 1.0069 45.5
      vertex -40.875 4.52042 46
      vertex -40.875 0.972413 46
    endloop
  endfacet
  facet normal 1 0 0
    outer loop
      vertex -40.875 0.972413 46
      vertex -40.875 4.52042 47
      vertex -40.875 1.2 48
    endloop
  endfacet
  facet normal 1 0 0
    outer loop
      vertex -40.875 4.9381 41
      vertex -40.875 1.1931 37
      vertex -40.875 4.9381 40
    endloop
  endfacet
  facet normal 1 0 0
    outer loop
      vertex -40.875 4.24196 51
      vertex -40.875 1.2 48.5
      vertex -40.875 4.24196 50
    endloop
  endfacet
  facet normal 1 0 0
    outer loop
      vertex -40.875 4.10274 53
      vertex -40.875 1.2 48.5
      vertex -40.875 4.10274 52
    endloop
  endfacet
  facet normal 1 0 0
    outer loop
      vertex -40.875 1.2 48.5
      vertex -40.875 3.96351 54
      vertex -40.875 3.82428 56
    endloop
  endfacet
  facet normal 1 0 0
    outer loop
      vertex -40.875 4.38119 49
      vertex -40.875 1.2 48.5
      vertex -40.875 4.38119 48
    endloop
  endfacet
  facet normal 1 0 0
    outer loop
      vertex -40.875 1.2 48.5
      vertex -40.875 3.68505 58
      vertex -40.875 3.54582 60
    endloop
  endfacet
  facet normal 1 0 0
    outer loop
      vertex -40.875 1.2 48.5
      vertex -40.875 3.54582 60
      vertex -40.875 3.4066 62
    endloop
  endfacet
  facet normal 1 0 0
    outer loop
      vertex -40.875 1.2 48.5
      vertex -40.875 3.4066 62
      vertex -40.875 3.26737 64
    endloop
  endfacet
  facet normal 1 0 0
    outer loop
      vertex -40.875 1.2 48.5
      vertex -40.875 3.26737 64
      vertex -40.875 3.12814 66
    endloop
  endfacet
  facet normal 1 0 0
    outer loop
      vertex -40.875 1.2 48.5
      vertex -40.875 2.98891 68
      vertex -40.875 2.84968 70
    endloop
  endfacet
  facet normal 1 0 0
    outer loop
      vertex -40.875 1.2 48.5
      vertex -40.875 2.84968 70
      vertex -40.875 2.71046 72
    endloop
  endfacet
  facet normal 1 0 0
    outer loop
      vertex -40.875 1.2 48.5
      vertex -40.875 2.71046 72
      vertex -40.875 2.57123 74
    endloop
  endfacet
  facet normal 1 0 0
    outer loop
      vertex -40.875 1.2 48.5
      vertex -40.875 2.57123 74
      vertex -40.875 2.432 76
    endloop
  endfacet
  facet normal 1 0 0
    outer loop
      vertex -40.875 2.98891 68
      vertex -40.875 1.2 48.5
      vertex -40.875 3.12814 66
    endloop
  endfacet
  facet normal 1 0 0
    outer loop
      vertex -40.875 3.68505 58
      vertex -40.875 1.2 48.5
      vertex -40.875 3.82428 56
    endloop
  endfacet
  facet normal 1 0 0
    outer loop
      vertex -40.875 4.38119 48
      vertex -40.875 1.2 48.5
      vertex -40.875 1.2 48
    endloop
  endfacet
  facet normal 1 0 0
    outer loop
      vertex -40.875 1.1931 36.5
      vertex -40.875 5.21656 37
      vertex -40.875 1.1931 37
    endloop
  endfacet
  facet normal 1 0 0
    outer loop
      vertex -40.875 5.63424 30
      vertex -40.875 1.2 19.5
      vertex -40.875 5.77347 28
    endloop
  endfacet
  facet normal 1 0 0
    outer loop
      vertex -40.875 6.33039 21
      vertex -40.875 1.2 19.5
      vertex -40.875 6.33039 20
    endloop
  endfacet
  facet normal 1 0 0
    outer loop
      vertex -40.875 1.2 19
      vertex -40.875 6.33039 20
      vertex -40.875 1.2 19.5
    endloop
  endfacet
  facet normal 1 0 0
    outer loop
      vertex -40.875 6.33039 20
      vertex -40.875 1.2 19
      vertex -40.875 9.4 19
    endloop
  endfacet
  facet normal 1 0 0
    outer loop
      vertex -40.875 1.17241 60.5
      vertex -40.875 2.432 76
      vertex -40.875 1.1931 65.5
    endloop
  endfacet
  facet normal 1 0 0
    outer loop
      vertex -40.875 1.18621 54
      vertex -40.875 2.432 76
      vertex -40.875 1.18621 54.5
    endloop
  endfacet
  facet normal 1 0 0
    outer loop
      vertex -40.875 2.432 76
      vertex -40.875 1.18621 54
      vertex -40.875 1.2 48.5
    endloop
  endfacet
  facet normal 1 -0 0
    outer loop
      vertex -40.875 1.16552 49
      vertex -40.875 1.2 48.5
      vertex -40.875 1.18621 54
    endloop
  endfacet
  facet normal 1 0 0
    outer loop
      vertex -40.875 1.2 48.5
      vertex -40.875 1.16552 49
      vertex -40.875 1.16552 48.5
    endloop
  endfacet
  facet normal 1 0 0
    outer loop
      vertex -40.875 5.49502 32
      vertex -40.875 1.17241 31
      vertex -40.875 5.63424 31
    endloop
  endfacet
  facet normal 1 0 0
    outer loop
      vertex -40.875 1.18621 25
      vertex -40.875 5.63424 30
      vertex -40.875 1.18621 25.5
    endloop
  endfacet
  facet normal 1 0 0
    outer loop
      vertex -40.875 0.993103 22.5
      vertex -40.875 5.63424 30
      vertex -40.875 1.18621 25
    endloop
  endfacet
  facet normal 1 0 0
    outer loop
      vertex -40.875 5.63424 30
      vertex -40.875 1.16552 20
      vertex -40.875 1.2 19.5
    endloop
  endfacet
  facet normal 1 0 0
    outer loop
      vertex -40.875 1.2 19.5
      vertex -40.875 1.16552 20
      vertex -40.875 1.16552 19.5
    endloop
  endfacet
  facet normal 1 0 0
    outer loop
      vertex -40.875 1.05517 68
      vertex -40.875 2.432 76
      vertex -40.875 1.17931 71.5
    endloop
  endfacet
  facet normal 1 0 0
    outer loop
      vertex -40.875 2.432 76
      vertex -40.875 1.15862 66.5
      vertex -40.875 1.1931 66
    endloop
  endfacet
  facet normal 1 0 0
    outer loop
      vertex -40.875 1.1931 66
      vertex -40.875 1.15862 66.5
      vertex -40.875 1.15862 66
    endloop
  endfacet
  facet normal 1 0 0
    outer loop
      vertex -40.875 0.882758 41.5
      vertex -40.875 4.79888 42
      vertex -40.875 1.17931 42.5
    endloop
  endfacet
  facet normal 1 0 0
    outer loop
      vertex -40.875 4.79888 42
      vertex -40.875 1.15862 37.5
      vertex -40.875 1.1931 37
    endloop
  endfacet
  facet normal 1 0 0
    outer loop
      vertex -40.875 1.1931 37
      vertex -40.875 1.15862 37.5
      vertex -40.875 1.15862 37
    endloop
  endfacet
  facet normal 1 0 0
    outer loop
      vertex -40.875 2.432 76
      vertex -40.875 1.17241 60
      vertex -40.875 1.18621 54.5
    endloop
  endfacet
  facet normal 1 -0 0
    outer loop
      vertex -40.875 1.15172 55
      vertex -40.875 1.18621 54.5
      vertex -40.875 1.17241 60
    endloop
  endfacet
  facet normal 1 0 0
    outer loop
      vertex -40.875 1.18621 54.5
      vertex -40.875 1.15172 55
      vertex -40.875 1.15172 54.5
    endloop
  endfacet
  facet normal 1 0 0
    outer loop
      vertex -40.875 0.910344 29.5
      vertex -40.875 5.63424 30
      vertex -40.875 1.17241 31
    endloop
  endfacet
  facet normal 1 0 0
    outer loop
      vertex -40.875 5.63424 30
      vertex -40.875 1.15172 26
      vertex -40.875 1.18621 25.5
    endloop
  endfacet
  facet normal 1 0 0
    outer loop
      vertex -40.875 1.18621 25.5
      vertex -40.875 1.15172 26
      vertex -40.875 1.15172 25.5
    endloop
  endfacet
  facet normal 1 0 0
    outer loop
      vertex -40.875 1.17931 72
      vertex -40.875 1.14483 72.5
      vertex -40.875 1.14483 72
    endloop
  endfacet
  facet normal 1 0 0
    outer loop
      vertex -40.875 1.17931 43
      vertex -40.875 1.14483 43.5
      vertex -40.875 1.14483 43
    endloop
  endfacet
  facet normal 1 0 0
    outer loop
      vertex -40.875 1.17241 60.5
      vertex -40.875 1.13793 61
      vertex -40.875 1.13793 60.5
    endloop
  endfacet
  facet normal 1 0 0
    outer loop
      vertex -40.875 1.17241 31.5
      vertex -40.875 1.13793 32
      vertex -40.875 1.13793 31.5
    endloop
  endfacet
  facet normal 1 0 0
    outer loop
      vertex -40.875 1.16552 49
      vertex -40.875 1.13103 49.5
      vertex -40.875 1.13103 49
    endloop
  endfacet
  facet normal 1 0 0
    outer loop
      vertex -40.875 1.16552 20
      vertex -40.875 1.13103 20.5
      vertex -40.875 1.13103 20
    endloop
  endfacet
  facet normal 1 0 0
    outer loop
      vertex -40.875 1.15862 66.5
      vertex -40.875 1.12414 67
      vertex -40.875 1.12414 66.5
    endloop
  endfacet
  facet normal 1 0 0
    outer loop
      vertex -40.875 1.15862 37.5
      vertex -40.875 1.12414 38
      vertex -40.875 1.12414 37.5
    endloop
  endfacet
  facet normal 1 0 0
    outer loop
      vertex -40.875 1.15172 55
      vertex -40.875 1.11724 55.5
      vertex -40.875 1.11724 55
    endloop
  endfacet
  facet normal 1 0 0
    outer loop
      vertex -40.875 1.15172 26
      vertex -40.875 1.11724 26.5
      vertex -40.875 1.11724 26
    endloop
  endfacet
  facet normal 1 0 0
    outer loop
      vertex -40.875 1.14483 72.5
      vertex -40.875 1.11034 73
      vertex -40.875 1.11034 72.5
    endloop
  endfacet
  facet normal 1 0 0
    outer loop
      vertex -40.875 1.14483 43.5
      vertex -40.875 1.11034 44
      vertex -40.875 1.11034 43.5
    endloop
  endfacet
  facet normal 1 0 0
    outer loop
      vertex -40.875 1.13793 61
      vertex -40.875 1.10345 61.5
      vertex -40.875 1.10345 61
    endloop
  endfacet
  facet normal 1 0 0
    outer loop
      vertex -40.875 1.13793 32
      vertex -40.875 1.10345 32.5
      vertex -40.875 1.10345 32
    endloop
  endfacet
  facet normal 1 0 0
    outer loop
      vertex -40.875 1.13103 49.5
      vertex -40.875 1.09655 50
      vertex -40.875 1.09655 49.5
    endloop
  endfacet
  facet normal 1 0 0
    outer loop
      vertex -40.875 1.13103 20.5
      vertex -40.875 1.09655 21
      vertex -40.875 1.09655 20.5
    endloop
  endfacet
  facet normal 1 0 0
    outer loop
      vertex -40.875 1.12414 67
      vertex -40.875 1.08965 67.5
      vertex -40.875 1.08965 67
    endloop
  endfacet
  facet normal 1 0 0
    outer loop
      vertex -40.875 1.12414 38
      vertex -40.875 1.08965 38.5
      vertex -40.875 1.08965 38
    endloop
  endfacet
  facet normal 1 0 0
    outer loop
      vertex -40.875 1.11724 55.5
      vertex -40.875 1.08276 56
      vertex -40.875 1.08276 55.5
    endloop
  endfacet
  facet normal 1 0 0
    outer loop
      vertex -40.875 1.11724 26.5
      vertex -40.875 1.08276 27
      vertex -40.875 1.08276 26.5
    endloop
  endfacet
  facet normal 1 0 0
    outer loop
      vertex -40.875 1.11034 73
      vertex -40.875 1.07586 73.5
      vertex -40.875 1.07586 73
    endloop
  endfacet
  facet normal 1 0 0
    outer loop
      vertex -40.875 1.11034 44
      vertex -40.875 1.07586 44.5
      vertex -40.875 1.07586 44
    endloop
  endfacet
  facet normal 1 0 0
    outer loop
      vertex -40.875 1.10345 61.5
      vertex -40.875 1.06896 62
      vertex -40.875 1.06896 61.5
    endloop
  endfacet
  facet normal 1 0 0
    outer loop
      vertex -40.875 1.10345 32.5
      vertex -40.875 1.06896 33
      vertex -40.875 1.06896 32.5
    endloop
  endfacet
  facet normal 1 0 0
    outer loop
      vertex -40.875 1.09655 50
      vertex -40.875 1.06207 50.5
      vertex -40.875 1.06207 50
    endloop
  endfacet
  facet normal 1 0 0
    outer loop
      vertex -40.875 1.09655 21
      vertex -40.875 1.06207 21.5
      vertex -40.875 1.06207 21
    endloop
  endfacet
  facet normal 1 0 0
    outer loop
      vertex -40.875 1.08965 67.5
      vertex -40.875 1.05517 68
      vertex -40.875 1.05517 67.5
    endloop
  endfacet
  facet normal 1 0 0
    outer loop
      vertex -40.875 1.08965 38.5
      vertex -40.875 1.05517 39
      vertex -40.875 1.05517 38.5
    endloop
  endfacet
  facet normal 1 0 0
    outer loop
      vertex -40.875 1.08276 56
      vertex -40.875 1.04827 56.5
      vertex -40.875 1.04827 56
    endloop
  endfacet
  facet normal 1 0 0
    outer loop
      vertex -40.875 1.08276 27
      vertex -40.875 1.04827 27.5
      vertex -40.875 1.04827 27
    endloop
  endfacet
  facet normal 1 0 0
    outer loop
      vertex -40.875 1.07586 73.5
      vertex -40.875 1.04138 74
      vertex -40.875 1.04138 73.5
    endloop
  endfacet
  facet normal 1 0 0
    outer loop
      vertex -40.875 1.07586 44.5
      vertex -40.875 1.04138 45
      vertex -40.875 1.04138 44.5
    endloop
  endfacet
  facet normal 1 0 0
    outer loop
      vertex -40.875 1.06896 62
      vertex -40.875 1.03448 62.5
      vertex -40.875 1.03448 62
    endloop
  endfacet
  facet normal 1 0 0
    outer loop
      vertex -40.875 1.06896 33
      vertex -40.875 1.03448 33.5
      vertex -40.875 1.03448 33
    endloop
  endfacet
  facet normal 1 0 0
    outer loop
      vertex -40.875 1.06207 50.5
      vertex -40.875 1.02759 51
      vertex -40.875 1.02759 50.5
    endloop
  endfacet
  facet normal 1 0 0
    outer loop
      vertex -40.875 1.06207 21.5
      vertex -40.875 1.02759 22
      vertex -40.875 1.02759 21.5
    endloop
  endfacet
  facet normal 1 0 0
    outer loop
      vertex -40.875 1.05517 68
      vertex -40.875 1.02069 68.5
      vertex -40.875 1.02069 68
    endloop
  endfacet
  facet normal 1 0 0
    outer loop
      vertex -40.875 1.05517 39
      vertex -40.875 1.02069 39.5
      vertex -40.875 1.02069 39
    endloop
  endfacet
  facet normal 1 0 0
    outer loop
      vertex -40.875 1.04827 56.5
      vertex -40.875 1.01379 57
      vertex -40.875 1.01379 56.5
    endloop
  endfacet
  facet normal 1 0 0
    outer loop
      vertex -40.875 1.04827 27.5
      vertex -40.875 1.01379 28
      vertex -40.875 1.01379 27.5
    endloop
  endfacet
  facet normal 1 0 0
    outer loop
      vertex -40.875 1.04138 74
      vertex -40.875 1.0069 74.5
      vertex -40.875 1.0069 74
    endloop
  endfacet
  facet normal 1 0 0
    outer loop
      vertex -40.875 1.04138 45
      vertex -40.875 1.0069 45.5
      vertex -40.875 1.0069 45
    endloop
  endfacet
  facet normal 1 0 0
    outer loop
      vertex -40.875 1.03448 62.5
      vertex -40.875 1 63
      vertex -40.875 1 62.5
    endloop
  endfacet
  facet normal 1 0 0
    outer loop
      vertex -40.875 1.03448 33.5
      vertex -40.875 1 34
      vertex -40.875 1 33.5
    endloop
  endfacet
  facet normal 1 0 0
    outer loop
      vertex -40.875 1.02759 51
      vertex -40.875 0.993103 51.5
      vertex -40.875 0.993103 51
    endloop
  endfacet
  facet normal 1 0 0
    outer loop
      vertex -40.875 1.02759 22
      vertex -40.875 0.993103 22.5
      vertex -40.875 0.993103 22
    endloop
  endfacet
  facet normal 1 0 0
    outer loop
      vertex -40.875 1.02069 68.5
      vertex -40.875 0.986206 69
      vertex -40.875 0.986206 68.5
    endloop
  endfacet
  facet normal 1 0 0
    outer loop
      vertex -40.875 1.02069 39.5
      vertex -40.875 0.986206 40
      vertex -40.875 0.986206 39.5
    endloop
  endfacet
  facet normal 1 0 0
    outer loop
      vertex -40.875 1.01379 57
      vertex -40.875 0.97931 57.5
      vertex -40.875 0.97931 57
    endloop
  endfacet
  facet normal 1 0 0
    outer loop
      vertex -40.875 1.01379 28
      vertex -40.875 0.97931 28.5
      vertex -40.875 0.97931 28
    endloop
  endfacet
  facet normal 1 0 0
    outer loop
      vertex -40.875 1.0069 74.5
      vertex -40.875 0.972413 75
      vertex -40.875 0.972413 74.5
    endloop
  endfacet
  facet normal 1 0 0
    outer loop
      vertex -40.875 1.0069 45.5
      vertex -40.875 0.972413 46
      vertex -40.875 0.972413 45.5
    endloop
  endfacet
  facet normal 1 0 0
    outer loop
      vertex -40.875 1 63
      vertex -40.875 0.965517 63.5
      vertex -40.875 0.965517 63
    endloop
  endfacet
  facet normal 1 0 0
    outer loop
      vertex -40.875 1 34
      vertex -40.875 0.965517 34.5
      vertex -40.875 0.965517 34
    endloop
  endfacet
  facet normal 1 0 0
    outer loop
      vertex -40.875 0.993103 51.5
      vertex -40.875 0.95862 52
      vertex -40.875 0.95862 51.5
    endloop
  endfacet
  facet normal 1 0 0
    outer loop
      vertex -40.875 0.993103 22.5
      vertex -40.875 0.95862 23
      vertex -40.875 0.95862 22.5
    endloop
  endfacet
  facet normal 1 0 0
    outer loop
      vertex -40.875 0.986206 69
      vertex -40.875 0.951724 69.5
      vertex -40.875 0.951724 69
    endloop
  endfacet
  facet normal 1 0 0
    outer loop
      vertex -40.875 0.986206 40
      vertex -40.875 0.951724 40.5
      vertex -40.875 0.951724 40
    endloop
  endfacet
  facet normal 1 0 0
    outer loop
      vertex -40.875 0.97931 57.5
      vertex -40.875 0.944827 58
      vertex -40.875 0.944827 57.5
    endloop
  endfacet
  facet normal 1 0 0
    outer loop
      vertex -40.875 0.97931 28.5
      vertex -40.875 0.944827 29
      vertex -40.875 0.944827 28.5
    endloop
  endfacet
  facet normal 1 0 0
    outer loop
      vertex -40.875 0.972413 75
      vertex -40.875 0.93793 75.5
      vertex -40.875 0.93793 75
    endloop
  endfacet
  facet normal 1 0 0
    outer loop
      vertex -40.875 0.972413 46
      vertex -40.875 0.93793 46.5
      vertex -40.875 0.93793 46
    endloop
  endfacet
  facet normal 1 0 0
    outer loop
      vertex -40.875 0.965517 63.5
      vertex -40.875 0.931034 64
      vertex -40.875 0.931034 63.5
    endloop
  endfacet
  facet normal 1 0 0
    outer loop
      vertex -40.875 0.965517 34.5
      vertex -40.875 0.931034 35
      vertex -40.875 0.931034 34.5
    endloop
  endfacet
  facet normal 1 0 0
    outer loop
      vertex -40.875 0.95862 52
      vertex -40.875 0.924137 52.5
      vertex -40.875 0.924137 52
    endloop
  endfacet
  facet normal 1 0 0
    outer loop
      vertex -40.875 0.95862 23
      vertex -40.875 0.924137 23.5
      vertex -40.875 0.924137 23
    endloop
  endfacet
  facet normal 1 0 0
    outer loop
      vertex -40.875 0.951724 69.5
      vertex -40.875 0.917241 70
      vertex -40.875 0.917241 69.5
    endloop
  endfacet
  facet normal 1 0 0
    outer loop
      vertex -40.875 0.951724 40.5
      vertex -40.875 0.917241 41
      vertex -40.875 0.917241 40.5
    endloop
  endfacet
  facet normal 1 0 0
    outer loop
      vertex -40.875 0.944827 58
      vertex -40.875 0.910344 58.5
      vertex -40.875 0.910344 58
    endloop
  endfacet
  facet normal 1 0 0
    outer loop
      vertex -40.875 0.944827 29
      vertex -40.875 0.910344 29.5
      vertex -40.875 0.910344 29
    endloop
  endfacet
  facet normal 1 0 0
    outer loop
      vertex -40.875 0.93793 75.5
      vertex -40.875 0.903448 76
      vertex -40.875 0.903448 75.5
    endloop
  endfacet
  facet normal 1 0 0
    outer loop
      vertex -40.875 0.93793 46.5
      vertex -40.875 0.903448 47
      vertex -40.875 0.903448 46.5
    endloop
  endfacet
  facet normal 1 0 0
    outer loop
      vertex -40.875 0.931034 64
      vertex -40.875 0.896551 64.5
      vertex -40.875 0.896551 64
    endloop
  endfacet
  facet normal 1 0 0
    outer loop
      vertex -40.875 0.931034 35
      vertex -40.875 0.896551 35.5
      vertex -40.875 0.896551 35
    endloop
  endfacet
  facet normal 1 0 0
    outer loop
      vertex -40.875 0.924137 52.5
      vertex -40.875 0.889655 53
      vertex -40.875 0.889655 52.5
    endloop
  endfacet
  facet normal 1 0 0
    outer loop
      vertex -40.875 0.924137 23.5
      vertex -40.875 0.889655 24
      vertex -40.875 0.889655 23.5
    endloop
  endfacet
  facet normal 1 0 0
    outer loop
      vertex -40.875 0.917241 70
      vertex -40.875 0.882758 70.5
      vertex -40.875 0.882758 70
    endloop
  endfacet
  facet normal 1 0 0
    outer loop
      vertex -40.875 0.917241 41
      vertex -40.875 0.882758 41.5
      vertex -40.875 0.882758 41
    endloop
  endfacet
  facet normal 1 0 0
    outer loop
      vertex -40.875 0.910344 58.5
      vertex -40.875 0.875861 59
      vertex -40.875 0.875861 58.5
    endloop
  endfacet
  facet normal 1 0 0
    outer loop
      vertex -40.875 0.910344 29.5
      vertex -40.875 0.875861 30
      vertex -40.875 0.875861 29.5
    endloop
  endfacet
  facet normal 1 0 0
    outer loop
      vertex -40.875 0.903448 76
      vertex -40.875 0.868965 76.5
      vertex -40.875 0.868965 76
    endloop
  endfacet
  facet normal 1 0 0
    outer loop
      vertex -40.875 0.903448 47
      vertex -40.875 0.868965 47.5
      vertex -40.875 0.868965 47
    endloop
  endfacet
  facet normal 1 0 0
    outer loop
      vertex -40.875 0.896551 64.5
      vertex -40.875 0.862068 65
      vertex -40.875 0.862068 64.5
    endloop
  endfacet
  facet normal 1 0 0
    outer loop
      vertex -40.875 0.896551 35.5
      vertex -40.875 0.862068 36
      vertex -40.875 0.862068 35.5
    endloop
  endfacet
  facet normal 1 0 0
    outer loop
      vertex -40.875 0.889655 53
      vertex -40.875 0.855172 53.5
      vertex -40.875 0.855172 53
    endloop
  endfacet
  facet normal 1 0 0
    outer loop
      vertex -40.875 0.889655 24
      vertex -40.875 0.855172 24.5
      vertex -40.875 0.855172 24
    endloop
  endfacet
  facet normal 1 0 0
    outer loop
      vertex -40.875 0.882758 70.5
      vertex -40.875 0.848275 71
      vertex -40.875 0.848275 70.5
    endloop
  endfacet
  facet normal 1 0 0
    outer loop
      vertex -40.875 0.882758 41.5
      vertex -40.875 0.848275 42
      vertex -40.875 0.848275 41.5
    endloop
  endfacet
  facet normal 1 0 0
    outer loop
      vertex -40.875 0.875861 59
      vertex -40.875 0.841379 59.5
      vertex -40.875 0.841379 59
    endloop
  endfacet
  facet normal 1 0 0
    outer loop
      vertex -40.875 0.875861 30
      vertex -40.875 0.841379 30.5
      vertex -40.875 0.841379 30
    endloop
  endfacet
  facet normal 0.998041 -0 0.0625567
    outer loop
      vertex -40.8706 -9.4 18.7906
      vertex -40.8575 9.4 18.5816
      vertex -40.8706 9.4 18.7906
    endloop
  endfacet
  facet normal 0.998041 0 0.0625567
    outer loop
      vertex -40.8575 9.4 18.5816
      vertex -40.8706 -9.4 18.7906
      vertex -40.8575 -9.4 18.5816
    endloop
  endfacet
  facet normal 0.999779 -0 0.0210078
    outer loop
      vertex -40.875 1.2 19
      vertex -40.8706 9.4 18.7906
      vertex -40.875 9.4 19
    endloop
  endfacet
  facet normal 0.999779 -0 0.0210078
    outer loop
      vertex -40.875 -1.2 19
      vertex -40.8706 9.4 18.7906
      vertex -40.875 1.2 19
    endloop
  endfacet
  facet normal 0.999779 0 0.0210078
    outer loop
      vertex -40.8706 -9.4 18.7906
      vertex -40.875 -1.2 19
      vertex -40.875 -9.4 19
    endloop
  endfacet
  facet normal 0.999779 0 0.0210078
    outer loop
      vertex -40.875 -1.2 19
      vertex -40.8706 -9.4 18.7906
      vertex -40.8706 9.4 18.7906
    endloop
  endfacet
  facet normal 0.994492 -0 0.104812
    outer loop
      vertex -40.8575 -9.4 18.5816
      vertex -40.8489 9.4 18.5
      vertex -40.8575 9.4 18.5816
    endloop
  endfacet
  facet normal 0.994492 0 0.104812
    outer loop
      vertex -40.8489 9.4 18.5
      vertex -40.8575 -9.4 18.5816
      vertex -40.8489 -9.4 18.5
    endloop
  endfacet
  facet normal -0 0 1
    outer loop
      vertex -45.375 2.432 77
      vertex -40.875 0.834482 77
      vertex -40.875 2.432 77
    endloop
  endfacet
  facet normal 0 0 1
    outer loop
      vertex -40.875 0.834482 77
      vertex -45.375 2.432 77
      vertex -45.375 0.834482 77
    endloop
  endfacet
  facet normal -0 0 1
    outer loop
      vertex -45.375 -0.834482 77
      vertex -40.875 -2.432 77
      vertex -40.875 -0.834482 77
    endloop
  endfacet
  facet normal 0 0 1
    outer loop
      vertex -40.875 -2.432 77
      vertex -45.375 -0.834482 77
      vertex -45.375 -2.432 77
    endloop
  endfacet
  facet normal 0 0 -1
    outer loop
      vertex -45.375 -1.2 19.5
      vertex -40.875 -1.16552 19.5
      vertex -40.875 -1.2 19.5
    endloop
  endfacet
  facet normal -0 0 -1
    outer loop
      vertex -40.875 -1.16552 19.5
      vertex -45.375 -1.2 19.5
      vertex -45.375 -1.16552 19.5
    endloop
  endfacet
  facet normal 0 0 -1
    outer loop
      vertex -45.375 1.16552 19.5
      vertex -40.875 1.2 19.5
      vertex -40.875 1.16552 19.5
    endloop
  endfacet
  facet normal -0 0 -1
    outer loop
      vertex -40.875 1.2 19.5
      vertex -45.375 1.16552 19.5
      vertex -45.375 1.2 19.5
    endloop
  endfacet
  facet normal -0 0 1
    outer loop
      vertex -45.375 1.2 19
      vertex -40.875 -1.2 19
      vertex -40.875 1.2 19
    endloop
  endfacet
  facet normal 0 0 1
    outer loop
      vertex -40.875 -1.2 19
      vertex -45.375 1.2 19
      vertex -45.375 -1.2 19
    endloop
  endfacet
  facet normal 0 -1 0
    outer loop
      vertex -45.375 1.2 19
      vertex -40.875 1.2 19.5
      vertex -45.375 1.2 19.5
    endloop
  endfacet
  facet normal 0 -1 -0
    outer loop
      vertex -40.875 1.2 19.5
      vertex -45.375 1.2 19
      vertex -40.875 1.2 19
    endloop
  endfacet
  facet normal 0 1 -0
    outer loop
      vertex -40.875 -1.2 19
      vertex -45.375 -1.2 19.5
      vertex -40.875 -1.2 19.5
    endloop
  endfacet
  facet normal 0 1 0
    outer loop
      vertex -45.375 -1.2 19.5
      vertex -40.875 -1.2 19
      vertex -45.375 -1.2 19
    endloop
  endfacet
  facet normal 0 0 -1
    outer loop
      vertex -45.375 -1.16552 20
      vertex -40.875 -1.13103 20
      vertex -40.875 -1.16552 20
    endloop
  endfacet
  facet normal -0 0 -1
    outer loop
      vertex -40.875 -1.13103 20
      vertex -45.375 -1.16552 20
      vertex -45.375 -1.13103 20
    endloop
  endfacet
  facet normal 0 0 -1
    outer loop
      vertex -45.375 1.13103 20
      vertex -40.875 1.16552 20
      vertex -40.875 1.13103 20
    endloop
  endfacet
  facet normal -0 0 -1
    outer loop
      vertex -40.875 1.16552 20
      vertex -45.375 1.13103 20
      vertex -45.375 1.16552 20
    endloop
  endfacet
  facet normal 0 -1 0
    outer loop
      vertex -45.375 1.16552 19.5
      vertex -40.875 1.16552 20
      vertex -45.375 1.16552 20
    endloop
  endfacet
  facet normal 0 -1 -0
    outer loop
      vertex -40.875 1.16552 20
      vertex -45.375 1.16552 19.5
      vertex -40.875 1.16552 19.5
    endloop
  endfacet
  facet normal 0 1 -0
    outer loop
      vertex -40.875 -1.16552 19.5
      vertex -45.375 -1.16552 20
      vertex -40.875 -1.16552 20
    endloop
  endfacet
  facet normal 0 1 0
    outer loop
      vertex -45.375 -1.16552 20
      vertex -40.875 -1.16552 19.5
      vertex -45.375 -1.16552 19.5
    endloop
  endfacet
  facet normal 0 0 -1
    outer loop
      vertex -45.375 -1.13103 20.5
      vertex -40.875 -1.09655 20.5
      vertex -40.875 -1.13103 20.5
    endloop
  endfacet
  facet normal -0 0 -1
    outer loop
      vertex -40.875 -1.09655 20.5
      vertex -45.375 -1.13103 20.5
      vertex -45.375 -1.09655 20.5
    endloop
  endfacet
  facet normal 0 0 -1
    outer loop
      vertex -45.375 1.09655 20.5
      vertex -40.875 1.13103 20.5
      vertex -40.875 1.09655 20.5
    endloop
  endfacet
  facet normal -0 0 -1
    outer loop
      vertex -40.875 1.13103 20.5
      vertex -45.375 1.09655 20.5
      vertex -45.375 1.13103 20.5
    endloop
  endfacet
  facet normal 0 -1 0
    outer loop
      vertex -45.375 1.13103 20
      vertex -40.875 1.13103 20.5
      vertex -45.375 1.13103 20.5
    endloop
  endfacet
  facet normal 0 -1 -0
    outer loop
      vertex -40.875 1.13103 20.5
      vertex -45.375 1.13103 20
      vertex -40.875 1.13103 20
    endloop
  endfacet
  facet normal 0 1 -0
    outer loop
      vertex -40.875 -1.13103 20
      vertex -45.375 -1.13103 20.5
      vertex -40.875 -1.13103 20.5
    endloop
  endfacet
  facet normal 0 1 0
    outer loop
      vertex -45.375 -1.13103 20.5
      vertex -40.875 -1.13103 20
      vertex -45.375 -1.13103 20
    endloop
  endfacet
  facet normal 0 0 -1
    outer loop
      vertex -45.375 -1.09655 21
      vertex -40.875 -1.06207 21
      vertex -40.875 -1.09655 21
    endloop
  endfacet
  facet normal -0 0 -1
    outer loop
      vertex -40.875 -1.06207 21
      vertex -45.375 -1.09655 21
      vertex -45.375 -1.06207 21
    endloop
  endfacet
  facet normal 0 0 -1
    outer loop
      vertex -45.375 1.06207 21
      vertex -40.875 1.09655 21
      vertex -40.875 1.06207 21
    endloop
  endfacet
  facet normal -0 0 -1
    outer loop
      vertex -40.875 1.09655 21
      vertex -45.375 1.06207 21
      vertex -45.375 1.09655 21
    endloop
  endfacet
  facet normal 0 -1 0
    outer loop
      vertex -45.375 1.09655 20.5
      vertex -40.875 1.09655 21
      vertex -45.375 1.09655 21
    endloop
  endfacet
  facet normal 0 -1 -0
    outer loop
      vertex -40.875 1.09655 21
      vertex -45.375 1.09655 20.5
      vertex -40.875 1.09655 20.5
    endloop
  endfacet
  facet normal 0 1 -0
    outer loop
      vertex -40.875 -1.09655 20.5
      vertex -45.375 -1.09655 21
      vertex -40.875 -1.09655 21
    endloop
  endfacet
  facet normal 0 1 0
    outer loop
      vertex -45.375 -1.09655 21
      vertex -40.875 -1.09655 20.5
      vertex -45.375 -1.09655 20.5
    endloop
  endfacet
  facet normal 0 0 -1
    outer loop
      vertex -45.375 -1.06207 21.5
      vertex -40.875 -1.02759 21.5
      vertex -40.875 -1.06207 21.5
    endloop
  endfacet
  facet normal -0 0 -1
    outer loop
      vertex -40.875 -1.02759 21.5
      vertex -45.375 -1.06207 21.5
      vertex -45.375 -1.02759 21.5
    endloop
  endfacet
  facet normal 0 0 -1
    outer loop
      vertex -45.375 1.02759 21.5
      vertex -40.875 1.06207 21.5
      vertex -40.875 1.02759 21.5
    endloop
  endfacet
  facet normal -0 0 -1
    outer loop
      vertex -40.875 1.06207 21.5
      vertex -45.375 1.02759 21.5
      vertex -45.375 1.06207 21.5
    endloop
  endfacet
  facet normal 0 -1 0
    outer loop
      vertex -45.375 1.06207 21
      vertex -40.875 1.06207 21.5
      vertex -45.375 1.06207 21.5
    endloop
  endfacet
  facet normal 0 -1 -0
    outer loop
      vertex -40.875 1.06207 21.5
      vertex -45.375 1.06207 21
      vertex -40.875 1.06207 21
    endloop
  endfacet
  facet normal 0 1 -0
    outer loop
      vertex -40.875 -1.06207 21
      vertex -45.375 -1.06207 21.5
      vertex -40.875 -1.06207 21.5
    endloop
  endfacet
  facet normal 0 1 0
    outer loop
      vertex -45.375 -1.06207 21.5
      vertex -40.875 -1.06207 21
      vertex -45.375 -1.06207 21
    endloop
  endfacet
  facet normal 0 0 -1
    outer loop
      vertex -45.375 -1.02759 22
      vertex -40.875 -0.993103 22
      vertex -40.875 -1.02759 22
    endloop
  endfacet
  facet normal -0 0 -1
    outer loop
      vertex -40.875 -0.993103 22
      vertex -45.375 -1.02759 22
      vertex -45.375 -0.993103 22
    endloop
  endfacet
  facet normal 0 0 -1
    outer loop
      vertex -45.375 0.993103 22
      vertex -40.875 1.02759 22
      vertex -40.875 0.993103 22
    endloop
  endfacet
  facet normal -0 0 -1
    outer loop
      vertex -40.875 1.02759 22
      vertex -45.375 0.993103 22
      vertex -45.375 1.02759 22
    endloop
  endfacet
  facet normal 0 -1 0
    outer loop
      vertex -45.375 1.02759 21.5
      vertex -40.875 1.02759 22
      vertex -45.375 1.02759 22
    endloop
  endfacet
  facet normal 0 -1 -0
    outer loop
      vertex -40.875 1.02759 22
      vertex -45.375 1.02759 21.5
      vertex -40.875 1.02759 21.5
    endloop
  endfacet
  facet normal 0 1 -0
    outer loop
      vertex -40.875 -1.02759 21.5
      vertex -45.375 -1.02759 22
      vertex -40.875 -1.02759 22
    endloop
  endfacet
  facet normal 0 1 0
    outer loop
      vertex -45.375 -1.02759 22
      vertex -40.875 -1.02759 21.5
      vertex -45.375 -1.02759 21.5
    endloop
  endfacet
  facet normal 0 0 -1
    outer loop
      vertex -45.375 -0.993103 22.5
      vertex -40.875 -0.95862 22.5
      vertex -40.875 -0.993103 22.5
    endloop
  endfacet
  facet normal -0 0 -1
    outer loop
      vertex -40.875 -0.95862 22.5
      vertex -45.375 -0.993103 22.5
      vertex -45.375 -0.95862 22.5
    endloop
  endfacet
  facet normal 0 0 -1
    outer loop
      vertex -45.375 0.95862 22.5
      vertex -40.875 0.993103 22.5
      vertex -40.875 0.95862 22.5
    endloop
  endfacet
  facet normal -0 0 -1
    outer loop
      vertex -40.875 0.993103 22.5
      vertex -45.375 0.95862 22.5
      vertex -45.375 0.993103 22.5
    endloop
  endfacet
  facet normal 0 -1 0
    outer loop
      vertex -45.375 0.993103 22
      vertex -40.875 0.993103 22.5
      vertex -45.375 0.993103 22.5
    endloop
  endfacet
  facet normal 0 -1 -0
    outer loop
      vertex -40.875 0.993103 22.5
      vertex -45.375 0.993103 22
      vertex -40.875 0.993103 22
    endloop
  endfacet
  facet normal 0 1 -0
    outer loop
      vertex -40.875 -0.993103 22
      vertex -45.375 -0.993103 22.5
      vertex -40.875 -0.993103 22.5
    endloop
  endfacet
  facet normal 0 1 0
    outer loop
      vertex -45.375 -0.993103 22.5
      vertex -40.875 -0.993103 22
      vertex -45.375 -0.993103 22
    endloop
  endfacet
  facet normal 0 0 -1
    outer loop
      vertex -45.375 -0.95862 23
      vertex -40.875 -0.924137 23
      vertex -40.875 -0.95862 23
    endloop
  endfacet
  facet normal -0 0 -1
    outer loop
      vertex -40.875 -0.924137 23
      vertex -45.375 -0.95862 23
      vertex -45.375 -0.924137 23
    endloop
  endfacet
  facet normal 0 0 -1
    outer loop
      vertex -45.375 0.924137 23
      vertex -40.875 0.95862 23
      vertex -40.875 0.924137 23
    endloop
  endfacet
  facet normal -0 0 -1
    outer loop
      vertex -40.875 0.95862 23
      vertex -45.375 0.924137 23
      vertex -45.375 0.95862 23
    endloop
  endfacet
  facet normal 0 -1 0
    outer loop
      vertex -45.375 0.95862 22.5
      vertex -40.875 0.95862 23
      vertex -45.375 0.95862 23
    endloop
  endfacet
  facet normal 0 -1 -0
    outer loop
      vertex -40.875 0.95862 23
      vertex -45.375 0.95862 22.5
      vertex -40.875 0.95862 22.5
    endloop
  endfacet
  facet normal 0 1 -0
    outer loop
      vertex -40.875 -0.95862 22.5
      vertex -45.375 -0.95862 23
      vertex -40.875 -0.95862 23
    endloop
  endfacet
  facet normal 0 1 0
    outer loop
      vertex -45.375 -0.95862 23
      vertex -40.875 -0.95862 22.5
      vertex -45.375 -0.95862 22.5
    endloop
  endfacet
  facet normal 0 0 -1
    outer loop
      vertex -45.375 -0.924137 23.5
      vertex -40.875 -0.889655 23.5
      vertex -40.875 -0.924137 23.5
    endloop
  endfacet
  facet normal -0 0 -1
    outer loop
      vertex -40.875 -0.889655 23.5
      vertex -45.375 -0.924137 23.5
      vertex -45.375 -0.889655 23.5
    endloop
  endfacet
  facet normal 0 0 -1
    outer loop
      vertex -45.375 0.889655 23.5
      vertex -40.875 0.924137 23.5
      vertex -40.875 0.889655 23.5
    endloop
  endfacet
  facet normal -0 0 -1
    outer loop
      vertex -40.875 0.924137 23.5
      vertex -45.375 0.889655 23.5
      vertex -45.375 0.924137 23.5
    endloop
  endfacet
  facet normal 0 -1 0
    outer loop
      vertex -45.375 0.924137 23
      vertex -40.875 0.924137 23.5
      vertex -45.375 0.924137 23.5
    endloop
  endfacet
  facet normal 0 -1 -0
    outer loop
      vertex -40.875 0.924137 23.5
      vertex -45.375 0.924137 23
      vertex -40.875 0.924137 23
    endloop
  endfacet
  facet normal 0 1 -0
    outer loop
      vertex -40.875 -0.924137 23
      vertex -45.375 -0.924137 23.5
      vertex -40.875 -0.924137 23.5
    endloop
  endfacet
  facet normal 0 1 0
    outer loop
      vertex -45.375 -0.924137 23.5
      vertex -40.875 -0.924137 23
      vertex -45.375 -0.924137 23
    endloop
  endfacet
  facet normal 0 0 -1
    outer loop
      vertex -45.375 -0.889655 24
      vertex -40.875 -0.855172 24
      vertex -40.875 -0.889655 24
    endloop
  endfacet
  facet normal -0 0 -1
    outer loop
      vertex -40.875 -0.855172 24
      vertex -45.375 -0.889655 24
      vertex -45.375 -0.855172 24
    endloop
  endfacet
  facet normal 0 0 -1
    outer loop
      vertex -45.375 0.855172 24
      vertex -40.875 0.889655 24
      vertex -40.875 0.855172 24
    endloop
  endfacet
  facet normal -0 0 -1
    outer loop
      vertex -40.875 0.889655 24
      vertex -45.375 0.855172 24
      vertex -45.375 0.889655 24
    endloop
  endfacet
  facet normal 0 -1 0
    outer loop
      vertex -45.375 0.889655 23.5
      vertex -40.875 0.889655 24
      vertex -45.375 0.889655 24
    endloop
  endfacet
  facet normal 0 -1 -0
    outer loop
      vertex -40.875 0.889655 24
      vertex -45.375 0.889655 23.5
      vertex -40.875 0.889655 23.5
    endloop
  endfacet
  facet normal 0 1 -0
    outer loop
      vertex -40.875 -0.889655 23.5
      vertex -45.375 -0.889655 24
      vertex -40.875 -0.889655 24
    endloop
  endfacet
  facet normal 0 1 0
    outer loop
      vertex -45.375 -0.889655 24
      vertex -40.875 -0.889655 23.5
      vertex -45.375 -0.889655 23.5
    endloop
  endfacet
  facet normal 0 0 -1
    outer loop
      vertex -45.375 -0.855172 24.5
      vertex -40.875 -0.820689 24.5
      vertex -40.875 -0.855172 24.5
    endloop
  endfacet
  facet normal -0 0 -1
    outer loop
      vertex -40.875 -0.820689 24.5
      vertex -45.375 -0.855172 24.5
      vertex -45.375 -0.820689 24.5
    endloop
  endfacet
  facet normal 0 0 -1
    outer loop
      vertex -45.375 0.820689 24.5
      vertex -40.875 0.855172 24.5
      vertex -40.875 0.820689 24.5
    endloop
  endfacet
  facet normal -0 0 -1
    outer loop
      vertex -40.875 0.855172 24.5
      vertex -45.375 0.820689 24.5
      vertex -45.375 0.855172 24.5
    endloop
  endfacet
  facet normal 0 -1 0
    outer loop
      vertex -45.375 0.855172 24
      vertex -40.875 0.855172 24.5
      vertex -45.375 0.855172 24.5
    endloop
  endfacet
  facet normal 0 -1 -0
    outer loop
      vertex -40.875 0.855172 24.5
      vertex -45.375 0.855172 24
      vertex -40.875 0.855172 24
    endloop
  endfacet
  facet normal 0 1 -0
    outer loop
      vertex -40.875 -0.855172 24
      vertex -45.375 -0.855172 24.5
      vertex -40.875 -0.855172 24.5
    endloop
  endfacet
  facet normal 0 1 0
    outer loop
      vertex -45.375 -0.855172 24.5
      vertex -40.875 -0.855172 24
      vertex -45.375 -0.855172 24
    endloop
  endfacet
  facet normal -0 0 1
    outer loop
      vertex -45.375 -0.820689 25
      vertex -40.875 -1.18621 25
      vertex -40.875 -0.820689 25
    endloop
  endfacet
  facet normal 0 0 1
    outer loop
      vertex -40.875 -1.18621 25
      vertex -45.375 -0.820689 25
      vertex -45.375 -1.18621 25
    endloop
  endfacet
  facet normal -0 0 1
    outer loop
      vertex -45.375 1.18621 25
      vertex -40.875 0.820689 25
      vertex -40.875 1.18621 25
    endloop
  endfacet
  facet normal 0 0 1
    outer loop
      vertex -40.875 0.820689 25
      vertex -45.375 1.18621 25
      vertex -45.375 0.820689 25
    endloop
  endfacet
  facet normal 0 -1 0
    outer loop
      vertex -45.375 0.820689 24.5
      vertex -40.875 0.820689 25
      vertex -45.375 0.820689 25
    endloop
  endfacet
  facet normal 0 -1 -0
    outer loop
      vertex -40.875 0.820689 25
      vertex -45.375 0.820689 24.5
      vertex -40.875 0.820689 24.5
    endloop
  endfacet
  facet normal 0 1 -0
    outer loop
      vertex -40.875 -0.820689 24.5
      vertex -45.375 -0.820689 25
      vertex -40.875 -0.820689 25
    endloop
  endfacet
  facet normal 0 1 0
    outer loop
      vertex -45.375 -0.820689 25
      vertex -40.875 -0.820689 24.5
      vertex -45.375 -0.820689 24.5
    endloop
  endfacet
  facet normal 0 0 -1
    outer loop
      vertex -45.375 -1.18621 25.5
      vertex -40.875 -1.15172 25.5
      vertex -40.875 -1.18621 25.5
    endloop
  endfacet
  facet normal -0 0 -1
    outer loop
      vertex -40.875 -1.15172 25.5
      vertex -45.375 -1.18621 25.5
      vertex -45.375 -1.15172 25.5
    endloop
  endfacet
  facet normal 0 0 -1
    outer loop
      vertex -45.375 1.15172 25.5
      vertex -40.875 1.18621 25.5
      vertex -40.875 1.15172 25.5
    endloop
  endfacet
  facet normal -0 0 -1
    outer loop
      vertex -40.875 1.18621 25.5
      vertex -45.375 1.15172 25.5
      vertex -45.375 1.18621 25.5
    endloop
  endfacet
  facet normal 0 -1 0
    outer loop
      vertex -45.375 1.18621 25
      vertex -40.875 1.18621 25.5
      vertex -45.375 1.18621 25.5
    endloop
  endfacet
  facet normal 0 -1 -0
    outer loop
      vertex -40.875 1.18621 25.5
      vertex -45.375 1.18621 25
      vertex -40.875 1.18621 25
    endloop
  endfacet
  facet normal 0 1 -0
    outer loop
      vertex -40.875 -1.18621 25
      vertex -45.375 -1.18621 25.5
      vertex -40.875 -1.18621 25.5
    endloop
  endfacet
  facet normal 0 1 0
    outer loop
      vertex -45.375 -1.18621 25.5
      vertex -40.875 -1.18621 25
      vertex -45.375 -1.18621 25
    endloop
  endfacet
  facet normal 0 0 -1
    outer loop
      vertex -45.375 -1.15172 26
      vertex -40.875 -1.11724 26
      vertex -40.875 -1.15172 26
    endloop
  endfacet
  facet normal -0 0 -1
    outer loop
      vertex -40.875 -1.11724 26
      vertex -45.375 -1.15172 26
      vertex -45.375 -1.11724 26
    endloop
  endfacet
  facet normal 0 0 -1
    outer loop
      vertex -45.375 1.11724 26
      vertex -40.875 1.15172 26
      vertex -40.875 1.11724 26
    endloop
  endfacet
  facet normal -0 0 -1
    outer loop
      vertex -40.875 1.15172 26
      vertex -45.375 1.11724 26
      vertex -45.375 1.15172 26
    endloop
  endfacet
  facet normal 0 -1 0
    outer loop
      vertex -45.375 1.15172 25.5
      vertex -40.875 1.15172 26
      vertex -45.375 1.15172 26
    endloop
  endfacet
  facet normal 0 -1 -0
    outer loop
      vertex -40.875 1.15172 26
      vertex -45.375 1.15172 25.5
      vertex -40.875 1.15172 25.5
    endloop
  endfacet
  facet normal 0 1 -0
    outer loop
      vertex -40.875 -1.15172 25.5
      vertex -45.375 -1.15172 26
      vertex -40.875 -1.15172 26
    endloop
  endfacet
  facet normal 0 1 0
    outer loop
      vertex -45.375 -1.15172 26
      vertex -40.875 -1.15172 25.5
      vertex -45.375 -1.15172 25.5
    endloop
  endfacet
  facet normal 0 0 -1
    outer loop
      vertex -45.375 -1.11724 26.5
      vertex -40.875 -1.08276 26.5
      vertex -40.875 -1.11724 26.5
    endloop
  endfacet
  facet normal -0 0 -1
    outer loop
      vertex -40.875 -1.08276 26.5
      vertex -45.375 -1.11724 26.5
      vertex -45.375 -1.08276 26.5
    endloop
  endfacet
  facet normal 0 0 -1
    outer loop
      vertex -45.375 1.08276 26.5
      vertex -40.875 1.11724 26.5
      vertex -40.875 1.08276 26.5
    endloop
  endfacet
  facet normal -0 0 -1
    outer loop
      vertex -40.875 1.11724 26.5
      vertex -45.375 1.08276 26.5
      vertex -45.375 1.11724 26.5
    endloop
  endfacet
  facet normal 0 -1 0
    outer loop
      vertex -45.375 1.11724 26
      vertex -40.875 1.11724 26.5
      vertex -45.375 1.11724 26.5
    endloop
  endfacet
  facet normal 0 -1 -0
    outer loop
      vertex -40.875 1.11724 26.5
      vertex -45.375 1.11724 26
      vertex -40.875 1.11724 26
    endloop
  endfacet
  facet normal 0 1 -0
    outer loop
      vertex -40.875 -1.11724 26
      vertex -45.375 -1.11724 26.5
      vertex -40.875 -1.11724 26.5
    endloop
  endfacet
  facet normal 0 1 0
    outer loop
      vertex -45.375 -1.11724 26.5
      vertex -40.875 -1.11724 26
      vertex -45.375 -1.11724 26
    endloop
  endfacet
  facet normal 0 0 -1
    outer loop
      vertex -45.375 -1.08276 27
      vertex -40.875 -1.04827 27
      vertex -40.875 -1.08276 27
    endloop
  endfacet
  facet normal -0 0 -1
    outer loop
      vertex -40.875 -1.04827 27
      vertex -45.375 -1.08276 27
      vertex -45.375 -1.04827 27
    endloop
  endfacet
  facet normal 0 0 -1
    outer loop
      vertex -45.375 1.04827 27
      vertex -40.875 1.08276 27
      vertex -40.875 1.04827 27
    endloop
  endfacet
  facet normal -0 0 -1
    outer loop
      vertex -40.875 1.08276 27
      vertex -45.375 1.04827 27
      vertex -45.375 1.08276 27
    endloop
  endfacet
  facet normal 0 -1 0
    outer loop
      vertex -45.375 1.08276 26.5
      vertex -40.875 1.08276 27
      vertex -45.375 1.08276 27
    endloop
  endfacet
  facet normal 0 -1 -0
    outer loop
      vertex -40.875 1.08276 27
      vertex -45.375 1.08276 26.5
      vertex -40.875 1.08276 26.5
    endloop
  endfacet
  facet normal 0 1 -0
    outer loop
      vertex -40.875 -1.08276 26.5
      vertex -45.375 -1.08276 27
      vertex -40.875 -1.08276 27
    endloop
  endfacet
  facet normal 0 1 0
    outer loop
      vertex -45.375 -1.08276 27
      vertex -40.875 -1.08276 26.5
      vertex -45.375 -1.08276 26.5
    endloop
  endfacet
  facet normal 0 0 -1
    outer loop
      vertex -45.375 -1.04827 27.5
      vertex -40.875 -1.01379 27.5
      vertex -40.875 -1.04827 27.5
    endloop
  endfacet
  facet normal -0 0 -1
    outer loop
      vertex -40.875 -1.01379 27.5
      vertex -45.375 -1.04827 27.5
      vertex -45.375 -1.01379 27.5
    endloop
  endfacet
  facet normal 0 0 -1
    outer loop
      vertex -45.375 1.01379 27.5
      vertex -40.875 1.04827 27.5
      vertex -40.875 1.01379 27.5
    endloop
  endfacet
  facet normal -0 0 -1
    outer loop
      vertex -40.875 1.04827 27.5
      vertex -45.375 1.01379 27.5
      vertex -45.375 1.04827 27.5
    endloop
  endfacet
  facet normal 0 -1 0
    outer loop
      vertex -45.375 1.04827 27
      vertex -40.875 1.04827 27.5
      vertex -45.375 1.04827 27.5
    endloop
  endfacet
  facet normal 0 -1 -0
    outer loop
      vertex -40.875 1.04827 27.5
      vertex -45.375 1.04827 27
      vertex -40.875 1.04827 27
    endloop
  endfacet
  facet normal 0 1 -0
    outer loop
      vertex -40.875 -1.04827 27
      vertex -45.375 -1.04827 27.5
      vertex -40.875 -1.04827 27.5
    endloop
  endfacet
  facet normal 0 1 0
    outer loop
      vertex -45.375 -1.04827 27.5
      vertex -40.875 -1.04827 27
      vertex -45.375 -1.04827 27
    endloop
  endfacet
  facet normal 0 0 -1
    outer loop
      vertex -45.375 -1.01379 28
      vertex -40.875 -0.97931 28
      vertex -40.875 -1.01379 28
    endloop
  endfacet
  facet normal -0 0 -1
    outer loop
      vertex -40.875 -0.97931 28
      vertex -45.375 -1.01379 28
      vertex -45.375 -0.97931 28
    endloop
  endfacet
  facet normal 0 0 -1
    outer loop
      vertex -45.375 0.97931 28
      vertex -40.875 1.01379 28
      vertex -40.875 0.97931 28
    endloop
  endfacet
  facet normal -0 0 -1
    outer loop
      vertex -40.875 1.01379 28
      vertex -45.375 0.97931 28
      vertex -45.375 1.01379 28
    endloop
  endfacet
  facet normal 0 -1 0
    outer loop
      vertex -45.375 1.01379 27.5
      vertex -40.875 1.01379 28
      vertex -45.375 1.01379 28
    endloop
  endfacet
  facet normal 0 -1 -0
    outer loop
      vertex -40.875 1.01379 28
      vertex -45.375 1.01379 27.5
      vertex -40.875 1.01379 27.5
    endloop
  endfacet
  facet normal 0 1 -0
    outer loop
      vertex -40.875 -1.01379 27.5
      vertex -45.375 -1.01379 28
      vertex -40.875 -1.01379 28
    endloop
  endfacet
  facet normal 0 1 0
    outer loop
      vertex -45.375 -1.01379 28
      vertex -40.875 -1.01379 27.5
      vertex -45.375 -1.01379 27.5
    endloop
  endfacet
  facet normal 0 0 -1
    outer loop
      vertex -45.375 -0.97931 28.5
      vertex -40.875 -0.944827 28.5
      vertex -40.875 -0.97931 28.5
    endloop
  endfacet
  facet normal -0 0 -1
    outer loop
      vertex -40.875 -0.944827 28.5
      vertex -45.375 -0.97931 28.5
      vertex -45.375 -0.944827 28.5
    endloop
  endfacet
  facet normal 0 0 -1
    outer loop
      vertex -45.375 0.944827 28.5
      vertex -40.875 0.97931 28.5
      vertex -40.875 0.944827 28.5
    endloop
  endfacet
  facet normal -0 0 -1
    outer loop
      vertex -40.875 0.97931 28.5
      vertex -45.375 0.944827 28.5
      vertex -45.375 0.97931 28.5
    endloop
  endfacet
  facet normal 0 -1 0
    outer loop
      vertex -45.375 0.97931 28
      vertex -40.875 0.97931 28.5
      vertex -45.375 0.97931 28.5
    endloop
  endfacet
  facet normal 0 -1 -0
    outer loop
      vertex -40.875 0.97931 28.5
      vertex -45.375 0.97931 28
      vertex -40.875 0.97931 28
    endloop
  endfacet
  facet normal 0 1 -0
    outer loop
      vertex -40.875 -0.97931 28
      vertex -45.375 -0.97931 28.5
      vertex -40.875 -0.97931 28.5
    endloop
  endfacet
  facet normal 0 1 0
    outer loop
      vertex -45.375 -0.97931 28.5
      vertex -40.875 -0.97931 28
      vertex -45.375 -0.97931 28
    endloop
  endfacet
  facet normal 0 0 -1
    outer loop
      vertex -45.375 -0.944827 29
      vertex -40.875 -0.910344 29
      vertex -40.875 -0.944827 29
    endloop
  endfacet
  facet normal -0 0 -1
    outer loop
      vertex -40.875 -0.910344 29
      vertex -45.375 -0.944827 29
      vertex -45.375 -0.910344 29
    endloop
  endfacet
  facet normal 0 0 -1
    outer loop
      vertex -45.375 0.910344 29
      vertex -40.875 0.944827 29
      vertex -40.875 0.910344 29
    endloop
  endfacet
  facet normal -0 0 -1
    outer loop
      vertex -40.875 0.944827 29
      vertex -45.375 0.910344 29
      vertex -45.375 0.944827 29
    endloop
  endfacet
  facet normal 0 -1 0
    outer loop
      vertex -45.375 0.944827 28.5
      vertex -40.875 0.944827 29
      vertex -45.375 0.944827 29
    endloop
  endfacet
  facet normal 0 -1 -0
    outer loop
      vertex -40.875 0.944827 29
      vertex -45.375 0.944827 28.5
      vertex -40.875 0.944827 28.5
    endloop
  endfacet
  facet normal 0 1 -0
    outer loop
      vertex -40.875 -0.944827 28.5
      vertex -45.375 -0.944827 29
      vertex -40.875 -0.944827 29
    endloop
  endfacet
  facet normal 0 1 0
    outer loop
      vertex -45.375 -0.944827 29
      vertex -40.875 -0.944827 28.5
      vertex -45.375 -0.944827 28.5
    endloop
  endfacet
  facet normal 0 0 -1
    outer loop
      vertex -45.375 -0.910344 29.5
      vertex -40.875 -0.875861 29.5
      vertex -40.875 -0.910344 29.5
    endloop
  endfacet
  facet normal -0 0 -1
    outer loop
      vertex -40.875 -0.875861 29.5
      vertex -45.375 -0.910344 29.5
      vertex -45.375 -0.875861 29.5
    endloop
  endfacet
  facet normal 0 0 -1
    outer loop
      vertex -45.375 0.875861 29.5
      vertex -40.875 0.910344 29.5
      vertex -40.875 0.875861 29.5
    endloop
  endfacet
  facet normal -0 0 -1
    outer loop
      vertex -40.875 0.910344 29.5
      vertex -45.375 0.875861 29.5
      vertex -45.375 0.910344 29.5
    endloop
  endfacet
  facet normal 0 -1 0
    outer loop
      vertex -45.375 0.910344 29
      vertex -40.875 0.910344 29.5
      vertex -45.375 0.910344 29.5
    endloop
  endfacet
  facet normal 0 -1 -0
    outer loop
      vertex -40.875 0.910344 29.5
      vertex -45.375 0.910344 29
      vertex -40.875 0.910344 29
    endloop
  endfacet
  facet normal 0 1 -0
    outer loop
      vertex -40.875 -0.910344 29
      vertex -45.375 -0.910344 29.5
      vertex -40.875 -0.910344 29.5
    endloop
  endfacet
  facet normal 0 1 0
    outer loop
      vertex -45.375 -0.910344 29.5
      vertex -40.875 -0.910344 29
      vertex -45.375 -0.910344 29
    endloop
  endfacet
  facet normal 0 0 -1
    outer loop
      vertex -45.375 -0.875861 30
      vertex -40.875 -0.841379 30
      vertex -40.875 -0.875861 30
    endloop
  endfacet
  facet normal -0 0 -1
    outer loop
      vertex -40.875 -0.841379 30
      vertex -45.375 -0.875861 30
      vertex -45.375 -0.841379 30
    endloop
  endfacet
  facet normal 0 0 -1
    outer loop
      vertex -45.375 0.841379 30
      vertex -40.875 0.875861 30
      vertex -40.875 0.841379 30
    endloop
  endfacet
  facet normal -0 0 -1
    outer loop
      vertex -40.875 0.875861 30
      vertex -45.375 0.841379 30
      vertex -45.375 0.875861 30
    endloop
  endfacet
  facet normal 0 -1 0
    outer loop
      vertex -45.375 0.875861 29.5
      vertex -40.875 0.875861 30
      vertex -45.375 0.875861 30
    endloop
  endfacet
  facet normal 0 -1 -0
    outer loop
      vertex -40.875 0.875861 30
      vertex -45.375 0.875861 29.5
      vertex -40.875 0.875861 29.5
    endloop
  endfacet
  facet normal 0 1 -0
    outer loop
      vertex -40.875 -0.875861 29.5
      vertex -45.375 -0.875861 30
      vertex -40.875 -0.875861 30
    endloop
  endfacet
  facet normal 0 1 0
    outer loop
      vertex -45.375 -0.875861 30
      vertex -40.875 -0.875861 29.5
      vertex -45.375 -0.875861 29.5
    endloop
  endfacet
  facet normal 0 0 -1
    outer loop
      vertex -45.375 0.806896 30.5
      vertex -40.875 0.841379 30.5
      vertex -40.875 0.806896 30.5
    endloop
  endfacet
  facet normal -0 0 -1
    outer loop
      vertex -40.875 0.841379 30.5
      vertex -45.375 0.806896 30.5
      vertex -45.375 0.841379 30.5
    endloop
  endfacet
  facet normal 0 0 -1
    outer loop
      vertex -45.375 -0.841379 30.5
      vertex -40.875 -0.806896 30.5
      vertex -40.875 -0.841379 30.5
    endloop
  endfacet
  facet normal -0 0 -1
    outer loop
      vertex -40.875 -0.806896 30.5
      vertex -45.375 -0.841379 30.5
      vertex -45.375 -0.806896 30.5
    endloop
  endfacet
  facet normal 0 -1 0
    outer loop
      vertex -45.375 0.841379 30
      vertex -40.875 0.841379 30.5
      vertex -45.375 0.841379 30.5
    endloop
  endfacet
  facet normal 0 -1 -0
    outer loop
      vertex -40.875 0.841379 30.5
      vertex -45.375 0.841379 30
      vertex -40.875 0.841379 30
    endloop
  endfacet
  facet normal 0 1 -0
    outer loop
      vertex -40.875 -0.841379 30
      vertex -45.375 -0.841379 30.5
      vertex -40.875 -0.841379 30.5
    endloop
  endfacet
  facet normal 0 1 0
    outer loop
      vertex -45.375 -0.841379 30.5
      vertex -40.875 -0.841379 30
      vertex -45.375 -0.841379 30
    endloop
  endfacet
  facet normal -0 0 1
    outer loop
      vertex -45.375 -0.806896 31
      vertex -40.875 -1.17241 31
      vertex -40.875 -0.806896 31
    endloop
  endfacet
  facet normal 0 0 1
    outer loop
      vertex -40.875 -1.17241 31
      vertex -45.375 -0.806896 31
      vertex -45.375 -1.17241 31
    endloop
  endfacet
  facet normal -0 0 1
    outer loop
      vertex -45.375 1.17241 31
      vertex -40.875 0.806896 31
      vertex -40.875 1.17241 31
    endloop
  endfacet
  facet normal 0 0 1
    outer loop
      vertex -40.875 0.806896 31
      vertex -45.375 1.17241 31
      vertex -45.375 0.806896 31
    endloop
  endfacet
  facet normal 0 -1 0
    outer loop
      vertex -45.375 0.806896 30.5
      vertex -40.875 0.806896 31
      vertex -45.375 0.806896 31
    endloop
  endfacet
  facet normal 0 -1 -0
    outer loop
      vertex -40.875 0.806896 31
      vertex -45.375 0.806896 30.5
      vertex -40.875 0.806896 30.5
    endloop
  endfacet
  facet normal 0 1 -0
    outer loop
      vertex -40.875 -0.806896 30.5
      vertex -45.375 -0.806896 31
      vertex -40.875 -0.806896 31
    endloop
  endfacet
  facet normal 0 1 0
    outer loop
      vertex -45.375 -0.806896 31
      vertex -40.875 -0.806896 30.5
      vertex -45.375 -0.806896 30.5
    endloop
  endfacet
  facet normal 0 0 -1
    outer loop
      vertex -45.375 -1.17241 31.5
      vertex -40.875 -1.13793 31.5
      vertex -40.875 -1.17241 31.5
    endloop
  endfacet
  facet normal -0 0 -1
    outer loop
      vertex -40.875 -1.13793 31.5
      vertex -45.375 -1.17241 31.5
      vertex -45.375 -1.13793 31.5
    endloop
  endfacet
  facet normal 0 0 -1
    outer loop
      vertex -45.375 1.13793 31.5
      vertex -40.875 1.17241 31.5
      vertex -40.875 1.13793 31.5
    endloop
  endfacet
  facet normal -0 0 -1
    outer loop
      vertex -40.875 1.17241 31.5
      vertex -45.375 1.13793 31.5
      vertex -45.375 1.17241 31.5
    endloop
  endfacet
  facet normal 0 -1 0
    outer loop
      vertex -45.375 1.17241 31
      vertex -40.875 1.17241 31.5
      vertex -45.375 1.17241 31.5
    endloop
  endfacet
  facet normal 0 -1 -0
    outer loop
      vertex -40.875 1.17241 31.5
      vertex -45.375 1.17241 31
      vertex -40.875 1.17241 31
    endloop
  endfacet
  facet normal 0 1 -0
    outer loop
      vertex -40.875 -1.17241 31
      vertex -45.375 -1.17241 31.5
      vertex -40.875 -1.17241 31.5
    endloop
  endfacet
  facet normal 0 1 0
    outer loop
      vertex -45.375 -1.17241 31.5
      vertex -40.875 -1.17241 31
      vertex -45.375 -1.17241 31
    endloop
  endfacet
  facet normal 0 0 -1
    outer loop
      vertex -45.375 -1.13793 32
      vertex -40.875 -1.10345 32
      vertex -40.875 -1.13793 32
    endloop
  endfacet
  facet normal -0 0 -1
    outer loop
      vertex -40.875 -1.10345 32
      vertex -45.375 -1.13793 32
      vertex -45.375 -1.10345 32
    endloop
  endfacet
  facet normal 0 0 -1
    outer loop
      vertex -45.375 1.10345 32
      vertex -40.875 1.13793 32
      vertex -40.875 1.10345 32
    endloop
  endfacet
  facet normal -0 0 -1
    outer loop
      vertex -40.875 1.13793 32
      vertex -45.375 1.10345 32
      vertex -45.375 1.13793 32
    endloop
  endfacet
  facet normal 0 -1 0
    outer loop
      vertex -45.375 1.13793 31.5
      vertex -40.875 1.13793 32
      vertex -45.375 1.13793 32
    endloop
  endfacet
  facet normal 0 -1 -0
    outer loop
      vertex -40.875 1.13793 32
      vertex -45.375 1.13793 31.5
      vertex -40.875 1.13793 31.5
    endloop
  endfacet
  facet normal 0 1 -0
    outer loop
      vertex -40.875 -1.13793 31.5
      vertex -45.375 -1.13793 32
      vertex -40.875 -1.13793 32
    endloop
  endfacet
  facet normal 0 1 0
    outer loop
      vertex -45.375 -1.13793 32
      vertex -40.875 -1.13793 31.5
      vertex -45.375 -1.13793 31.5
    endloop
  endfacet
  facet normal 0 0 -1
    outer loop
      vertex -45.375 -1.10345 32.5
      vertex -40.875 -1.06896 32.5
      vertex -40.875 -1.10345 32.5
    endloop
  endfacet
  facet normal -0 0 -1
    outer loop
      vertex -40.875 -1.06896 32.5
      vertex -45.375 -1.10345 32.5
      vertex -45.375 -1.06896 32.5
    endloop
  endfacet
  facet normal 0 0 -1
    outer loop
      vertex -45.375 1.06896 32.5
      vertex -40.875 1.10345 32.5
      vertex -40.875 1.06896 32.5
    endloop
  endfacet
  facet normal -0 0 -1
    outer loop
      vertex -40.875 1.10345 32.5
      vertex -45.375 1.06896 32.5
      vertex -45.375 1.10345 32.5
    endloop
  endfacet
  facet normal 0 -1 0
    outer loop
      vertex -45.375 1.10345 32
      vertex -40.875 1.10345 32.5
      vertex -45.375 1.10345 32.5
    endloop
  endfacet
  facet normal 0 -1 -0
    outer loop
      vertex -40.875 1.10345 32.5
      vertex -45.375 1.10345 32
      vertex -40.875 1.10345 32
    endloop
  endfacet
  facet normal 0 1 -0
    outer loop
      vertex -40.875 -1.10345 32
      vertex -45.375 -1.10345 32.5
      vertex -40.875 -1.10345 32.5
    endloop
  endfacet
  facet normal 0 1 0
    outer loop
      vertex -45.375 -1.10345 32.5
      vertex -40.875 -1.10345 32
      vertex -45.375 -1.10345 32
    endloop
  endfacet
  facet normal 0 0 -1
    outer loop
      vertex -45.375 -1.06896 33
      vertex -40.875 -1.03448 33
      vertex -40.875 -1.06896 33
    endloop
  endfacet
  facet normal -0 0 -1
    outer loop
      vertex -40.875 -1.03448 33
      vertex -45.375 -1.06896 33
      vertex -45.375 -1.03448 33
    endloop
  endfacet
  facet normal 0 0 -1
    outer loop
      vertex -45.375 1.03448 33
      vertex -40.875 1.06896 33
      vertex -40.875 1.03448 33
    endloop
  endfacet
  facet normal -0 0 -1
    outer loop
      vertex -40.875 1.06896 33
      vertex -45.375 1.03448 33
      vertex -45.375 1.06896 33
    endloop
  endfacet
  facet normal 0 -1 0
    outer loop
      vertex -45.375 1.06896 32.5
      vertex -40.875 1.06896 33
      vertex -45.375 1.06896 33
    endloop
  endfacet
  facet normal 0 -1 -0
    outer loop
      vertex -40.875 1.06896 33
      vertex -45.375 1.06896 32.5
      vertex -40.875 1.06896 32.5
    endloop
  endfacet
  facet normal 0 1 -0
    outer loop
      vertex -40.875 -1.06896 32.5
      vertex -45.375 -1.06896 33
      vertex -40.875 -1.06896 33
    endloop
  endfacet
  facet normal 0 1 0
    outer loop
      vertex -45.375 -1.06896 33
      vertex -40.875 -1.06896 32.5
      vertex -45.375 -1.06896 32.5
    endloop
  endfacet
  facet normal 0 0 -1
    outer loop
      vertex -45.375 -1.03448 33.5
      vertex -40.875 -1 33.5
      vertex -40.875 -1.03448 33.5
    endloop
  endfacet
  facet normal -0 0 -1
    outer loop
      vertex -40.875 -1 33.5
      vertex -45.375 -1.03448 33.5
      vertex -45.375 -1 33.5
    endloop
  endfacet
  facet normal 0 0 -1
    outer loop
      vertex -45.375 1 33.5
      vertex -40.875 1.03448 33.5
      vertex -40.875 1 33.5
    endloop
  endfacet
  facet normal -0 0 -1
    outer loop
      vertex -40.875 1.03448 33.5
      vertex -45.375 1 33.5
      vertex -45.375 1.03448 33.5
    endloop
  endfacet
  facet normal 0 -1 0
    outer loop
      vertex -45.375 1.03448 33
      vertex -40.875 1.03448 33.5
      vertex -45.375 1.03448 33.5
    endloop
  endfacet
  facet normal 0 -1 -0
    outer loop
      vertex -40.875 1.03448 33.5
      vertex -45.375 1.03448 33
      vertex -40.875 1.03448 33
    endloop
  endfacet
  facet normal 0 1 -0
    outer loop
      vertex -40.875 -1.03448 33
      vertex -45.375 -1.03448 33.5
      vertex -40.875 -1.03448 33.5
    endloop
  endfacet
  facet normal 0 1 0
    outer loop
      vertex -45.375 -1.03448 33.5
      vertex -40.875 -1.03448 33
      vertex -45.375 -1.03448 33
    endloop
  endfacet
  facet normal 0 0 -1
    outer loop
      vertex -45.375 -1 34
      vertex -40.875 -0.965517 34
      vertex -40.875 -1 34
    endloop
  endfacet
  facet normal -0 0 -1
    outer loop
      vertex -40.875 -0.965517 34
      vertex -45.375 -1 34
      vertex -45.375 -0.965517 34
    endloop
  endfacet
  facet normal 0 0 -1
    outer loop
      vertex -45.375 0.965517 34
      vertex -40.875 1 34
      vertex -40.875 0.965517 34
    endloop
  endfacet
  facet normal -0 0 -1
    outer loop
      vertex -40.875 1 34
      vertex -45.375 0.965517 34
      vertex -45.375 1 34
    endloop
  endfacet
  facet normal 0 -1 0
    outer loop
      vertex -45.375 1 33.5
      vertex -40.875 1 34
      vertex -45.375 1 34
    endloop
  endfacet
  facet normal 0 -1 -0
    outer loop
      vertex -40.875 1 34
      vertex -45.375 1 33.5
      vertex -40.875 1 33.5
    endloop
  endfacet
  facet normal 0 1 -0
    outer loop
      vertex -40.875 -1 33.5
      vertex -45.375 -1 34
      vertex -40.875 -1 34
    endloop
  endfacet
  facet normal 0 1 0
    outer loop
      vertex -45.375 -1 34
      vertex -40.875 -1 33.5
      vertex -45.375 -1 33.5
    endloop
  endfacet
  facet normal 0 0 -1
    outer loop
      vertex -45.375 -0.965517 34.5
      vertex -40.875 -0.931034 34.5
      vertex -40.875 -0.965517 34.5
    endloop
  endfacet
  facet normal -0 0 -1
    outer loop
      vertex -40.875 -0.931034 34.5
      vertex -45.375 -0.965517 34.5
      vertex -45.375 -0.931034 34.5
    endloop
  endfacet
  facet normal 0 0 -1
    outer loop
      vertex -45.375 0.931034 34.5
      vertex -40.875 0.965517 34.5
      vertex -40.875 0.931034 34.5
    endloop
  endfacet
  facet normal -0 0 -1
    outer loop
      vertex -40.875 0.965517 34.5
      vertex -45.375 0.931034 34.5
      vertex -45.375 0.965517 34.5
    endloop
  endfacet
  facet normal 0 -1 0
    outer loop
      vertex -45.375 0.965517 34
      vertex -40.875 0.965517 34.5
      vertex -45.375 0.965517 34.5
    endloop
  endfacet
  facet normal 0 -1 -0
    outer loop
      vertex -40.875 0.965517 34.5
      vertex -45.375 0.965517 34
      vertex -40.875 0.965517 34
    endloop
  endfacet
  facet normal 0 1 -0
    outer loop
      vertex -40.875 -0.965517 34
      vertex -45.375 -0.965517 34.5
      vertex -40.875 -0.965517 34.5
    endloop
  endfacet
  facet normal 0 1 0
    outer loop
      vertex -45.375 -0.965517 34.5
      vertex -40.875 -0.965517 34
      vertex -45.375 -0.965517 34
    endloop
  endfacet
  facet normal 0 0 -1
    outer loop
      vertex -45.375 -0.931034 35
      vertex -40.875 -0.896551 35
      vertex -40.875 -0.931034 35
    endloop
  endfacet
  facet normal -0 0 -1
    outer loop
      vertex -40.875 -0.896551 35
      vertex -45.375 -0.931034 35
      vertex -45.375 -0.896551 35
    endloop
  endfacet
  facet normal 0 0 -1
    outer loop
      vertex -45.375 0.896551 35
      vertex -40.875 0.931034 35
      vertex -40.875 0.896551 35
    endloop
  endfacet
  facet normal -0 0 -1
    outer loop
      vertex -40.875 0.931034 35
      vertex -45.375 0.896551 35
      vertex -45.375 0.931034 35
    endloop
  endfacet
  facet normal 0 -1 0
    outer loop
      vertex -45.375 0.931034 34.5
      vertex -40.875 0.931034 35
      vertex -45.375 0.931034 35
    endloop
  endfacet
  facet normal 0 -1 -0
    outer loop
      vertex -40.875 0.931034 35
      vertex -45.375 0.931034 34.5
      vertex -40.875 0.931034 34.5
    endloop
  endfacet
  facet normal 0 1 -0
    outer loop
      vertex -40.875 -0.931034 34.5
      vertex -45.375 -0.931034 35
      vertex -40.875 -0.931034 35
    endloop
  endfacet
  facet normal 0 1 0
    outer loop
      vertex -45.375 -0.931034 35
      vertex -40.875 -0.931034 34.5
      vertex -45.375 -0.931034 34.5
    endloop
  endfacet
  facet normal 0 0 -1
    outer loop
      vertex -45.375 -0.896551 35.5
      vertex -40.875 -0.862068 35.5
      vertex -40.875 -0.896551 35.5
    endloop
  endfacet
  facet normal -0 0 -1
    outer loop
      vertex -40.875 -0.862068 35.5
      vertex -45.375 -0.896551 35.5
      vertex -45.375 -0.862068 35.5
    endloop
  endfacet
  facet normal 0 0 -1
    outer loop
      vertex -45.375 0.862068 35.5
      vertex -40.875 0.896551 35.5
      vertex -40.875 0.862068 35.5
    endloop
  endfacet
  facet normal -0 0 -1
    outer loop
      vertex -40.875 0.896551 35.5
      vertex -45.375 0.862068 35.5
      vertex -45.375 0.896551 35.5
    endloop
  endfacet
  facet normal 0 -1 0
    outer loop
      vertex -45.375 0.896551 35
      vertex -40.875 0.896551 35.5
      vertex -45.375 0.896551 35.5
    endloop
  endfacet
  facet normal 0 -1 -0
    outer loop
      vertex -40.875 0.896551 35.5
      vertex -45.375 0.896551 35
      vertex -40.875 0.896551 35
    endloop
  endfacet
  facet normal 0 1 -0
    outer loop
      vertex -40.875 -0.896551 35
      vertex -45.375 -0.896551 35.5
      vertex -40.875 -0.896551 35.5
    endloop
  endfacet
  facet normal 0 1 0
    outer loop
      vertex -45.375 -0.896551 35.5
      vertex -40.875 -0.896551 35
      vertex -45.375 -0.896551 35
    endloop
  endfacet
  facet normal 0 0 -1
    outer loop
      vertex -45.375 -0.862068 36
      vertex -40.875 -0.827586 36
      vertex -40.875 -0.862068 36
    endloop
  endfacet
  facet normal -0 0 -1
    outer loop
      vertex -40.875 -0.827586 36
      vertex -45.375 -0.862068 36
      vertex -45.375 -0.827586 36
    endloop
  endfacet
  facet normal 0 0 -1
    outer loop
      vertex -45.375 0.827586 36
      vertex -40.875 0.862068 36
      vertex -40.875 0.827586 36
    endloop
  endfacet
  facet normal -0 0 -1
    outer loop
      vertex -40.875 0.862068 36
      vertex -45.375 0.827586 36
      vertex -45.375 0.862068 36
    endloop
  endfacet
  facet normal 0 -1 0
    outer loop
      vertex -45.375 0.862068 35.5
      vertex -40.875 0.862068 36
      vertex -45.375 0.862068 36
    endloop
  endfacet
  facet normal 0 -1 -0
    outer loop
      vertex -40.875 0.862068 36
      vertex -45.375 0.862068 35.5
      vertex -40.875 0.862068 35.5
    endloop
  endfacet
  facet normal 0 1 -0
    outer loop
      vertex -40.875 -0.862068 35.5
      vertex -45.375 -0.862068 36
      vertex -40.875 -0.862068 36
    endloop
  endfacet
  facet normal 0 1 0
    outer loop
      vertex -45.375 -0.862068 36
      vertex -40.875 -0.862068 35.5
      vertex -45.375 -0.862068 35.5
    endloop
  endfacet
  facet normal -0 0 1
    outer loop
      vertex -45.375 -0.827586 36.5
      vertex -40.875 -1.1931 36.5
      vertex -40.875 -0.827586 36.5
    endloop
  endfacet
  facet normal 0 0 1
    outer loop
      vertex -40.875 -1.1931 36.5
      vertex -45.375 -0.827586 36.5
      vertex -45.375 -1.1931 36.5
    endloop
  endfacet
  facet normal -0 0 1
    outer loop
      vertex -45.375 1.1931 36.5
      vertex -40.875 0.827586 36.5
      vertex -40.875 1.1931 36.5
    endloop
  endfacet
  facet normal 0 0 1
    outer loop
      vertex -40.875 0.827586 36.5
      vertex -45.375 1.1931 36.5
      vertex -45.375 0.827586 36.5
    endloop
  endfacet
  facet normal 0 -1 0
    outer loop
      vertex -45.375 0.827586 36
      vertex -40.875 0.827586 36.5
      vertex -45.375 0.827586 36.5
    endloop
  endfacet
  facet normal 0 -1 -0
    outer loop
      vertex -40.875 0.827586 36.5
      vertex -45.375 0.827586 36
      vertex -40.875 0.827586 36
    endloop
  endfacet
  facet normal 0 1 -0
    outer loop
      vertex -40.875 -0.827586 36
      vertex -45.375 -0.827586 36.5
      vertex -40.875 -0.827586 36.5
    endloop
  endfacet
  facet normal 0 1 0
    outer loop
      vertex -45.375 -0.827586 36.5
      vertex -40.875 -0.827586 36
      vertex -45.375 -0.827586 36
    endloop
  endfacet
  facet normal 0 0 -1
    outer loop
      vertex -45.375 -1.1931 37
      vertex -40.875 -1.15862 37
      vertex -40.875 -1.1931 37
    endloop
  endfacet
  facet normal -0 0 -1
    outer loop
      vertex -40.875 -1.15862 37
      vertex -45.375 -1.1931 37
      vertex -45.375 -1.15862 37
    endloop
  endfacet
  facet normal 0 0 -1
    outer loop
      vertex -45.375 1.15862 37
      vertex -40.875 1.1931 37
      vertex -40.875 1.15862 37
    endloop
  endfacet
  facet normal -0 0 -1
    outer loop
      vertex -40.875 1.1931 37
      vertex -45.375 1.15862 37
      vertex -45.375 1.1931 37
    endloop
  endfacet
  facet normal 0 -1 0
    outer loop
      vertex -45.375 1.1931 36.5
      vertex -40.875 1.1931 37
      vertex -45.375 1.1931 37
    endloop
  endfacet
  facet normal 0 -1 -0
    outer loop
      vertex -40.875 1.1931 37
      vertex -45.375 1.1931 36.5
      vertex -40.875 1.1931 36.5
    endloop
  endfacet
  facet normal 0 1 -0
    outer loop
      vertex -40.875 -1.1931 36.5
      vertex -45.375 -1.1931 37
      vertex -40.875 -1.1931 37
    endloop
  endfacet
  facet normal 0 1 0
    outer loop
      vertex -45.375 -1.1931 37
      vertex -40.875 -1.1931 36.5
      vertex -45.375 -1.1931 36.5
    endloop
  endfacet
  facet normal 0 0 -1
    outer loop
      vertex -45.375 -1.15862 37.5
      vertex -40.875 -1.12414 37.5
      vertex -40.875 -1.15862 37.5
    endloop
  endfacet
  facet normal -0 0 -1
    outer loop
      vertex -40.875 -1.12414 37.5
      vertex -45.375 -1.15862 37.5
      vertex -45.375 -1.12414 37.5
    endloop
  endfacet
  facet normal 0 0 -1
    outer loop
      vertex -45.375 1.12414 37.5
      vertex -40.875 1.15862 37.5
      vertex -40.875 1.12414 37.5
    endloop
  endfacet
  facet normal -0 0 -1
    outer loop
      vertex -40.875 1.15862 37.5
      vertex -45.375 1.12414 37.5
      vertex -45.375 1.15862 37.5
    endloop
  endfacet
  facet normal 0 -1 0
    outer loop
      vertex -45.375 1.15862 37
      vertex -40.875 1.15862 37.5
      vertex -45.375 1.15862 37.5
    endloop
  endfacet
  facet normal 0 -1 -0
    outer loop
      vertex -40.875 1.15862 37.5
      vertex -45.375 1.15862 37
      vertex -40.875 1.15862 37
    endloop
  endfacet
  facet normal 0 1 -0
    outer loop
      vertex -40.875 -1.15862 37
      vertex -45.375 -1.15862 37.5
      vertex -40.875 -1.15862 37.5
    endloop
  endfacet
  facet normal 0 1 0
    outer loop
      vertex -45.375 -1.15862 37.5
      vertex -40.875 -1.15862 37
      vertex -45.375 -1.15862 37
    endloop
  endfacet
  facet normal 0 0 -1
    outer loop
      vertex -45.375 -1.12414 38
      vertex -40.875 -1.08965 38
      vertex -40.875 -1.12414 38
    endloop
  endfacet
  facet normal -0 0 -1
    outer loop
      vertex -40.875 -1.08965 38
      vertex -45.375 -1.12414 38
      vertex -45.375 -1.08965 38
    endloop
  endfacet
  facet normal 0 0 -1
    outer loop
      vertex -45.375 1.08965 38
      vertex -40.875 1.12414 38
      vertex -40.875 1.08965 38
    endloop
  endfacet
  facet normal -0 0 -1
    outer loop
      vertex -40.875 1.12414 38
      vertex -45.375 1.08965 38
      vertex -45.375 1.12414 38
    endloop
  endfacet
  facet normal 0 -1 0
    outer loop
      vertex -45.375 1.12414 37.5
      vertex -40.875 1.12414 38
      vertex -45.375 1.12414 38
    endloop
  endfacet
  facet normal 0 -1 -0
    outer loop
      vertex -40.875 1.12414 38
      vertex -45.375 1.12414 37.5
      vertex -40.875 1.12414 37.5
    endloop
  endfacet
  facet normal 0 1 -0
    outer loop
      vertex -40.875 -1.12414 37.5
      vertex -45.375 -1.12414 38
      vertex -40.875 -1.12414 38
    endloop
  endfacet
  facet normal 0 1 0
    outer loop
      vertex -45.375 -1.12414 38
      vertex -40.875 -1.12414 37.5
      vertex -45.375 -1.12414 37.5
    endloop
  endfacet
  facet normal 0 0 -1
    outer loop
      vertex -45.375 -1.08965 38.5
      vertex -40.875 -1.05517 38.5
      vertex -40.875 -1.08965 38.5
    endloop
  endfacet
  facet normal -0 0 -1
    outer loop
      vertex -40.875 -1.05517 38.5
      vertex -45.375 -1.08965 38.5
      vertex -45.375 -1.05517 38.5
    endloop
  endfacet
  facet normal 0 0 -1
    outer loop
      vertex -45.375 1.05517 38.5
      vertex -40.875 1.08965 38.5
      vertex -40.875 1.05517 38.5
    endloop
  endfacet
  facet normal -0 0 -1
    outer loop
      vertex -40.875 1.08965 38.5
      vertex -45.375 1.05517 38.5
      vertex -45.375 1.08965 38.5
    endloop
  endfacet
  facet normal 0 -1 0
    outer loop
      vertex -45.375 1.08965 38
      vertex -40.875 1.08965 38.5
      vertex -45.375 1.08965 38.5
    endloop
  endfacet
  facet normal 0 -1 -0
    outer loop
      vertex -40.875 1.08965 38.5
      vertex -45.375 1.08965 38
      vertex -40.875 1.08965 38
    endloop
  endfacet
  facet normal 0 1 -0
    outer loop
      vertex -40.875 -1.08965 38
      vertex -45.375 -1.08965 38.5
      vertex -40.875 -1.08965 38.5
    endloop
  endfacet
  facet normal 0 1 0
    outer loop
      vertex -45.375 -1.08965 38.5
      vertex -40.875 -1.08965 38
      vertex -45.375 -1.08965 38
    endloop
  endfacet
  facet normal 0 0 -1
    outer loop
      vertex -45.375 -1.05517 39
      vertex -40.875 -1.02069 39
      vertex -40.875 -1.05517 39
    endloop
  endfacet
  facet normal -0 0 -1
    outer loop
      vertex -40.875 -1.02069 39
      vertex -45.375 -1.05517 39
      vertex -45.375 -1.02069 39
    endloop
  endfacet
  facet normal 0 0 -1
    outer loop
      vertex -45.375 1.02069 39
      vertex -40.875 1.05517 39
      vertex -40.875 1.02069 39
    endloop
  endfacet
  facet normal -0 0 -1
    outer loop
      vertex -40.875 1.05517 39
      vertex -45.375 1.02069 39
      vertex -45.375 1.05517 39
    endloop
  endfacet
  facet normal 0 -1 0
    outer loop
      vertex -45.375 1.05517 38.5
      vertex -40.875 1.05517 39
      vertex -45.375 1.05517 39
    endloop
  endfacet
  facet normal 0 -1 -0
    outer loop
      vertex -40.875 1.05517 39
      vertex -45.375 1.05517 38.5
      vertex -40.875 1.05517 38.5
    endloop
  endfacet
  facet normal 0 1 -0
    outer loop
      vertex -40.875 -1.05517 38.5
      vertex -45.375 -1.05517 39
      vertex -40.875 -1.05517 39
    endloop
  endfacet
  facet normal 0 1 0
    outer loop
      vertex -45.375 -1.05517 39
      vertex -40.875 -1.05517 38.5
      vertex -45.375 -1.05517 38.5
    endloop
  endfacet
  facet normal 0 0 -1
    outer loop
      vertex -45.375 -1.02069 39.5
      vertex -40.875 -0.986206 39.5
      vertex -40.875 -1.02069 39.5
    endloop
  endfacet
  facet normal -0 0 -1
    outer loop
      vertex -40.875 -0.986206 39.5
      vertex -45.375 -1.02069 39.5
      vertex -45.375 -0.986206 39.5
    endloop
  endfacet
  facet normal 0 0 -1
    outer loop
      vertex -45.375 0.986206 39.5
      vertex -40.875 1.02069 39.5
      vertex -40.875 0.986206 39.5
    endloop
  endfacet
  facet normal -0 0 -1
    outer loop
      vertex -40.875 1.02069 39.5
      vertex -45.375 0.986206 39.5
      vertex -45.375 1.02069 39.5
    endloop
  endfacet
  facet normal 0 -1 0
    outer loop
      vertex -45.375 1.02069 39
      vertex -40.875 1.02069 39.5
      vertex -45.375 1.02069 39.5
    endloop
  endfacet
  facet normal 0 -1 -0
    outer loop
      vertex -40.875 1.02069 39.5
      vertex -45.375 1.02069 39
      vertex -40.875 1.02069 39
    endloop
  endfacet
  facet normal 0 1 -0
    outer loop
      vertex -40.875 -1.02069 39
      vertex -45.375 -1.02069 39.5
      vertex -40.875 -1.02069 39.5
    endloop
  endfacet
  facet normal 0 1 0
    outer loop
      vertex -45.375 -1.02069 39.5
      vertex -40.875 -1.02069 39
      vertex -45.375 -1.02069 39
    endloop
  endfacet
  facet normal 0 0 -1
    outer loop
      vertex -45.375 -0.986206 40
      vertex -40.875 -0.951724 40
      vertex -40.875 -0.986206 40
    endloop
  endfacet
  facet normal -0 0 -1
    outer loop
      vertex -40.875 -0.951724 40
      vertex -45.375 -0.986206 40
      vertex -45.375 -0.951724 40
    endloop
  endfacet
  facet normal 0 0 -1
    outer loop
      vertex -45.375 0.951724 40
      vertex -40.875 0.986206 40
      vertex -40.875 0.951724 40
    endloop
  endfacet
  facet normal -0 0 -1
    outer loop
      vertex -40.875 0.986206 40
      vertex -45.375 0.951724 40
      vertex -45.375 0.986206 40
    endloop
  endfacet
  facet normal 0 -1 0
    outer loop
      vertex -45.375 0.986206 39.5
      vertex -40.875 0.986206 40
      vertex -45.375 0.986206 40
    endloop
  endfacet
  facet normal 0 -1 -0
    outer loop
      vertex -40.875 0.986206 40
      vertex -45.375 0.986206 39.5
      vertex -40.875 0.986206 39.5
    endloop
  endfacet
  facet normal 0 1 -0
    outer loop
      vertex -40.875 -0.986206 39.5
      vertex -45.375 -0.986206 40
      vertex -40.875 -0.986206 40
    endloop
  endfacet
  facet normal 0 1 0
    outer loop
      vertex -45.375 -0.986206 40
      vertex -40.875 -0.986206 39.5
      vertex -45.375 -0.986206 39.5
    endloop
  endfacet
  facet normal 0 0 -1
    outer loop
      vertex -45.375 -0.951724 40.5
      vertex -40.875 -0.917241 40.5
      vertex -40.875 -0.951724 40.5
    endloop
  endfacet
  facet normal -0 0 -1
    outer loop
      vertex -40.875 -0.917241 40.5
      vertex -45.375 -0.951724 40.5
      vertex -45.375 -0.917241 40.5
    endloop
  endfacet
  facet normal 0 0 -1
    outer loop
      vertex -45.375 0.917241 40.5
      vertex -40.875 0.951724 40.5
      vertex -40.875 0.917241 40.5
    endloop
  endfacet
  facet normal -0 0 -1
    outer loop
      vertex -40.875 0.951724 40.5
      vertex -45.375 0.917241 40.5
      vertex -45.375 0.951724 40.5
    endloop
  endfacet
  facet normal 0 -1 0
    outer loop
      vertex -45.375 0.951724 40
      vertex -40.875 0.951724 40.5
      vertex -45.375 0.951724 40.5
    endloop
  endfacet
  facet normal 0 -1 -0
    outer loop
      vertex -40.875 0.951724 40.5
      vertex -45.375 0.951724 40
      vertex -40.875 0.951724 40
    endloop
  endfacet
  facet normal 0 1 -0
    outer loop
      vertex -40.875 -0.951724 40
      vertex -45.375 -0.951724 40.5
      vertex -40.875 -0.951724 40.5
    endloop
  endfacet
  facet normal 0 1 0
    outer loop
      vertex -45.375 -0.951724 40.5
      vertex -40.875 -0.951724 40
      vertex -45.375 -0.951724 40
    endloop
  endfacet
  facet normal 0 0 -1
    outer loop
      vertex -45.375 -0.917241 41
      vertex -40.875 -0.882758 41
      vertex -40.875 -0.917241 41
    endloop
  endfacet
  facet normal -0 0 -1
    outer loop
      vertex -40.875 -0.882758 41
      vertex -45.375 -0.917241 41
      vertex -45.375 -0.882758 41
    endloop
  endfacet
  facet normal 0 0 -1
    outer loop
      vertex -45.375 0.882758 41
      vertex -40.875 0.917241 41
      vertex -40.875 0.882758 41
    endloop
  endfacet
  facet normal -0 0 -1
    outer loop
      vertex -40.875 0.917241 41
      vertex -45.375 0.882758 41
      vertex -45.375 0.917241 41
    endloop
  endfacet
  facet normal 0 -1 0
    outer loop
      vertex -45.375 0.917241 40.5
      vertex -40.875 0.917241 41
      vertex -45.375 0.917241 41
    endloop
  endfacet
  facet normal 0 -1 -0
    outer loop
      vertex -40.875 0.917241 41
      vertex -45.375 0.917241 40.5
      vertex -40.875 0.917241 40.5
    endloop
  endfacet
  facet normal 0 1 -0
    outer loop
      vertex -40.875 -0.917241 40.5
      vertex -45.375 -0.917241 41
      vertex -40.875 -0.917241 41
    endloop
  endfacet
  facet normal 0 1 0
    outer loop
      vertex -45.375 -0.917241 41
      vertex -40.875 -0.917241 40.5
      vertex -45.375 -0.917241 40.5
    endloop
  endfacet
  facet normal 0 0 -1
    outer loop
      vertex -45.375 -0.882758 41.5
      vertex -40.875 -0.848275 41.5
      vertex -40.875 -0.882758 41.5
    endloop
  endfacet
  facet normal -0 0 -1
    outer loop
      vertex -40.875 -0.848275 41.5
      vertex -45.375 -0.882758 41.5
      vertex -45.375 -0.848275 41.5
    endloop
  endfacet
  facet normal 0 0 -1
    outer loop
      vertex -45.375 0.848275 41.5
      vertex -40.875 0.882758 41.5
      vertex -40.875 0.848275 41.5
    endloop
  endfacet
  facet normal -0 0 -1
    outer loop
      vertex -40.875 0.882758 41.5
      vertex -45.375 0.848275 41.5
      vertex -45.375 0.882758 41.5
    endloop
  endfacet
  facet normal 0 -1 0
    outer loop
      vertex -45.375 0.882758 41
      vertex -40.875 0.882758 41.5
      vertex -45.375 0.882758 41.5
    endloop
  endfacet
  facet normal 0 -1 -0
    outer loop
      vertex -40.875 0.882758 41.5
      vertex -45.375 0.882758 41
      vertex -40.875 0.882758 41
    endloop
  endfacet
  facet normal 0 1 -0
    outer loop
      vertex -40.875 -0.882758 41
      vertex -45.375 -0.882758 41.5
      vertex -40.875 -0.882758 41.5
    endloop
  endfacet
  facet normal 0 1 0
    outer loop
      vertex -45.375 -0.882758 41.5
      vertex -40.875 -0.882758 41
      vertex -45.375 -0.882758 41
    endloop
  endfacet
  facet normal 0 0 -1
    outer loop
      vertex -45.375 0.813792 42
      vertex -40.875 0.848275 42
      vertex -40.875 0.813792 42
    endloop
  endfacet
  facet normal -0 0 -1
    outer loop
      vertex -40.875 0.848275 42
      vertex -45.375 0.813792 42
      vertex -45.375 0.848275 42
    endloop
  endfacet
  facet normal 0 0 -1
    outer loop
      vertex -45.375 -0.848275 42
      vertex -40.875 -0.813792 42
      vertex -40.875 -0.848275 42
    endloop
  endfacet
  facet normal -0 0 -1
    outer loop
      vertex -40.875 -0.813792 42
      vertex -45.375 -0.848275 42
      vertex -45.375 -0.813792 42
    endloop
  endfacet
  facet normal 0 -1 0
    outer loop
      vertex -45.375 0.848275 41.5
      vertex -40.875 0.848275 42
      vertex -45.375 0.848275 42
    endloop
  endfacet
  facet normal 0 -1 -0
    outer loop
      vertex -40.875 0.848275 42
      vertex -45.375 0.848275 41.5
      vertex -40.875 0.848275 41.5
    endloop
  endfacet
  facet normal 0 1 -0
    outer loop
      vertex -40.875 -0.848275 41.5
      vertex -45.375 -0.848275 42
      vertex -40.875 -0.848275 42
    endloop
  endfacet
  facet normal 0 1 0
    outer loop
      vertex -45.375 -0.848275 42
      vertex -40.875 -0.848275 41.5
      vertex -45.375 -0.848275 41.5
    endloop
  endfacet
  facet normal -0 0 1
    outer loop
      vertex -45.375 -0.813792 42.5
      vertex -40.875 -1.17931 42.5
      vertex -40.875 -0.813792 42.5
    endloop
  endfacet
  facet normal 0 0 1
    outer loop
      vertex -40.875 -1.17931 42.5
      vertex -45.375 -0.813792 42.5
      vertex -45.375 -1.17931 42.5
    endloop
  endfacet
  facet normal -0 0 1
    outer loop
      vertex -45.375 1.17931 42.5
      vertex -40.875 0.813792 42.5
      vertex -40.875 1.17931 42.5
    endloop
  endfacet
  facet normal 0 0 1
    outer loop
      vertex -40.875 0.813792 42.5
      vertex -45.375 1.17931 42.5
      vertex -45.375 0.813792 42.5
    endloop
  endfacet
  facet normal 0 -1 0
    outer loop
      vertex -45.375 0.813792 42
      vertex -40.875 0.813792 42.5
      vertex -45.375 0.813792 42.5
    endloop
  endfacet
  facet normal 0 -1 -0
    outer loop
      vertex -40.875 0.813792 42.5
      vertex -45.375 0.813792 42
      vertex -40.875 0.813792 42
    endloop
  endfacet
  facet normal 0 1 -0
    outer loop
      vertex -40.875 -0.813792 42
      vertex -45.375 -0.813792 42.5
      vertex -40.875 -0.813792 42.5
    endloop
  endfacet
  facet normal 0 1 0
    outer loop
      vertex -45.375 -0.813792 42.5
      vertex -40.875 -0.813792 42
      vertex -45.375 -0.813792 42
    endloop
  endfacet
  facet normal 0 0 -1
    outer loop
      vertex -45.375 -1.17931 43
      vertex -40.875 -1.14483 43
      vertex -40.875 -1.17931 43
    endloop
  endfacet
  facet normal -0 0 -1
    outer loop
      vertex -40.875 -1.14483 43
      vertex -45.375 -1.17931 43
      vertex -45.375 -1.14483 43
    endloop
  endfacet
  facet normal 0 0 -1
    outer loop
      vertex -45.375 1.14483 43
      vertex -40.875 1.17931 43
      vertex -40.875 1.14483 43
    endloop
  endfacet
  facet normal -0 0 -1
    outer loop
      vertex -40.875 1.17931 43
      vertex -45.375 1.14483 43
      vertex -45.375 1.17931 43
    endloop
  endfacet
  facet normal 0 -1 0
    outer loop
      vertex -45.375 1.17931 42.5
      vertex -40.875 1.17931 43
      vertex -45.375 1.17931 43
    endloop
  endfacet
  facet normal 0 -1 -0
    outer loop
      vertex -40.875 1.17931 43
      vertex -45.375 1.17931 42.5
      vertex -40.875 1.17931 42.5
    endloop
  endfacet
  facet normal 0 1 -0
    outer loop
      vertex -40.875 -1.17931 42.5
      vertex -45.375 -1.17931 43
      vertex -40.875 -1.17931 43
    endloop
  endfacet
  facet normal 0 1 0
    outer loop
      vertex -45.375 -1.17931 43
      vertex -40.875 -1.17931 42.5
      vertex -45.375 -1.17931 42.5
    endloop
  endfacet
  facet normal 0 0 -1
    outer loop
      vertex -45.375 -1.14483 43.5
      vertex -40.875 -1.11034 43.5
      vertex -40.875 -1.14483 43.5
    endloop
  endfacet
  facet normal -0 0 -1
    outer loop
      vertex -40.875 -1.11034 43.5
      vertex -45.375 -1.14483 43.5
      vertex -45.375 -1.11034 43.5
    endloop
  endfacet
  facet normal 0 0 -1
    outer loop
      vertex -45.375 1.11034 43.5
      vertex -40.875 1.14483 43.5
      vertex -40.875 1.11034 43.5
    endloop
  endfacet
  facet normal -0 0 -1
    outer loop
      vertex -40.875 1.14483 43.5
      vertex -45.375 1.11034 43.5
      vertex -45.375 1.14483 43.5
    endloop
  endfacet
  facet normal 0 -1 0
    outer loop
      vertex -45.375 1.14483 43
      vertex -40.875 1.14483 43.5
      vertex -45.375 1.14483 43.5
    endloop
  endfacet
  facet normal 0 -1 -0
    outer loop
      vertex -40.875 1.14483 43.5
      vertex -45.375 1.14483 43
      vertex -40.875 1.14483 43
    endloop
  endfacet
  facet normal 0 1 -0
    outer loop
      vertex -40.875 -1.14483 43
      vertex -45.375 -1.14483 43.5
      vertex -40.875 -1.14483 43.5
    endloop
  endfacet
  facet normal 0 1 0
    outer loop
      vertex -45.375 -1.14483 43.5
      vertex -40.875 -1.14483 43
      vertex -45.375 -1.14483 43
    endloop
  endfacet
  facet normal 0 0 -1
    outer loop
      vertex -45.375 -1.11034 44
      vertex -40.875 -1.07586 44
      vertex -40.875 -1.11034 44
    endloop
  endfacet
  facet normal -0 0 -1
    outer loop
      vertex -40.875 -1.07586 44
      vertex -45.375 -1.11034 44
      vertex -45.375 -1.07586 44
    endloop
  endfacet
  facet normal 0 0 -1
    outer loop
      vertex -45.375 1.07586 44
      vertex -40.875 1.11034 44
      vertex -40.875 1.07586 44
    endloop
  endfacet
  facet normal -0 0 -1
    outer loop
      vertex -40.875 1.11034 44
      vertex -45.375 1.07586 44
      vertex -45.375 1.11034 44
    endloop
  endfacet
  facet normal 0 -1 0
    outer loop
      vertex -45.375 1.11034 43.5
      vertex -40.875 1.11034 44
      vertex -45.375 1.11034 44
    endloop
  endfacet
  facet normal 0 -1 -0
    outer loop
      vertex -40.875 1.11034 44
      vertex -45.375 1.11034 43.5
      vertex -40.875 1.11034 43.5
    endloop
  endfacet
  facet normal 0 1 -0
    outer loop
      vertex -40.875 -1.11034 43.5
      vertex -45.375 -1.11034 44
      vertex -40.875 -1.11034 44
    endloop
  endfacet
  facet normal 0 1 0
    outer loop
      vertex -45.375 -1.11034 44
      vertex -40.875 -1.11034 43.5
      vertex -45.375 -1.11034 43.5
    endloop
  endfacet
  facet normal 0 0 -1
    outer loop
      vertex -45.375 -1.07586 44.5
      vertex -40.875 -1.04138 44.5
      vertex -40.875 -1.07586 44.5
    endloop
  endfacet
  facet normal -0 0 -1
    outer loop
      vertex -40.875 -1.04138 44.5
      vertex -45.375 -1.07586 44.5
      vertex -45.375 -1.04138 44.5
    endloop
  endfacet
  facet normal 0 0 -1
    outer loop
      vertex -45.375 1.04138 44.5
      vertex -40.875 1.07586 44.5
      vertex -40.875 1.04138 44.5
    endloop
  endfacet
  facet normal -0 0 -1
    outer loop
      vertex -40.875 1.07586 44.5
      vertex -45.375 1.04138 44.5
      vertex -45.375 1.07586 44.5
    endloop
  endfacet
  facet normal 0 -1 0
    outer loop
      vertex -45.375 1.07586 44
      vertex -40.875 1.07586 44.5
      vertex -45.375 1.07586 44.5
    endloop
  endfacet
  facet normal 0 -1 -0
    outer loop
      vertex -40.875 1.07586 44.5
      vertex -45.375 1.07586 44
      vertex -40.875 1.07586 44
    endloop
  endfacet
  facet normal 0 1 -0
    outer loop
      vertex -40.875 -1.07586 44
      vertex -45.375 -1.07586 44.5
      vertex -40.875 -1.07586 44.5
    endloop
  endfacet
  facet normal 0 1 0
    outer loop
      vertex -45.375 -1.07586 44.5
      vertex -40.875 -1.07586 44
      vertex -45.375 -1.07586 44
    endloop
  endfacet
  facet normal 0 0 -1
    outer loop
      vertex -45.375 -1.04138 45
      vertex -40.875 -1.0069 45
      vertex -40.875 -1.04138 45
    endloop
  endfacet
  facet normal -0 0 -1
    outer loop
      vertex -40.875 -1.0069 45
      vertex -45.375 -1.04138 45
      vertex -45.375 -1.0069 45
    endloop
  endfacet
  facet normal 0 0 -1
    outer loop
      vertex -45.375 1.0069 45
      vertex -40.875 1.04138 45
      vertex -40.875 1.0069 45
    endloop
  endfacet
  facet normal -0 0 -1
    outer loop
      vertex -40.875 1.04138 45
      vertex -45.375 1.0069 45
      vertex -45.375 1.04138 45
    endloop
  endfacet
  facet normal 0 -1 0
    outer loop
      vertex -45.375 1.04138 44.5
      vertex -40.875 1.04138 45
      vertex -45.375 1.04138 45
    endloop
  endfacet
  facet normal 0 -1 -0
    outer loop
      vertex -40.875 1.04138 45
      vertex -45.375 1.04138 44.5
      vertex -40.875 1.04138 44.5
    endloop
  endfacet
  facet normal 0 1 -0
    outer loop
      vertex -40.875 -1.04138 44.5
      vertex -45.375 -1.04138 45
      vertex -40.875 -1.04138 45
    endloop
  endfacet
  facet normal 0 1 0
    outer loop
      vertex -45.375 -1.04138 45
      vertex -40.875 -1.04138 44.5
      vertex -45.375 -1.04138 44.5
    endloop
  endfacet
  facet normal 0 0 -1
    outer loop
      vertex -45.375 -1.0069 45.5
      vertex -40.875 -0.972413 45.5
      vertex -40.875 -1.0069 45.5
    endloop
  endfacet
  facet normal -0 0 -1
    outer loop
      vertex -40.875 -0.972413 45.5
      vertex -45.375 -1.0069 45.5
      vertex -45.375 -0.972413 45.5
    endloop
  endfacet
  facet normal 0 0 -1
    outer loop
      vertex -45.375 0.972413 45.5
      vertex -40.875 1.0069 45.5
      vertex -40.875 0.972413 45.5
    endloop
  endfacet
  facet normal -0 0 -1
    outer loop
      vertex -40.875 1.0069 45.5
      vertex -45.375 0.972413 45.5
      vertex -45.375 1.0069 45.5
    endloop
  endfacet
  facet normal 0 -1 0
    outer loop
      vertex -45.375 1.0069 45
      vertex -40.875 1.0069 45.5
      vertex -45.375 1.0069 45.5
    endloop
  endfacet
  facet normal 0 -1 -0
    outer loop
      vertex -40.875 1.0069 45.5
      vertex -45.375 1.0069 45
      vertex -40.875 1.0069 45
    endloop
  endfacet
  facet normal 0 1 -0
    outer loop
      vertex -40.875 -1.0069 45
      vertex -45.375 -1.0069 45.5
      vertex -40.875 -1.0069 45.5
    endloop
  endfacet
  facet normal 0 1 0
    outer loop
      vertex -45.375 -1.0069 45.5
      vertex -40.875 -1.0069 45
      vertex -45.375 -1.0069 45
    endloop
  endfacet
  facet normal 0 0 -1
    outer loop
      vertex -45.375 -0.972413 46
      vertex -40.875 -0.93793 46
      vertex -40.875 -0.972413 46
    endloop
  endfacet
  facet normal -0 0 -1
    outer loop
      vertex -40.875 -0.93793 46
      vertex -45.375 -0.972413 46
      vertex -45.375 -0.93793 46
    endloop
  endfacet
  facet normal 0 0 -1
    outer loop
      vertex -45.375 0.93793 46
      vertex -40.875 0.972413 46
      vertex -40.875 0.93793 46
    endloop
  endfacet
  facet normal -0 0 -1
    outer loop
      vertex -40.875 0.972413 46
      vertex -45.375 0.93793 46
      vertex -45.375 0.972413 46
    endloop
  endfacet
  facet normal 0 -1 0
    outer loop
      vertex -45.375 0.972413 45.5
      vertex -40.875 0.972413 46
      vertex -45.375 0.972413 46
    endloop
  endfacet
  facet normal 0 -1 -0
    outer loop
      vertex -40.875 0.972413 46
      vertex -45.375 0.972413 45.5
      vertex -40.875 0.972413 45.5
    endloop
  endfacet
  facet normal 0 1 -0
    outer loop
      vertex -40.875 -0.972413 45.5
      vertex -45.375 -0.972413 46
      vertex -40.875 -0.972413 46
    endloop
  endfacet
  facet normal 0 1 0
    outer loop
      vertex -45.375 -0.972413 46
      vertex -40.875 -0.972413 45.5
      vertex -45.375 -0.972413 45.5
    endloop
  endfacet
  facet normal 0 0 -1
    outer loop
      vertex -45.375 -0.93793 46.5
      vertex -40.875 -0.903448 46.5
      vertex -40.875 -0.93793 46.5
    endloop
  endfacet
  facet normal -0 0 -1
    outer loop
      vertex -40.875 -0.903448 46.5
      vertex -45.375 -0.93793 46.5
      vertex -45.375 -0.903448 46.5
    endloop
  endfacet
  facet normal 0 0 -1
    outer loop
      vertex -45.375 0.903448 46.5
      vertex -40.875 0.93793 46.5
      vertex -40.875 0.903448 46.5
    endloop
  endfacet
  facet normal -0 0 -1
    outer loop
      vertex -40.875 0.93793 46.5
      vertex -45.375 0.903448 46.5
      vertex -45.375 0.93793 46.5
    endloop
  endfacet
  facet normal 0 -1 0
    outer loop
      vertex -45.375 0.93793 46
      vertex -40.875 0.93793 46.5
      vertex -45.375 0.93793 46.5
    endloop
  endfacet
  facet normal 0 -1 -0
    outer loop
      vertex -40.875 0.93793 46.5
      vertex -45.375 0.93793 46
      vertex -40.875 0.93793 46
    endloop
  endfacet
  facet normal 0 1 -0
    outer loop
      vertex -40.875 -0.93793 46
      vertex -45.375 -0.93793 46.5
      vertex -40.875 -0.93793 46.5
    endloop
  endfacet
  facet normal 0 1 0
    outer loop
      vertex -45.375 -0.93793 46.5
      vertex -40.875 -0.93793 46
      vertex -45.375 -0.93793 46
    endloop
  endfacet
  facet normal 0 0 -1
    outer loop
      vertex -45.375 -0.903448 47
      vertex -40.875 -0.868965 47
      vertex -40.875 -0.903448 47
    endloop
  endfacet
  facet normal -0 0 -1
    outer loop
      vertex -40.875 -0.868965 47
      vertex -45.375 -0.903448 47
      vertex -45.375 -0.868965 47
    endloop
  endfacet
  facet normal 0 0 -1
    outer loop
      vertex -45.375 0.868965 47
      vertex -40.875 0.903448 47
      vertex -40.875 0.868965 47
    endloop
  endfacet
  facet normal -0 0 -1
    outer loop
      vertex -40.875 0.903448 47
      vertex -45.375 0.868965 47
      vertex -45.375 0.903448 47
    endloop
  endfacet
  facet normal 0 -1 0
    outer loop
      vertex -45.375 0.903448 46.5
      vertex -40.875 0.903448 47
      vertex -45.375 0.903448 47
    endloop
  endfacet
  facet normal 0 -1 -0
    outer loop
      vertex -40.875 0.903448 47
      vertex -45.375 0.903448 46.5
      vertex -40.875 0.903448 46.5
    endloop
  endfacet
  facet normal 0 1 -0
    outer loop
      vertex -40.875 -0.903448 46.5
      vertex -45.375 -0.903448 47
      vertex -40.875 -0.903448 47
    endloop
  endfacet
  facet normal 0 1 0
    outer loop
      vertex -45.375 -0.903448 47
      vertex -40.875 -0.903448 46.5
      vertex -45.375 -0.903448 46.5
    endloop
  endfacet
  facet normal 0 0 -1
    outer loop
      vertex -45.375 0.834482 47.5
      vertex -40.875 0.868965 47.5
      vertex -40.875 0.834482 47.5
    endloop
  endfacet
  facet normal -0 0 -1
    outer loop
      vertex -40.875 0.868965 47.5
      vertex -45.375 0.834482 47.5
      vertex -45.375 0.868965 47.5
    endloop
  endfacet
  facet normal 0 0 -1
    outer loop
      vertex -45.375 -0.868965 47.5
      vertex -40.875 -0.834482 47.5
      vertex -40.875 -0.868965 47.5
    endloop
  endfacet
  facet normal -0 0 -1
    outer loop
      vertex -40.875 -0.834482 47.5
      vertex -45.375 -0.868965 47.5
      vertex -45.375 -0.834482 47.5
    endloop
  endfacet
  facet normal 0 -1 0
    outer loop
      vertex -45.375 0.868965 47
      vertex -40.875 0.868965 47.5
      vertex -45.375 0.868965 47.5
    endloop
  endfacet
  facet normal 0 -1 -0
    outer loop
      vertex -40.875 0.868965 47.5
      vertex -45.375 0.868965 47
      vertex -40.875 0.868965 47
    endloop
  endfacet
  facet normal 0 1 -0
    outer loop
      vertex -40.875 -0.868965 47
      vertex -45.375 -0.868965 47.5
      vertex -40.875 -0.868965 47.5
    endloop
  endfacet
  facet normal 0 1 0
    outer loop
      vertex -45.375 -0.868965 47.5
      vertex -40.875 -0.868965 47
      vertex -45.375 -0.868965 47
    endloop
  endfacet
  facet normal -0 0 1
    outer loop
      vertex -45.375 -0.834482 48
      vertex -40.875 -1.2 48
      vertex -40.875 -0.834482 48
    endloop
  endfacet
  facet normal 0 0 1
    outer loop
      vertex -40.875 -1.2 48
      vertex -45.375 -0.834482 48
      vertex -45.375 -1.2 48
    endloop
  endfacet
  facet normal -0 0 1
    outer loop
      vertex -45.375 1.2 48
      vertex -40.875 0.834482 48
      vertex -40.875 1.2 48
    endloop
  endfacet
  facet normal 0 0 1
    outer loop
      vertex -40.875 0.834482 48
      vertex -45.375 1.2 48
      vertex -45.375 0.834482 48
    endloop
  endfacet
  facet normal 0 -1 0
    outer loop
      vertex -45.375 0.834482 47.5
      vertex -40.875 0.834482 48
      vertex -45.375 0.834482 48
    endloop
  endfacet
  facet normal 0 -1 -0
    outer loop
      vertex -40.875 0.834482 48
      vertex -45.375 0.834482 47.5
      vertex -40.875 0.834482 47.5
    endloop
  endfacet
  facet normal 0 1 -0
    outer loop
      vertex -40.875 -0.834482 47.5
      vertex -45.375 -0.834482 48
      vertex -40.875 -0.834482 48
    endloop
  endfacet
  facet normal 0 1 0
    outer loop
      vertex -45.375 -0.834482 48
      vertex -40.875 -0.834482 47.5
      vertex -45.375 -0.834482 47.5
    endloop
  endfacet
  facet normal 0 0 -1
    outer loop
      vertex -45.375 -1.2 48.5
      vertex -40.875 -1.16552 48.5
      vertex -40.875 -1.2 48.5
    endloop
  endfacet
  facet normal -0 0 -1
    outer loop
      vertex -40.875 -1.16552 48.5
      vertex -45.375 -1.2 48.5
      vertex -45.375 -1.16552 48.5
    endloop
  endfacet
  facet normal 0 0 -1
    outer loop
      vertex -45.375 1.16552 48.5
      vertex -40.875 1.2 48.5
      vertex -40.875 1.16552 48.5
    endloop
  endfacet
  facet normal -0 0 -1
    outer loop
      vertex -40.875 1.2 48.5
      vertex -45.375 1.16552 48.5
      vertex -45.375 1.2 48.5
    endloop
  endfacet
  facet normal 0 -1 0
    outer loop
      vertex -45.375 1.2 48
      vertex -40.875 1.2 48.5
      vertex -45.375 1.2 48.5
    endloop
  endfacet
  facet normal 0 -1 -0
    outer loop
      vertex -40.875 1.2 48.5
      vertex -45.375 1.2 48
      vertex -40.875 1.2 48
    endloop
  endfacet
  facet normal 0 1 -0
    outer loop
      vertex -40.875 -1.2 48
      vertex -45.375 -1.2 48.5
      vertex -40.875 -1.2 48.5
    endloop
  endfacet
  facet normal 0 1 0
    outer loop
      vertex -45.375 -1.2 48.5
      vertex -40.875 -1.2 48
      vertex -45.375 -1.2 48
    endloop
  endfacet
  facet normal 0 0 -1
    outer loop
      vertex -45.375 -1.16552 49
      vertex -40.875 -1.13103 49
      vertex -40.875 -1.16552 49
    endloop
  endfacet
  facet normal -0 0 -1
    outer loop
      vertex -40.875 -1.13103 49
      vertex -45.375 -1.16552 49
      vertex -45.375 -1.13103 49
    endloop
  endfacet
  facet normal 0 0 -1
    outer loop
      vertex -45.375 1.13103 49
      vertex -40.875 1.16552 49
      vertex -40.875 1.13103 49
    endloop
  endfacet
  facet normal -0 0 -1
    outer loop
      vertex -40.875 1.16552 49
      vertex -45.375 1.13103 49
      vertex -45.375 1.16552 49
    endloop
  endfacet
  facet normal 0 -1 0
    outer loop
      vertex -45.375 1.16552 48.5
      vertex -40.875 1.16552 49
      vertex -45.375 1.16552 49
    endloop
  endfacet
  facet normal 0 -1 -0
    outer loop
      vertex -40.875 1.16552 49
      vertex -45.375 1.16552 48.5
      vertex -40.875 1.16552 48.5
    endloop
  endfacet
  facet normal 0 1 -0
    outer loop
      vertex -40.875 -1.16552 48.5
      vertex -45.375 -1.16552 49
      vertex -40.875 -1.16552 49
    endloop
  endfacet
  facet normal 0 1 0
    outer loop
      vertex -45.375 -1.16552 49
      vertex -40.875 -1.16552 48.5
      vertex -45.375 -1.16552 48.5
    endloop
  endfacet
  facet normal 0 0 -1
    outer loop
      vertex -45.375 -1.13103 49.5
      vertex -40.875 -1.09655 49.5
      vertex -40.875 -1.13103 49.5
    endloop
  endfacet
  facet normal -0 0 -1
    outer loop
      vertex -40.875 -1.09655 49.5
      vertex -45.375 -1.13103 49.5
      vertex -45.375 -1.09655 49.5
    endloop
  endfacet
  facet normal 0 0 -1
    outer loop
      vertex -45.375 1.09655 49.5
      vertex -40.875 1.13103 49.5
      vertex -40.875 1.09655 49.5
    endloop
  endfacet
  facet normal -0 0 -1
    outer loop
      vertex -40.875 1.13103 49.5
      vertex -45.375 1.09655 49.5
      vertex -45.375 1.13103 49.5
    endloop
  endfacet
  facet normal 0 -1 0
    outer loop
      vertex -45.375 1.13103 49
      vertex -40.875 1.13103 49.5
      vertex -45.375 1.13103 49.5
    endloop
  endfacet
  facet normal 0 -1 -0
    outer loop
      vertex -40.875 1.13103 49.5
      vertex -45.375 1.13103 49
      vertex -40.875 1.13103 49
    endloop
  endfacet
  facet normal 0 1 -0
    outer loop
      vertex -40.875 -1.13103 49
      vertex -45.375 -1.13103 49.5
      vertex -40.875 -1.13103 49.5
    endloop
  endfacet
  facet normal 0 1 0
    outer loop
      vertex -45.375 -1.13103 49.5
      vertex -40.875 -1.13103 49
      vertex -45.375 -1.13103 49
    endloop
  endfacet
  facet normal 0 0 -1
    outer loop
      vertex -45.375 -1.09655 50
      vertex -40.875 -1.06207 50
      vertex -40.875 -1.09655 50
    endloop
  endfacet
  facet normal -0 0 -1
    outer loop
      vertex -40.875 -1.06207 50
      vertex -45.375 -1.09655 50
      vertex -45.375 -1.06207 50
    endloop
  endfacet
  facet normal 0 0 -1
    outer loop
      vertex -45.375 1.06207 50
      vertex -40.875 1.09655 50
      vertex -40.875 1.06207 50
    endloop
  endfacet
  facet normal -0 0 -1
    outer loop
      vertex -40.875 1.09655 50
      vertex -45.375 1.06207 50
      vertex -45.375 1.09655 50
    endloop
  endfacet
  facet normal 0 -1 0
    outer loop
      vertex -45.375 1.09655 49.5
      vertex -40.875 1.09655 50
      vertex -45.375 1.09655 50
    endloop
  endfacet
  facet normal 0 -1 -0
    outer loop
      vertex -40.875 1.09655 50
      vertex -45.375 1.09655 49.5
      vertex -40.875 1.09655 49.5
    endloop
  endfacet
  facet normal 0 1 -0
    outer loop
      vertex -40.875 -1.09655 49.5
      vertex -45.375 -1.09655 50
      vertex -40.875 -1.09655 50
    endloop
  endfacet
  facet normal 0 1 0
    outer loop
      vertex -45.375 -1.09655 50
      vertex -40.875 -1.09655 49.5
      vertex -45.375 -1.09655 49.5
    endloop
  endfacet
  facet normal 0 0 -1
    outer loop
      vertex -45.375 -1.06207 50.5
      vertex -40.875 -1.02759 50.5
      vertex -40.875 -1.06207 50.5
    endloop
  endfacet
  facet normal -0 0 -1
    outer loop
      vertex -40.875 -1.02759 50.5
      vertex -45.375 -1.06207 50.5
      vertex -45.375 -1.02759 50.5
    endloop
  endfacet
  facet normal 0 0 -1
    outer loop
      vertex -45.375 1.02759 50.5
      vertex -40.875 1.06207 50.5
      vertex -40.875 1.02759 50.5
    endloop
  endfacet
  facet normal -0 0 -1
    outer loop
      vertex -40.875 1.06207 50.5
      vertex -45.375 1.02759 50.5
      vertex -45.375 1.06207 50.5
    endloop
  endfacet
  facet normal 0 -1 0
    outer loop
      vertex -45.375 1.06207 50
      vertex -40.875 1.06207 50.5
      vertex -45.375 1.06207 50.5
    endloop
  endfacet
  facet normal 0 -1 -0
    outer loop
      vertex -40.875 1.06207 50.5
      vertex -45.375 1.06207 50
      vertex -40.875 1.06207 50
    endloop
  endfacet
  facet normal 0 1 -0
    outer loop
      vertex -40.875 -1.06207 50
      vertex -45.375 -1.06207 50.5
      vertex -40.875 -1.06207 50.5
    endloop
  endfacet
  facet normal 0 1 0
    outer loop
      vertex -45.375 -1.06207 50.5
      vertex -40.875 -1.06207 50
      vertex -45.375 -1.06207 50
    endloop
  endfacet
  facet normal 0 0 -1
    outer loop
      vertex -45.375 -1.02759 51
      vertex -40.875 -0.993103 51
      vertex -40.875 -1.02759 51
    endloop
  endfacet
  facet normal -0 0 -1
    outer loop
      vertex -40.875 -0.993103 51
      vertex -45.375 -1.02759 51
      vertex -45.375 -0.993103 51
    endloop
  endfacet
  facet normal 0 0 -1
    outer loop
      vertex -45.375 0.993103 51
      vertex -40.875 1.02759 51
      vertex -40.875 0.993103 51
    endloop
  endfacet
  facet normal -0 0 -1
    outer loop
      vertex -40.875 1.02759 51
      vertex -45.375 0.993103 51
      vertex -45.375 1.02759 51
    endloop
  endfacet
  facet normal 0 -1 0
    outer loop
      vertex -45.375 1.02759 50.5
      vertex -40.875 1.02759 51
      vertex -45.375 1.02759 51
    endloop
  endfacet
  facet normal 0 -1 -0
    outer loop
      vertex -40.875 1.02759 51
      vertex -45.375 1.02759 50.5
      vertex -40.875 1.02759 50.5
    endloop
  endfacet
  facet normal 0 1 -0
    outer loop
      vertex -40.875 -1.02759 50.5
      vertex -45.375 -1.02759 51
      vertex -40.875 -1.02759 51
    endloop
  endfacet
  facet normal 0 1 0
    outer loop
      vertex -45.375 -1.02759 51
      vertex -40.875 -1.02759 50.5
      vertex -45.375 -1.02759 50.5
    endloop
  endfacet
  facet normal 0 0 -1
    outer loop
      vertex -45.375 -0.993103 51.5
      vertex -40.875 -0.95862 51.5
      vertex -40.875 -0.993103 51.5
    endloop
  endfacet
  facet normal -0 0 -1
    outer loop
      vertex -40.875 -0.95862 51.5
      vertex -45.375 -0.993103 51.5
      vertex -45.375 -0.95862 51.5
    endloop
  endfacet
  facet normal 0 0 -1
    outer loop
      vertex -45.375 0.95862 51.5
      vertex -40.875 0.993103 51.5
      vertex -40.875 0.95862 51.5
    endloop
  endfacet
  facet normal -0 0 -1
    outer loop
      vertex -40.875 0.993103 51.5
      vertex -45.375 0.95862 51.5
      vertex -45.375 0.993103 51.5
    endloop
  endfacet
  facet normal 0 -1 0
    outer loop
      vertex -45.375 0.993103 51
      vertex -40.875 0.993103 51.5
      vertex -45.375 0.993103 51.5
    endloop
  endfacet
  facet normal 0 -1 -0
    outer loop
      vertex -40.875 0.993103 51.5
      vertex -45.375 0.993103 51
      vertex -40.875 0.993103 51
    endloop
  endfacet
  facet normal 0 1 -0
    outer loop
      vertex -40.875 -0.993103 51
      vertex -45.375 -0.993103 51.5
      vertex -40.875 -0.993103 51.5
    endloop
  endfacet
  facet normal 0 1 0
    outer loop
      vertex -45.375 -0.993103 51.5
      vertex -40.875 -0.993103 51
      vertex -45.375 -0.993103 51
    endloop
  endfacet
  facet normal 0 0 -1
    outer loop
      vertex -45.375 -0.95862 52
      vertex -40.875 -0.924137 52
      vertex -40.875 -0.95862 52
    endloop
  endfacet
  facet normal -0 0 -1
    outer loop
      vertex -40.875 -0.924137 52
      vertex -45.375 -0.95862 52
      vertex -45.375 -0.924137 52
    endloop
  endfacet
  facet normal 0 0 -1
    outer loop
      vertex -45.375 0.924137 52
      vertex -40.875 0.95862 52
      vertex -40.875 0.924137 52
    endloop
  endfacet
  facet normal -0 0 -1
    outer loop
      vertex -40.875 0.95862 52
      vertex -45.375 0.924137 52
      vertex -45.375 0.95862 52
    endloop
  endfacet
  facet normal 0 -1 0
    outer loop
      vertex -45.375 0.95862 51.5
      vertex -40.875 0.95862 52
      vertex -45.375 0.95862 52
    endloop
  endfacet
  facet normal 0 -1 -0
    outer loop
      vertex -40.875 0.95862 52
      vertex -45.375 0.95862 51.5
      vertex -40.875 0.95862 51.5
    endloop
  endfacet
  facet normal 0 1 -0
    outer loop
      vertex -40.875 -0.95862 51.5
      vertex -45.375 -0.95862 52
      vertex -40.875 -0.95862 52
    endloop
  endfacet
  facet normal 0 1 0
    outer loop
      vertex -45.375 -0.95862 52
      vertex -40.875 -0.95862 51.5
      vertex -45.375 -0.95862 51.5
    endloop
  endfacet
  facet normal 0 0 -1
    outer loop
      vertex -45.375 0.889655 52.5
      vertex -40.875 0.924137 52.5
      vertex -40.875 0.889655 52.5
    endloop
  endfacet
  facet normal -0 0 -1
    outer loop
      vertex -40.875 0.924137 52.5
      vertex -45.375 0.889655 52.5
      vertex -45.375 0.924137 52.5
    endloop
  endfacet
  facet normal 0 0 -1
    outer loop
      vertex -45.375 -0.924137 52.5
      vertex -40.875 -0.889655 52.5
      vertex -40.875 -0.924137 52.5
    endloop
  endfacet
  facet normal -0 0 -1
    outer loop
      vertex -40.875 -0.889655 52.5
      vertex -45.375 -0.924137 52.5
      vertex -45.375 -0.889655 52.5
    endloop
  endfacet
  facet normal 0 -1 0
    outer loop
      vertex -45.375 0.924137 52
      vertex -40.875 0.924137 52.5
      vertex -45.375 0.924137 52.5
    endloop
  endfacet
  facet normal 0 -1 -0
    outer loop
      vertex -40.875 0.924137 52.5
      vertex -45.375 0.924137 52
      vertex -40.875 0.924137 52
    endloop
  endfacet
  facet normal 0 1 -0
    outer loop
      vertex -40.875 -0.924137 52
      vertex -45.375 -0.924137 52.5
      vertex -40.875 -0.924137 52.5
    endloop
  endfacet
  facet normal 0 1 0
    outer loop
      vertex -45.375 -0.924137 52.5
      vertex -40.875 -0.924137 52
      vertex -45.375 -0.924137 52
    endloop
  endfacet
  facet normal 0 0 -1
    outer loop
      vertex -45.375 -0.889655 53
      vertex -40.875 -0.855172 53
      vertex -40.875 -0.889655 53
    endloop
  endfacet
  facet normal -0 0 -1
    outer loop
      vertex -40.875 -0.855172 53
      vertex -45.375 -0.889655 53
      vertex -45.375 -0.855172 53
    endloop
  endfacet
  facet normal 0 0 -1
    outer loop
      vertex -45.375 0.855172 53
      vertex -40.875 0.889655 53
      vertex -40.875 0.855172 53
    endloop
  endfacet
  facet normal -0 0 -1
    outer loop
      vertex -40.875 0.889655 53
      vertex -45.375 0.855172 53
      vertex -45.375 0.889655 53
    endloop
  endfacet
  facet normal 0 -1 0
    outer loop
      vertex -45.375 0.889655 52.5
      vertex -40.875 0.889655 53
      vertex -45.375 0.889655 53
    endloop
  endfacet
  facet normal 0 -1 -0
    outer loop
      vertex -40.875 0.889655 53
      vertex -45.375 0.889655 52.5
      vertex -40.875 0.889655 52.5
    endloop
  endfacet
  facet normal 0 1 -0
    outer loop
      vertex -40.875 -0.889655 52.5
      vertex -45.375 -0.889655 53
      vertex -40.875 -0.889655 53
    endloop
  endfacet
  facet normal 0 1 0
    outer loop
      vertex -45.375 -0.889655 53
      vertex -40.875 -0.889655 52.5
      vertex -45.375 -0.889655 52.5
    endloop
  endfacet
  facet normal 0 0 -1
    outer loop
      vertex -45.375 0.820689 53.5
      vertex -40.875 0.855172 53.5
      vertex -40.875 0.820689 53.5
    endloop
  endfacet
  facet normal -0 0 -1
    outer loop
      vertex -40.875 0.855172 53.5
      vertex -45.375 0.820689 53.5
      vertex -45.375 0.855172 53.5
    endloop
  endfacet
  facet normal 0 0 -1
    outer loop
      vertex -45.375 -0.855172 53.5
      vertex -40.875 -0.820689 53.5
      vertex -40.875 -0.855172 53.5
    endloop
  endfacet
  facet normal -0 0 -1
    outer loop
      vertex -40.875 -0.820689 53.5
      vertex -45.375 -0.855172 53.5
      vertex -45.375 -0.820689 53.5
    endloop
  endfacet
  facet normal 0 -1 0
    outer loop
      vertex -45.375 0.855172 53
      vertex -40.875 0.855172 53.5
      vertex -45.375 0.855172 53.5
    endloop
  endfacet
  facet normal 0 -1 -0
    outer loop
      vertex -40.875 0.855172 53.5
      vertex -45.375 0.855172 53
      vertex -40.875 0.855172 53
    endloop
  endfacet
  facet normal 0 1 -0
    outer loop
      vertex -40.875 -0.855172 53
      vertex -45.375 -0.855172 53.5
      vertex -40.875 -0.855172 53.5
    endloop
  endfacet
  facet normal 0 1 0
    outer loop
      vertex -45.375 -0.855172 53.5
      vertex -40.875 -0.855172 53
      vertex -45.375 -0.855172 53
    endloop
  endfacet
  facet normal -0 0 1
    outer loop
      vertex -45.375 -0.820689 54
      vertex -40.875 -1.18621 54
      vertex -40.875 -0.820689 54
    endloop
  endfacet
  facet normal 0 0 1
    outer loop
      vertex -40.875 -1.18621 54
      vertex -45.375 -0.820689 54
      vertex -45.375 -1.18621 54
    endloop
  endfacet
  facet normal -0 0 1
    outer loop
      vertex -45.375 1.18621 54
      vertex -40.875 0.820689 54
      vertex -40.875 1.18621 54
    endloop
  endfacet
  facet normal 0 0 1
    outer loop
      vertex -40.875 0.820689 54
      vertex -45.375 1.18621 54
      vertex -45.375 0.820689 54
    endloop
  endfacet
  facet normal 0 -1 0
    outer loop
      vertex -45.375 0.820689 53.5
      vertex -40.875 0.820689 54
      vertex -45.375 0.820689 54
    endloop
  endfacet
  facet normal 0 -1 -0
    outer loop
      vertex -40.875 0.820689 54
      vertex -45.375 0.820689 53.5
      vertex -40.875 0.820689 53.5
    endloop
  endfacet
  facet normal 0 1 -0
    outer loop
      vertex -40.875 -0.820689 53.5
      vertex -45.375 -0.820689 54
      vertex -40.875 -0.820689 54
    endloop
  endfacet
  facet normal 0 1 0
    outer loop
      vertex -45.375 -0.820689 54
      vertex -40.875 -0.820689 53.5
      vertex -45.375 -0.820689 53.5
    endloop
  endfacet
  facet normal 0 0 -1
    outer loop
      vertex -45.375 -1.18621 54.5
      vertex -40.875 -1.15172 54.5
      vertex -40.875 -1.18621 54.5
    endloop
  endfacet
  facet normal -0 0 -1
    outer loop
      vertex -40.875 -1.15172 54.5
      vertex -45.375 -1.18621 54.5
      vertex -45.375 -1.15172 54.5
    endloop
  endfacet
  facet normal 0 0 -1
    outer loop
      vertex -45.375 1.15172 54.5
      vertex -40.875 1.18621 54.5
      vertex -40.875 1.15172 54.5
    endloop
  endfacet
  facet normal -0 0 -1
    outer loop
      vertex -40.875 1.18621 54.5
      vertex -45.375 1.15172 54.5
      vertex -45.375 1.18621 54.5
    endloop
  endfacet
  facet normal 0 -1 0
    outer loop
      vertex -45.375 1.18621 54
      vertex -40.875 1.18621 54.5
      vertex -45.375 1.18621 54.5
    endloop
  endfacet
  facet normal 0 -1 -0
    outer loop
      vertex -40.875 1.18621 54.5
      vertex -45.375 1.18621 54
      vertex -40.875 1.18621 54
    endloop
  endfacet
  facet normal 0 1 -0
    outer loop
      vertex -40.875 -1.18621 54
      vertex -45.375 -1.18621 54.5
      vertex -40.875 -1.18621 54.5
    endloop
  endfacet
  facet normal 0 1 0
    outer loop
      vertex -45.375 -1.18621 54.5
      vertex -40.875 -1.18621 54
      vertex -45.375 -1.18621 54
    endloop
  endfacet
  facet normal 0 0 -1
    outer loop
      vertex -45.375 -1.15172 55
      vertex -40.875 -1.11724 55
      vertex -40.875 -1.15172 55
    endloop
  endfacet
  facet normal -0 0 -1
    outer loop
      vertex -40.875 -1.11724 55
      vertex -45.375 -1.15172 55
      vertex -45.375 -1.11724 55
    endloop
  endfacet
  facet normal 0 0 -1
    outer loop
      vertex -45.375 1.11724 55
      vertex -40.875 1.15172 55
      vertex -40.875 1.11724 55
    endloop
  endfacet
  facet normal -0 0 -1
    outer loop
      vertex -40.875 1.15172 55
      vertex -45.375 1.11724 55
      vertex -45.375 1.15172 55
    endloop
  endfacet
  facet normal 0 -1 0
    outer loop
      vertex -45.375 1.15172 54.5
      vertex -40.875 1.15172 55
      vertex -45.375 1.15172 55
    endloop
  endfacet
  facet normal 0 -1 -0
    outer loop
      vertex -40.875 1.15172 55
      vertex -45.375 1.15172 54.5
      vertex -40.875 1.15172 54.5
    endloop
  endfacet
  facet normal 0 1 -0
    outer loop
      vertex -40.875 -1.15172 54.5
      vertex -45.375 -1.15172 55
      vertex -40.875 -1.15172 55
    endloop
  endfacet
  facet normal 0 1 0
    outer loop
      vertex -45.375 -1.15172 55
      vertex -40.875 -1.15172 54.5
      vertex -45.375 -1.15172 54.5
    endloop
  endfacet
  facet normal 0 0 -1
    outer loop
      vertex -45.375 -1.11724 55.5
      vertex -40.875 -1.08276 55.5
      vertex -40.875 -1.11724 55.5
    endloop
  endfacet
  facet normal -0 0 -1
    outer loop
      vertex -40.875 -1.08276 55.5
      vertex -45.375 -1.11724 55.5
      vertex -45.375 -1.08276 55.5
    endloop
  endfacet
  facet normal 0 0 -1
    outer loop
      vertex -45.375 1.08276 55.5
      vertex -40.875 1.11724 55.5
      vertex -40.875 1.08276 55.5
    endloop
  endfacet
  facet normal -0 0 -1
    outer loop
      vertex -40.875 1.11724 55.5
      vertex -45.375 1.08276 55.5
      vertex -45.375 1.11724 55.5
    endloop
  endfacet
  facet normal 0 -1 0
    outer loop
      vertex -45.375 1.11724 55
      vertex -40.875 1.11724 55.5
      vertex -45.375 1.11724 55.5
    endloop
  endfacet
  facet normal 0 -1 -0
    outer loop
      vertex -40.875 1.11724 55.5
      vertex -45.375 1.11724 55
      vertex -40.875 1.11724 55
    endloop
  endfacet
  facet normal 0 1 -0
    outer loop
      vertex -40.875 -1.11724 55
      vertex -45.375 -1.11724 55.5
      vertex -40.875 -1.11724 55.5
    endloop
  endfacet
  facet normal 0 1 0
    outer loop
      vertex -45.375 -1.11724 55.5
      vertex -40.875 -1.11724 55
      vertex -45.375 -1.11724 55
    endloop
  endfacet
  facet normal 0 0 -1
    outer loop
      vertex -45.375 -1.08276 56
      vertex -40.875 -1.04827 56
      vertex -40.875 -1.08276 56
    endloop
  endfacet
  facet normal -0 0 -1
    outer loop
      vertex -40.875 -1.04827 56
      vertex -45.375 -1.08276 56
      vertex -45.375 -1.04827 56
    endloop
  endfacet
  facet normal 0 0 -1
    outer loop
      vertex -45.375 1.04827 56
      vertex -40.875 1.08276 56
      vertex -40.875 1.04827 56
    endloop
  endfacet
  facet normal -0 0 -1
    outer loop
      vertex -40.875 1.08276 56
      vertex -45.375 1.04827 56
      vertex -45.375 1.08276 56
    endloop
  endfacet
  facet normal 0 -1 0
    outer loop
      vertex -45.375 1.08276 55.5
      vertex -40.875 1.08276 56
      vertex -45.375 1.08276 56
    endloop
  endfacet
  facet normal 0 -1 -0
    outer loop
      vertex -40.875 1.08276 56
      vertex -45.375 1.08276 55.5
      vertex -40.875 1.08276 55.5
    endloop
  endfacet
  facet normal 0 1 -0
    outer loop
      vertex -40.875 -1.08276 55.5
      vertex -45.375 -1.08276 56
      vertex -40.875 -1.08276 56
    endloop
  endfacet
  facet normal 0 1 0
    outer loop
      vertex -45.375 -1.08276 56
      vertex -40.875 -1.08276 55.5
      vertex -45.375 -1.08276 55.5
    endloop
  endfacet
  facet normal 0 0 -1
    outer loop
      vertex -45.375 -1.04827 56.5
      vertex -40.875 -1.01379 56.5
      vertex -40.875 -1.04827 56.5
    endloop
  endfacet
  facet normal -0 0 -1
    outer loop
      vertex -40.875 -1.01379 56.5
      vertex -45.375 -1.04827 56.5
      vertex -45.375 -1.01379 56.5
    endloop
  endfacet
  facet normal 0 0 -1
    outer loop
      vertex -45.375 1.01379 56.5
      vertex -40.875 1.04827 56.5
      vertex -40.875 1.01379 56.5
    endloop
  endfacet
  facet normal -0 0 -1
    outer loop
      vertex -40.875 1.04827 56.5
      vertex -45.375 1.01379 56.5
      vertex -45.375 1.04827 56.5
    endloop
  endfacet
  facet normal 0 -1 0
    outer loop
      vertex -45.375 1.04827 56
      vertex -40.875 1.04827 56.5
      vertex -45.375 1.04827 56.5
    endloop
  endfacet
  facet normal 0 -1 -0
    outer loop
      vertex -40.875 1.04827 56.5
      vertex -45.375 1.04827 56
      vertex -40.875 1.04827 56
    endloop
  endfacet
  facet normal 0 1 -0
    outer loop
      vertex -40.875 -1.04827 56
      vertex -45.375 -1.04827 56.5
      vertex -40.875 -1.04827 56.5
    endloop
  endfacet
  facet normal 0 1 0
    outer loop
      vertex -45.375 -1.04827 56.5
      vertex -40.875 -1.04827 56
      vertex -45.375 -1.04827 56
    endloop
  endfacet
  facet normal 0 0 -1
    outer loop
      vertex -45.375 -1.01379 57
      vertex -40.875 -0.97931 57
      vertex -40.875 -1.01379 57
    endloop
  endfacet
  facet normal -0 0 -1
    outer loop
      vertex -40.875 -0.97931 57
      vertex -45.375 -1.01379 57
      vertex -45.375 -0.97931 57
    endloop
  endfacet
  facet normal 0 0 -1
    outer loop
      vertex -45.375 0.97931 57
      vertex -40.875 1.01379 57
      vertex -40.875 0.97931 57
    endloop
  endfacet
  facet normal -0 0 -1
    outer loop
      vertex -40.875 1.01379 57
      vertex -45.375 0.97931 57
      vertex -45.375 1.01379 57
    endloop
  endfacet
  facet normal 0 -1 0
    outer loop
      vertex -45.375 1.01379 56.5
      vertex -40.875 1.01379 57
      vertex -45.375 1.01379 57
    endloop
  endfacet
  facet normal 0 -1 -0
    outer loop
      vertex -40.875 1.01379 57
      vertex -45.375 1.01379 56.5
      vertex -40.875 1.01379 56.5
    endloop
  endfacet
  facet normal 0 1 -0
    outer loop
      vertex -40.875 -1.01379 56.5
      vertex -45.375 -1.01379 57
      vertex -40.875 -1.01379 57
    endloop
  endfacet
  facet normal 0 1 0
    outer loop
      vertex -45.375 -1.01379 57
      vertex -40.875 -1.01379 56.5
      vertex -45.375 -1.01379 56.5
    endloop
  endfacet
  facet normal 0 0 -1
    outer loop
      vertex -45.375 0.944827 57.5
      vertex -40.875 0.97931 57.5
      vertex -40.875 0.944827 57.5
    endloop
  endfacet
  facet normal -0 0 -1
    outer loop
      vertex -40.875 0.97931 57.5
      vertex -45.375 0.944827 57.5
      vertex -45.375 0.97931 57.5
    endloop
  endfacet
  facet normal 0 0 -1
    outer loop
      vertex -45.375 -0.97931 57.5
      vertex -40.875 -0.944827 57.5
      vertex -40.875 -0.97931 57.5
    endloop
  endfacet
  facet normal -0 0 -1
    outer loop
      vertex -40.875 -0.944827 57.5
      vertex -45.375 -0.97931 57.5
      vertex -45.375 -0.944827 57.5
    endloop
  endfacet
  facet normal 0 -1 0
    outer loop
      vertex -45.375 0.97931 57
      vertex -40.875 0.97931 57.5
      vertex -45.375 0.97931 57.5
    endloop
  endfacet
  facet normal 0 -1 -0
    outer loop
      vertex -40.875 0.97931 57.5
      vertex -45.375 0.97931 57
      vertex -40.875 0.97931 57
    endloop
  endfacet
  facet normal 0 1 -0
    outer loop
      vertex -40.875 -0.97931 57
      vertex -45.375 -0.97931 57.5
      vertex -40.875 -0.97931 57.5
    endloop
  endfacet
  facet normal 0 1 0
    outer loop
      vertex -45.375 -0.97931 57.5
      vertex -40.875 -0.97931 57
      vertex -45.375 -0.97931 57
    endloop
  endfacet
  facet normal 0 0 -1
    outer loop
      vertex -45.375 0.910344 58
      vertex -40.875 0.944827 58
      vertex -40.875 0.910344 58
    endloop
  endfacet
  facet normal -0 0 -1
    outer loop
      vertex -40.875 0.944827 58
      vertex -45.375 0.910344 58
      vertex -45.375 0.944827 58
    endloop
  endfacet
  facet normal 0 0 -1
    outer loop
      vertex -45.375 -0.944827 58
      vertex -40.875 -0.910344 58
      vertex -40.875 -0.944827 58
    endloop
  endfacet
  facet normal -0 0 -1
    outer loop
      vertex -40.875 -0.910344 58
      vertex -45.375 -0.944827 58
      vertex -45.375 -0.910344 58
    endloop
  endfacet
  facet normal 0 -1 0
    outer loop
      vertex -45.375 0.944827 57.5
      vertex -40.875 0.944827 58
      vertex -45.375 0.944827 58
    endloop
  endfacet
  facet normal 0 -1 -0
    outer loop
      vertex -40.875 0.944827 58
      vertex -45.375 0.944827 57.5
      vertex -40.875 0.944827 57.5
    endloop
  endfacet
  facet normal 0 1 -0
    outer loop
      vertex -40.875 -0.944827 57.5
      vertex -45.375 -0.944827 58
      vertex -40.875 -0.944827 58
    endloop
  endfacet
  facet normal 0 1 0
    outer loop
      vertex -45.375 -0.944827 58
      vertex -40.875 -0.944827 57.5
      vertex -45.375 -0.944827 57.5
    endloop
  endfacet
  facet normal 0 0 -1
    outer loop
      vertex -45.375 0.875861 58.5
      vertex -40.875 0.910344 58.5
      vertex -40.875 0.875861 58.5
    endloop
  endfacet
  facet normal -0 0 -1
    outer loop
      vertex -40.875 0.910344 58.5
      vertex -45.375 0.875861 58.5
      vertex -45.375 0.910344 58.5
    endloop
  endfacet
  facet normal 0 0 -1
    outer loop
      vertex -45.375 -0.910344 58.5
      vertex -40.875 -0.875861 58.5
      vertex -40.875 -0.910344 58.5
    endloop
  endfacet
  facet normal -0 0 -1
    outer loop
      vertex -40.875 -0.875861 58.5
      vertex -45.375 -0.910344 58.5
      vertex -45.375 -0.875861 58.5
    endloop
  endfacet
  facet normal 0 -1 0
    outer loop
      vertex -45.375 0.910344 58
      vertex -40.875 0.910344 58.5
      vertex -45.375 0.910344 58.5
    endloop
  endfacet
  facet normal 0 -1 -0
    outer loop
      vertex -40.875 0.910344 58.5
      vertex -45.375 0.910344 58
      vertex -40.875 0.910344 58
    endloop
  endfacet
  facet normal 0 1 -0
    outer loop
      vertex -40.875 -0.910344 58
      vertex -45.375 -0.910344 58.5
      vertex -40.875 -0.910344 58.5
    endloop
  endfacet
  facet normal 0 1 0
    outer loop
      vertex -45.375 -0.910344 58.5
      vertex -40.875 -0.910344 58
      vertex -45.375 -0.910344 58
    endloop
  endfacet
  facet normal 0 0 -1
    outer loop
      vertex -45.375 0.841379 59
      vertex -40.875 0.875861 59
      vertex -40.875 0.841379 59
    endloop
  endfacet
  facet normal -0 0 -1
    outer loop
      vertex -40.875 0.875861 59
      vertex -45.375 0.841379 59
      vertex -45.375 0.875861 59
    endloop
  endfacet
  facet normal 0 0 -1
    outer loop
      vertex -45.375 -0.875861 59
      vertex -40.875 -0.841379 59
      vertex -40.875 -0.875861 59
    endloop
  endfacet
  facet normal -0 0 -1
    outer loop
      vertex -40.875 -0.841379 59
      vertex -45.375 -0.875861 59
      vertex -45.375 -0.841379 59
    endloop
  endfacet
  facet normal 0 -1 0
    outer loop
      vertex -45.375 0.875861 58.5
      vertex -40.875 0.875861 59
      vertex -45.375 0.875861 59
    endloop
  endfacet
  facet normal 0 -1 -0
    outer loop
      vertex -40.875 0.875861 59
      vertex -45.375 0.875861 58.5
      vertex -40.875 0.875861 58.5
    endloop
  endfacet
  facet normal 0 1 -0
    outer loop
      vertex -40.875 -0.875861 58.5
      vertex -45.375 -0.875861 59
      vertex -40.875 -0.875861 59
    endloop
  endfacet
  facet normal 0 1 0
    outer loop
      vertex -45.375 -0.875861 59
      vertex -40.875 -0.875861 58.5
      vertex -45.375 -0.875861 58.5
    endloop
  endfacet
  facet normal 0 0 -1
    outer loop
      vertex -45.375 -0.841379 59.5
      vertex -40.875 -0.806896 59.5
      vertex -40.875 -0.841379 59.5
    endloop
  endfacet
  facet normal -0 0 -1
    outer loop
      vertex -40.875 -0.806896 59.5
      vertex -45.375 -0.841379 59.5
      vertex -45.375 -0.806896 59.5
    endloop
  endfacet
  facet normal 0 0 -1
    outer loop
      vertex -45.375 0.806896 59.5
      vertex -40.875 0.841379 59.5
      vertex -40.875 0.806896 59.5
    endloop
  endfacet
  facet normal -0 0 -1
    outer loop
      vertex -40.875 0.841379 59.5
      vertex -45.375 0.806896 59.5
      vertex -45.375 0.841379 59.5
    endloop
  endfacet
  facet normal 0 -1 0
    outer loop
      vertex -45.375 0.841379 59
      vertex -40.875 0.841379 59.5
      vertex -45.375 0.841379 59.5
    endloop
  endfacet
  facet normal 0 -1 -0
    outer loop
      vertex -40.875 0.841379 59.5
      vertex -45.375 0.841379 59
      vertex -40.875 0.841379 59
    endloop
  endfacet
  facet normal 0 1 -0
    outer loop
      vertex -40.875 -0.841379 59
      vertex -45.375 -0.841379 59.5
      vertex -40.875 -0.841379 59.5
    endloop
  endfacet
  facet normal 0 1 0
    outer loop
      vertex -45.375 -0.841379 59.5
      vertex -40.875 -0.841379 59
      vertex -45.375 -0.841379 59
    endloop
  endfacet
  facet normal -0 0 1
    outer loop
      vertex -45.375 -0.806896 60
      vertex -40.875 -1.17241 60
      vertex -40.875 -0.806896 60
    endloop
  endfacet
  facet normal 0 0 1
    outer loop
      vertex -40.875 -1.17241 60
      vertex -45.375 -0.806896 60
      vertex -45.375 -1.17241 60
    endloop
  endfacet
  facet normal -0 0 1
    outer loop
      vertex -45.375 1.17241 60
      vertex -40.875 0.806896 60
      vertex -40.875 1.17241 60
    endloop
  endfacet
  facet normal 0 0 1
    outer loop
      vertex -40.875 0.806896 60
      vertex -45.375 1.17241 60
      vertex -45.375 0.806896 60
    endloop
  endfacet
  facet normal 0 -1 0
    outer loop
      vertex -45.375 0.806896 59.5
      vertex -40.875 0.806896 60
      vertex -45.375 0.806896 60
    endloop
  endfacet
  facet normal 0 -1 -0
    outer loop
      vertex -40.875 0.806896 60
      vertex -45.375 0.806896 59.5
      vertex -40.875 0.806896 59.5
    endloop
  endfacet
  facet normal 0 1 -0
    outer loop
      vertex -40.875 -0.806896 59.5
      vertex -45.375 -0.806896 60
      vertex -40.875 -0.806896 60
    endloop
  endfacet
  facet normal 0 1 0
    outer loop
      vertex -45.375 -0.806896 60
      vertex -40.875 -0.806896 59.5
      vertex -45.375 -0.806896 59.5
    endloop
  endfacet
  facet normal 0 0 -1
    outer loop
      vertex -45.375 -1.17241 60.5
      vertex -40.875 -1.13793 60.5
      vertex -40.875 -1.17241 60.5
    endloop
  endfacet
  facet normal -0 0 -1
    outer loop
      vertex -40.875 -1.13793 60.5
      vertex -45.375 -1.17241 60.5
      vertex -45.375 -1.13793 60.5
    endloop
  endfacet
  facet normal 0 0 -1
    outer loop
      vertex -45.375 1.13793 60.5
      vertex -40.875 1.17241 60.5
      vertex -40.875 1.13793 60.5
    endloop
  endfacet
  facet normal -0 0 -1
    outer loop
      vertex -40.875 1.17241 60.5
      vertex -45.375 1.13793 60.5
      vertex -45.375 1.17241 60.5
    endloop
  endfacet
  facet normal 0 -1 0
    outer loop
      vertex -45.375 1.17241 60
      vertex -40.875 1.17241 60.5
      vertex -45.375 1.17241 60.5
    endloop
  endfacet
  facet normal 0 -1 -0
    outer loop
      vertex -40.875 1.17241 60.5
      vertex -45.375 1.17241 60
      vertex -40.875 1.17241 60
    endloop
  endfacet
  facet normal 0 1 -0
    outer loop
      vertex -40.875 -1.17241 60
      vertex -45.375 -1.17241 60.5
      vertex -40.875 -1.17241 60.5
    endloop
  endfacet
  facet normal 0 1 0
    outer loop
      vertex -45.375 -1.17241 60.5
      vertex -40.875 -1.17241 60
      vertex -45.375 -1.17241 60
    endloop
  endfacet
  facet normal 0 0 -1
    outer loop
      vertex -45.375 -1.13793 61
      vertex -40.875 -1.10345 61
      vertex -40.875 -1.13793 61
    endloop
  endfacet
  facet normal -0 0 -1
    outer loop
      vertex -40.875 -1.10345 61
      vertex -45.375 -1.13793 61
      vertex -45.375 -1.10345 61
    endloop
  endfacet
  facet normal 0 0 -1
    outer loop
      vertex -45.375 1.10345 61
      vertex -40.875 1.13793 61
      vertex -40.875 1.10345 61
    endloop
  endfacet
  facet normal -0 0 -1
    outer loop
      vertex -40.875 1.13793 61
      vertex -45.375 1.10345 61
      vertex -45.375 1.13793 61
    endloop
  endfacet
  facet normal 0 -1 0
    outer loop
      vertex -45.375 1.13793 60.5
      vertex -40.875 1.13793 61
      vertex -45.375 1.13793 61
    endloop
  endfacet
  facet normal 0 -1 -0
    outer loop
      vertex -40.875 1.13793 61
      vertex -45.375 1.13793 60.5
      vertex -40.875 1.13793 60.5
    endloop
  endfacet
  facet normal 0 1 -0
    outer loop
      vertex -40.875 -1.13793 60.5
      vertex -45.375 -1.13793 61
      vertex -40.875 -1.13793 61
    endloop
  endfacet
  facet normal 0 1 0
    outer loop
      vertex -45.375 -1.13793 61
      vertex -40.875 -1.13793 60.5
      vertex -45.375 -1.13793 60.5
    endloop
  endfacet
  facet normal 0 0 -1
    outer loop
      vertex -45.375 -1.10345 61.5
      vertex -40.875 -1.06896 61.5
      vertex -40.875 -1.10345 61.5
    endloop
  endfacet
  facet normal -0 0 -1
    outer loop
      vertex -40.875 -1.06896 61.5
      vertex -45.375 -1.10345 61.5
      vertex -45.375 -1.06896 61.5
    endloop
  endfacet
  facet normal 0 0 -1
    outer loop
      vertex -45.375 1.06896 61.5
      vertex -40.875 1.10345 61.5
      vertex -40.875 1.06896 61.5
    endloop
  endfacet
  facet normal -0 0 -1
    outer loop
      vertex -40.875 1.10345 61.5
      vertex -45.375 1.06896 61.5
      vertex -45.375 1.10345 61.5
    endloop
  endfacet
  facet normal 0 -1 0
    outer loop
      vertex -45.375 1.10345 61
      vertex -40.875 1.10345 61.5
      vertex -45.375 1.10345 61.5
    endloop
  endfacet
  facet normal 0 -1 -0
    outer loop
      vertex -40.875 1.10345 61.5
      vertex -45.375 1.10345 61
      vertex -40.875 1.10345 61
    endloop
  endfacet
  facet normal 0 1 -0
    outer loop
      vertex -40.875 -1.10345 61
      vertex -45.375 -1.10345 61.5
      vertex -40.875 -1.10345 61.5
    endloop
  endfacet
  facet normal 0 1 0
    outer loop
      vertex -45.375 -1.10345 61.5
      vertex -40.875 -1.10345 61
      vertex -45.375 -1.10345 61
    endloop
  endfacet
  facet normal 0 0 -1
    outer loop
      vertex -45.375 -1.06896 62
      vertex -40.875 -1.03448 62
      vertex -40.875 -1.06896 62
    endloop
  endfacet
  facet normal -0 0 -1
    outer loop
      vertex -40.875 -1.03448 62
      vertex -45.375 -1.06896 62
      vertex -45.375 -1.03448 62
    endloop
  endfacet
  facet normal 0 0 -1
    outer loop
      vertex -45.375 1.03448 62
      vertex -40.875 1.06896 62
      vertex -40.875 1.03448 62
    endloop
  endfacet
  facet normal -0 0 -1
    outer loop
      vertex -40.875 1.06896 62
      vertex -45.375 1.03448 62
      vertex -45.375 1.06896 62
    endloop
  endfacet
  facet normal 0 -1 0
    outer loop
      vertex -45.375 1.06896 61.5
      vertex -40.875 1.06896 62
      vertex -45.375 1.06896 62
    endloop
  endfacet
  facet normal 0 -1 -0
    outer loop
      vertex -40.875 1.06896 62
      vertex -45.375 1.06896 61.5
      vertex -40.875 1.06896 61.5
    endloop
  endfacet
  facet normal 0 1 -0
    outer loop
      vertex -40.875 -1.06896 61.5
      vertex -45.375 -1.06896 62
      vertex -40.875 -1.06896 62
    endloop
  endfacet
  facet normal 0 1 0
    outer loop
      vertex -45.375 -1.06896 62
      vertex -40.875 -1.06896 61.5
      vertex -45.375 -1.06896 61.5
    endloop
  endfacet
  facet normal 0 0 -1
    outer loop
      vertex -45.375 -1.03448 62.5
      vertex -40.875 -0.999999 62.5
      vertex -40.875 -1.03448 62.5
    endloop
  endfacet
  facet normal -0 0 -1
    outer loop
      vertex -40.875 -0.999999 62.5
      vertex -45.375 -1.03448 62.5
      vertex -45.375 -0.999999 62.5
    endloop
  endfacet
  facet normal 0 0 -1
    outer loop
      vertex -45.375 1 62.5
      vertex -40.875 1.03448 62.5
      vertex -40.875 1 62.5
    endloop
  endfacet
  facet normal -0 0 -1
    outer loop
      vertex -40.875 1.03448 62.5
      vertex -45.375 1 62.5
      vertex -45.375 1.03448 62.5
    endloop
  endfacet
  facet normal 0 -1 0
    outer loop
      vertex -45.375 1.03448 62
      vertex -40.875 1.03448 62.5
      vertex -45.375 1.03448 62.5
    endloop
  endfacet
  facet normal 0 -1 -0
    outer loop
      vertex -40.875 1.03448 62.5
      vertex -45.375 1.03448 62
      vertex -40.875 1.03448 62
    endloop
  endfacet
  facet normal 0 1 -0
    outer loop
      vertex -40.875 -1.03448 62
      vertex -45.375 -1.03448 62.5
      vertex -40.875 -1.03448 62.5
    endloop
  endfacet
  facet normal 0 1 0
    outer loop
      vertex -45.375 -1.03448 62.5
      vertex -40.875 -1.03448 62
      vertex -45.375 -1.03448 62
    endloop
  endfacet
  facet normal 0 0 -1
    outer loop
      vertex -45.375 -0.999999 63
      vertex -40.875 -0.965517 63
      vertex -40.875 -0.999999 63
    endloop
  endfacet
  facet normal -0 0 -1
    outer loop
      vertex -40.875 -0.965517 63
      vertex -45.375 -0.999999 63
      vertex -45.375 -0.965517 63
    endloop
  endfacet
  facet normal 0 0 -1
    outer loop
      vertex -45.375 0.965517 63
      vertex -40.875 1 63
      vertex -40.875 0.965517 63
    endloop
  endfacet
  facet normal -0 0 -1
    outer loop
      vertex -40.875 1 63
      vertex -45.375 0.965517 63
      vertex -45.375 1 63
    endloop
  endfacet
  facet normal 0 -1 0
    outer loop
      vertex -45.375 1 62.5
      vertex -40.875 1 63
      vertex -45.375 1 63
    endloop
  endfacet
  facet normal 0 -1 -0
    outer loop
      vertex -40.875 1 63
      vertex -45.375 1 62.5
      vertex -40.875 1 62.5
    endloop
  endfacet
  facet normal 0 1 -0
    outer loop
      vertex -40.875 -0.999999 62.5
      vertex -45.375 -0.999999 63
      vertex -40.875 -0.999999 63
    endloop
  endfacet
  facet normal 0 1 0
    outer loop
      vertex -45.375 -0.999999 63
      vertex -40.875 -0.999999 62.5
      vertex -45.375 -0.999999 62.5
    endloop
  endfacet
  facet normal 0 0 -1
    outer loop
      vertex -45.375 -0.965517 63.5
      vertex -40.875 -0.931034 63.5
      vertex -40.875 -0.965517 63.5
    endloop
  endfacet
  facet normal -0 0 -1
    outer loop
      vertex -40.875 -0.931034 63.5
      vertex -45.375 -0.965517 63.5
      vertex -45.375 -0.931034 63.5
    endloop
  endfacet
  facet normal 0 0 -1
    outer loop
      vertex -45.375 0.931034 63.5
      vertex -40.875 0.965517 63.5
      vertex -40.875 0.931034 63.5
    endloop
  endfacet
  facet normal -0 0 -1
    outer loop
      vertex -40.875 0.965517 63.5
      vertex -45.375 0.931034 63.5
      vertex -45.375 0.965517 63.5
    endloop
  endfacet
  facet normal 0 -1 0
    outer loop
      vertex -45.375 0.965517 63
      vertex -40.875 0.965517 63.5
      vertex -45.375 0.965517 63.5
    endloop
  endfacet
  facet normal 0 -1 -0
    outer loop
      vertex -40.875 0.965517 63.5
      vertex -45.375 0.965517 63
      vertex -40.875 0.965517 63
    endloop
  endfacet
  facet normal 0 1 -0
    outer loop
      vertex -40.875 -0.965517 63
      vertex -45.375 -0.965517 63.5
      vertex -40.875 -0.965517 63.5
    endloop
  endfacet
  facet normal 0 1 0
    outer loop
      vertex -45.375 -0.965517 63.5
      vertex -40.875 -0.965517 63
      vertex -45.375 -0.965517 63
    endloop
  endfacet
  facet normal 0 0 -1
    outer loop
      vertex -45.375 -0.931034 64
      vertex -40.875 -0.896551 64
      vertex -40.875 -0.931034 64
    endloop
  endfacet
  facet normal -0 0 -1
    outer loop
      vertex -40.875 -0.896551 64
      vertex -45.375 -0.931034 64
      vertex -45.375 -0.896551 64
    endloop
  endfacet
  facet normal 0 0 -1
    outer loop
      vertex -45.375 0.896551 64
      vertex -40.875 0.931034 64
      vertex -40.875 0.896551 64
    endloop
  endfacet
  facet normal -0 0 -1
    outer loop
      vertex -40.875 0.931034 64
      vertex -45.375 0.896551 64
      vertex -45.375 0.931034 64
    endloop
  endfacet
  facet normal 0 -1 0
    outer loop
      vertex -45.375 0.931034 63.5
      vertex -40.875 0.931034 64
      vertex -45.375 0.931034 64
    endloop
  endfacet
  facet normal 0 -1 -0
    outer loop
      vertex -40.875 0.931034 64
      vertex -45.375 0.931034 63.5
      vertex -40.875 0.931034 63.5
    endloop
  endfacet
  facet normal 0 1 -0
    outer loop
      vertex -40.875 -0.931034 63.5
      vertex -45.375 -0.931034 64
      vertex -40.875 -0.931034 64
    endloop
  endfacet
  facet normal 0 1 0
    outer loop
      vertex -45.375 -0.931034 64
      vertex -40.875 -0.931034 63.5
      vertex -45.375 -0.931034 63.5
    endloop
  endfacet
  facet normal 0 0 -1
    outer loop
      vertex -45.375 -0.896551 64.5
      vertex -40.875 -0.862068 64.5
      vertex -40.875 -0.896551 64.5
    endloop
  endfacet
  facet normal -0 0 -1
    outer loop
      vertex -40.875 -0.862068 64.5
      vertex -45.375 -0.896551 64.5
      vertex -45.375 -0.862068 64.5
    endloop
  endfacet
  facet normal 0 0 -1
    outer loop
      vertex -45.375 0.862068 64.5
      vertex -40.875 0.896551 64.5
      vertex -40.875 0.862068 64.5
    endloop
  endfacet
  facet normal -0 0 -1
    outer loop
      vertex -40.875 0.896551 64.5
      vertex -45.375 0.862068 64.5
      vertex -45.375 0.896551 64.5
    endloop
  endfacet
  facet normal 0 -1 0
    outer loop
      vertex -45.375 0.896551 64
      vertex -40.875 0.896551 64.5
      vertex -45.375 0.896551 64.5
    endloop
  endfacet
  facet normal 0 -1 -0
    outer loop
      vertex -40.875 0.896551 64.5
      vertex -45.375 0.896551 64
      vertex -40.875 0.896551 64
    endloop
  endfacet
  facet normal 0 1 -0
    outer loop
      vertex -40.875 -0.896551 64
      vertex -45.375 -0.896551 64.5
      vertex -40.875 -0.896551 64.5
    endloop
  endfacet
  facet normal 0 1 0
    outer loop
      vertex -45.375 -0.896551 64.5
      vertex -40.875 -0.896551 64
      vertex -45.375 -0.896551 64
    endloop
  endfacet
  facet normal 0 0 -1
    outer loop
      vertex -45.375 0.827586 65
      vertex -40.875 0.862068 65
      vertex -40.875 0.827586 65
    endloop
  endfacet
  facet normal -0 0 -1
    outer loop
      vertex -40.875 0.862068 65
      vertex -45.375 0.827586 65
      vertex -45.375 0.862068 65
    endloop
  endfacet
  facet normal 0 0 -1
    outer loop
      vertex -45.375 -0.862068 65
      vertex -40.875 -0.827586 65
      vertex -40.875 -0.862068 65
    endloop
  endfacet
  facet normal -0 0 -1
    outer loop
      vertex -40.875 -0.827586 65
      vertex -45.375 -0.862068 65
      vertex -45.375 -0.827586 65
    endloop
  endfacet
  facet normal 0 -1 0
    outer loop
      vertex -45.375 0.862068 64.5
      vertex -40.875 0.862068 65
      vertex -45.375 0.862068 65
    endloop
  endfacet
  facet normal 0 -1 -0
    outer loop
      vertex -40.875 0.862068 65
      vertex -45.375 0.862068 64.5
      vertex -40.875 0.862068 64.5
    endloop
  endfacet
  facet normal 0 1 -0
    outer loop
      vertex -40.875 -0.862068 64.5
      vertex -45.375 -0.862068 65
      vertex -40.875 -0.862068 65
    endloop
  endfacet
  facet normal 0 1 0
    outer loop
      vertex -45.375 -0.862068 65
      vertex -40.875 -0.862068 64.5
      vertex -45.375 -0.862068 64.5
    endloop
  endfacet
  facet normal -0 0 1
    outer loop
      vertex -45.375 -0.827586 65.5
      vertex -40.875 -1.1931 65.5
      vertex -40.875 -0.827586 65.5
    endloop
  endfacet
  facet normal 0 0 1
    outer loop
      vertex -40.875 -1.1931 65.5
      vertex -45.375 -0.827586 65.5
      vertex -45.375 -1.1931 65.5
    endloop
  endfacet
  facet normal -0 0 1
    outer loop
      vertex -45.375 1.1931 65.5
      vertex -40.875 0.827586 65.5
      vertex -40.875 1.1931 65.5
    endloop
  endfacet
  facet normal 0 0 1
    outer loop
      vertex -40.875 0.827586 65.5
      vertex -45.375 1.1931 65.5
      vertex -45.375 0.827586 65.5
    endloop
  endfacet
  facet normal 0 -1 0
    outer loop
      vertex -45.375 0.827586 65
      vertex -40.875 0.827586 65.5
      vertex -45.375 0.827586 65.5
    endloop
  endfacet
  facet normal 0 -1 -0
    outer loop
      vertex -40.875 0.827586 65.5
      vertex -45.375 0.827586 65
      vertex -40.875 0.827586 65
    endloop
  endfacet
  facet normal 0 1 -0
    outer loop
      vertex -40.875 -0.827586 65
      vertex -45.375 -0.827586 65.5
      vertex -40.875 -0.827586 65.5
    endloop
  endfacet
  facet normal 0 1 0
    outer loop
      vertex -45.375 -0.827586 65.5
      vertex -40.875 -0.827586 65
      vertex -45.375 -0.827586 65
    endloop
  endfacet
  facet normal 0 0 -1
    outer loop
      vertex -45.375 -1.1931 66
      vertex -40.875 -1.15862 66
      vertex -40.875 -1.1931 66
    endloop
  endfacet
  facet normal -0 0 -1
    outer loop
      vertex -40.875 -1.15862 66
      vertex -45.375 -1.1931 66
      vertex -45.375 -1.15862 66
    endloop
  endfacet
  facet normal 0 0 -1
    outer loop
      vertex -45.375 1.15862 66
      vertex -40.875 1.1931 66
      vertex -40.875 1.15862 66
    endloop
  endfacet
  facet normal -0 0 -1
    outer loop
      vertex -40.875 1.1931 66
      vertex -45.375 1.15862 66
      vertex -45.375 1.1931 66
    endloop
  endfacet
  facet normal 0 -1 0
    outer loop
      vertex -45.375 1.1931 65.5
      vertex -40.875 1.1931 66
      vertex -45.375 1.1931 66
    endloop
  endfacet
  facet normal 0 -1 -0
    outer loop
      vertex -40.875 1.1931 66
      vertex -45.375 1.1931 65.5
      vertex -40.875 1.1931 65.5
    endloop
  endfacet
  facet normal 0 1 -0
    outer loop
      vertex -40.875 -1.1931 65.5
      vertex -45.375 -1.1931 66
      vertex -40.875 -1.1931 66
    endloop
  endfacet
  facet normal 0 1 0
    outer loop
      vertex -45.375 -1.1931 66
      vertex -40.875 -1.1931 65.5
      vertex -45.375 -1.1931 65.5
    endloop
  endfacet
  facet normal 0 0 -1
    outer loop
      vertex -45.375 -1.15862 66.5
      vertex -40.875 -1.12414 66.5
      vertex -40.875 -1.15862 66.5
    endloop
  endfacet
  facet normal -0 0 -1
    outer loop
      vertex -40.875 -1.12414 66.5
      vertex -45.375 -1.15862 66.5
      vertex -45.375 -1.12414 66.5
    endloop
  endfacet
  facet normal 0 0 -1
    outer loop
      vertex -45.375 1.12414 66.5
      vertex -40.875 1.15862 66.5
      vertex -40.875 1.12414 66.5
    endloop
  endfacet
  facet normal -0 0 -1
    outer loop
      vertex -40.875 1.15862 66.5
      vertex -45.375 1.12414 66.5
      vertex -45.375 1.15862 66.5
    endloop
  endfacet
  facet normal 0 -1 0
    outer loop
      vertex -45.375 1.15862 66
      vertex -40.875 1.15862 66.5
      vertex -45.375 1.15862 66.5
    endloop
  endfacet
  facet normal 0 -1 -0
    outer loop
      vertex -40.875 1.15862 66.5
      vertex -45.375 1.15862 66
      vertex -40.875 1.15862 66
    endloop
  endfacet
  facet normal 0 1 -0
    outer loop
      vertex -40.875 -1.15862 66
      vertex -45.375 -1.15862 66.5
      vertex -40.875 -1.15862 66.5
    endloop
  endfacet
  facet normal 0 1 0
    outer loop
      vertex -45.375 -1.15862 66.5
      vertex -40.875 -1.15862 66
      vertex -45.375 -1.15862 66
    endloop
  endfacet
  facet normal 0 0 -1
    outer loop
      vertex -45.375 -1.12414 67
      vertex -40.875 -1.08965 67
      vertex -40.875 -1.12414 67
    endloop
  endfacet
  facet normal -0 0 -1
    outer loop
      vertex -40.875 -1.08965 67
      vertex -45.375 -1.12414 67
      vertex -45.375 -1.08965 67
    endloop
  endfacet
  facet normal 0 0 -1
    outer loop
      vertex -45.375 1.08965 67
      vertex -40.875 1.12414 67
      vertex -40.875 1.08965 67
    endloop
  endfacet
  facet normal -0 0 -1
    outer loop
      vertex -40.875 1.12414 67
      vertex -45.375 1.08965 67
      vertex -45.375 1.12414 67
    endloop
  endfacet
  facet normal 0 -1 0
    outer loop
      vertex -45.375 1.12414 66.5
      vertex -40.875 1.12414 67
      vertex -45.375 1.12414 67
    endloop
  endfacet
  facet normal 0 -1 -0
    outer loop
      vertex -40.875 1.12414 67
      vertex -45.375 1.12414 66.5
      vertex -40.875 1.12414 66.5
    endloop
  endfacet
  facet normal 0 1 -0
    outer loop
      vertex -40.875 -1.12414 66.5
      vertex -45.375 -1.12414 67
      vertex -40.875 -1.12414 67
    endloop
  endfacet
  facet normal 0 1 0
    outer loop
      vertex -45.375 -1.12414 67
      vertex -40.875 -1.12414 66.5
      vertex -45.375 -1.12414 66.5
    endloop
  endfacet
  facet normal 0 0 -1
    outer loop
      vertex -45.375 -1.08965 67.5
      vertex -40.875 -1.05517 67.5
      vertex -40.875 -1.08965 67.5
    endloop
  endfacet
  facet normal -0 0 -1
    outer loop
      vertex -40.875 -1.05517 67.5
      vertex -45.375 -1.08965 67.5
      vertex -45.375 -1.05517 67.5
    endloop
  endfacet
  facet normal 0 0 -1
    outer loop
      vertex -45.375 1.05517 67.5
      vertex -40.875 1.08965 67.5
      vertex -40.875 1.05517 67.5
    endloop
  endfacet
  facet normal -0 0 -1
    outer loop
      vertex -40.875 1.08965 67.5
      vertex -45.375 1.05517 67.5
      vertex -45.375 1.08965 67.5
    endloop
  endfacet
  facet normal 0 -1 0
    outer loop
      vertex -45.375 1.08965 67
      vertex -40.875 1.08965 67.5
      vertex -45.375 1.08965 67.5
    endloop
  endfacet
  facet normal 0 -1 -0
    outer loop
      vertex -40.875 1.08965 67.5
      vertex -45.375 1.08965 67
      vertex -40.875 1.08965 67
    endloop
  endfacet
  facet normal 0 1 -0
    outer loop
      vertex -40.875 -1.08965 67
      vertex -45.375 -1.08965 67.5
      vertex -40.875 -1.08965 67.5
    endloop
  endfacet
  facet normal 0 1 0
    outer loop
      vertex -45.375 -1.08965 67.5
      vertex -40.875 -1.08965 67
      vertex -45.375 -1.08965 67
    endloop
  endfacet
  facet normal 0 0 -1
    outer loop
      vertex -45.375 -1.05517 68
      vertex -40.875 -1.02069 68
      vertex -40.875 -1.05517 68
    endloop
  endfacet
  facet normal -0 0 -1
    outer loop
      vertex -40.875 -1.02069 68
      vertex -45.375 -1.05517 68
      vertex -45.375 -1.02069 68
    endloop
  endfacet
  facet normal 0 0 -1
    outer loop
      vertex -45.375 1.02069 68
      vertex -40.875 1.05517 68
      vertex -40.875 1.02069 68
    endloop
  endfacet
  facet normal -0 0 -1
    outer loop
      vertex -40.875 1.05517 68
      vertex -45.375 1.02069 68
      vertex -45.375 1.05517 68
    endloop
  endfacet
  facet normal 0 -1 0
    outer loop
      vertex -45.375 1.05517 67.5
      vertex -40.875 1.05517 68
      vertex -45.375 1.05517 68
    endloop
  endfacet
  facet normal 0 -1 -0
    outer loop
      vertex -40.875 1.05517 68
      vertex -45.375 1.05517 67.5
      vertex -40.875 1.05517 67.5
    endloop
  endfacet
  facet normal 0 1 -0
    outer loop
      vertex -40.875 -1.05517 67.5
      vertex -45.375 -1.05517 68
      vertex -40.875 -1.05517 68
    endloop
  endfacet
  facet normal 0 1 0
    outer loop
      vertex -45.375 -1.05517 68
      vertex -40.875 -1.05517 67.5
      vertex -45.375 -1.05517 67.5
    endloop
  endfacet
  facet normal 0 0 -1
    outer loop
      vertex -45.375 -1.02069 68.5
      vertex -40.875 -0.986206 68.5
      vertex -40.875 -1.02069 68.5
    endloop
  endfacet
  facet normal -0 0 -1
    outer loop
      vertex -40.875 -0.986206 68.5
      vertex -45.375 -1.02069 68.5
      vertex -45.375 -0.986206 68.5
    endloop
  endfacet
  facet normal 0 0 -1
    outer loop
      vertex -45.375 0.986206 68.5
      vertex -40.875 1.02069 68.5
      vertex -40.875 0.986206 68.5
    endloop
  endfacet
  facet normal -0 0 -1
    outer loop
      vertex -40.875 1.02069 68.5
      vertex -45.375 0.986206 68.5
      vertex -45.375 1.02069 68.5
    endloop
  endfacet
  facet normal 0 -1 0
    outer loop
      vertex -45.375 1.02069 68
      vertex -40.875 1.02069 68.5
      vertex -45.375 1.02069 68.5
    endloop
  endfacet
  facet normal 0 -1 -0
    outer loop
      vertex -40.875 1.02069 68.5
      vertex -45.375 1.02069 68
      vertex -40.875 1.02069 68
    endloop
  endfacet
  facet normal 0 1 -0
    outer loop
      vertex -40.875 -1.02069 68
      vertex -45.375 -1.02069 68.5
      vertex -40.875 -1.02069 68.5
    endloop
  endfacet
  facet normal 0 1 0
    outer loop
      vertex -45.375 -1.02069 68.5
      vertex -40.875 -1.02069 68
      vertex -45.375 -1.02069 68
    endloop
  endfacet
  facet normal 0 0 -1
    outer loop
      vertex -45.375 -0.986206 69
      vertex -40.875 -0.951724 69
      vertex -40.875 -0.986206 69
    endloop
  endfacet
  facet normal -0 0 -1
    outer loop
      vertex -40.875 -0.951724 69
      vertex -45.375 -0.986206 69
      vertex -45.375 -0.951724 69
    endloop
  endfacet
  facet normal 0 0 -1
    outer loop
      vertex -45.375 0.951724 69
      vertex -40.875 0.986206 69
      vertex -40.875 0.951724 69
    endloop
  endfacet
  facet normal -0 0 -1
    outer loop
      vertex -40.875 0.986206 69
      vertex -45.375 0.951724 69
      vertex -45.375 0.986206 69
    endloop
  endfacet
  facet normal 0 -1 0
    outer loop
      vertex -45.375 0.986206 68.5
      vertex -40.875 0.986206 69
      vertex -45.375 0.986206 69
    endloop
  endfacet
  facet normal 0 -1 -0
    outer loop
      vertex -40.875 0.986206 69
      vertex -45.375 0.986206 68.5
      vertex -40.875 0.986206 68.5
    endloop
  endfacet
  facet normal 0 1 -0
    outer loop
      vertex -40.875 -0.986206 68.5
      vertex -45.375 -0.986206 69
      vertex -40.875 -0.986206 69
    endloop
  endfacet
  facet normal 0 1 0
    outer loop
      vertex -45.375 -0.986206 69
      vertex -40.875 -0.986206 68.5
      vertex -45.375 -0.986206 68.5
    endloop
  endfacet
  facet normal 0 0 -1
    outer loop
      vertex -45.375 -0.951724 69.5
      vertex -40.875 -0.917241 69.5
      vertex -40.875 -0.951724 69.5
    endloop
  endfacet
  facet normal -0 0 -1
    outer loop
      vertex -40.875 -0.917241 69.5
      vertex -45.375 -0.951724 69.5
      vertex -45.375 -0.917241 69.5
    endloop
  endfacet
  facet normal 0 0 -1
    outer loop
      vertex -45.375 0.917241 69.5
      vertex -40.875 0.951724 69.5
      vertex -40.875 0.917241 69.5
    endloop
  endfacet
  facet normal -0 0 -1
    outer loop
      vertex -40.875 0.951724 69.5
      vertex -45.375 0.917241 69.5
      vertex -45.375 0.951724 69.5
    endloop
  endfacet
  facet normal 0 -1 0
    outer loop
      vertex -45.375 0.951724 69
      vertex -40.875 0.951724 69.5
      vertex -45.375 0.951724 69.5
    endloop
  endfacet
  facet normal 0 -1 -0
    outer loop
      vertex -40.875 0.951724 69.5
      vertex -45.375 0.951724 69
      vertex -40.875 0.951724 69
    endloop
  endfacet
  facet normal 0 1 -0
    outer loop
      vertex -40.875 -0.951724 69
      vertex -45.375 -0.951724 69.5
      vertex -40.875 -0.951724 69.5
    endloop
  endfacet
  facet normal 0 1 0
    outer loop
      vertex -45.375 -0.951724 69.5
      vertex -40.875 -0.951724 69
      vertex -45.375 -0.951724 69
    endloop
  endfacet
  facet normal 0 0 -1
    outer loop
      vertex -45.375 -0.917241 70
      vertex -40.875 -0.882758 70
      vertex -40.875 -0.917241 70
    endloop
  endfacet
  facet normal -0 0 -1
    outer loop
      vertex -40.875 -0.882758 70
      vertex -45.375 -0.917241 70
      vertex -45.375 -0.882758 70
    endloop
  endfacet
  facet normal 0 0 -1
    outer loop
      vertex -45.375 0.882758 70
      vertex -40.875 0.917241 70
      vertex -40.875 0.882758 70
    endloop
  endfacet
  facet normal -0 0 -1
    outer loop
      vertex -40.875 0.917241 70
      vertex -45.375 0.882758 70
      vertex -45.375 0.917241 70
    endloop
  endfacet
  facet normal 0 -1 0
    outer loop
      vertex -45.375 0.917241 69.5
      vertex -40.875 0.917241 70
      vertex -45.375 0.917241 70
    endloop
  endfacet
  facet normal 0 -1 -0
    outer loop
      vertex -40.875 0.917241 70
      vertex -45.375 0.917241 69.5
      vertex -40.875 0.917241 69.5
    endloop
  endfacet
  facet normal 0 1 -0
    outer loop
      vertex -40.875 -0.917241 69.5
      vertex -45.375 -0.917241 70
      vertex -40.875 -0.917241 70
    endloop
  endfacet
  facet normal 0 1 0
    outer loop
      vertex -45.375 -0.917241 70
      vertex -40.875 -0.917241 69.5
      vertex -45.375 -0.917241 69.5
    endloop
  endfacet
  facet normal 0 0 -1
    outer loop
      vertex -45.375 -0.882758 70.5
      vertex -40.875 -0.848275 70.5
      vertex -40.875 -0.882758 70.5
    endloop
  endfacet
  facet normal -0 0 -1
    outer loop
      vertex -40.875 -0.848275 70.5
      vertex -45.375 -0.882758 70.5
      vertex -45.375 -0.848275 70.5
    endloop
  endfacet
  facet normal 0 0 -1
    outer loop
      vertex -45.375 0.848275 70.5
      vertex -40.875 0.882758 70.5
      vertex -40.875 0.848275 70.5
    endloop
  endfacet
  facet normal -0 0 -1
    outer loop
      vertex -40.875 0.882758 70.5
      vertex -45.375 0.848275 70.5
      vertex -45.375 0.882758 70.5
    endloop
  endfacet
  facet normal 0 -1 0
    outer loop
      vertex -45.375 0.882758 70
      vertex -40.875 0.882758 70.5
      vertex -45.375 0.882758 70.5
    endloop
  endfacet
  facet normal 0 -1 -0
    outer loop
      vertex -40.875 0.882758 70.5
      vertex -45.375 0.882758 70
      vertex -40.875 0.882758 70
    endloop
  endfacet
  facet normal 0 1 -0
    outer loop
      vertex -40.875 -0.882758 70
      vertex -45.375 -0.882758 70.5
      vertex -40.875 -0.882758 70.5
    endloop
  endfacet
  facet normal 0 1 0
    outer loop
      vertex -45.375 -0.882758 70.5
      vertex -40.875 -0.882758 70
      vertex -45.375 -0.882758 70
    endloop
  endfacet
  facet normal 0 0 -1
    outer loop
      vertex -45.375 -0.848275 71
      vertex -40.875 -0.813792 71
      vertex -40.875 -0.848275 71
    endloop
  endfacet
  facet normal -0 0 -1
    outer loop
      vertex -40.875 -0.813792 71
      vertex -45.375 -0.848275 71
      vertex -45.375 -0.813792 71
    endloop
  endfacet
  facet normal 0 0 -1
    outer loop
      vertex -45.375 0.813792 71
      vertex -40.875 0.848275 71
      vertex -40.875 0.813792 71
    endloop
  endfacet
  facet normal -0 0 -1
    outer loop
      vertex -40.875 0.848275 71
      vertex -45.375 0.813792 71
      vertex -45.375 0.848275 71
    endloop
  endfacet
  facet normal 0 -1 0
    outer loop
      vertex -45.375 0.848275 70.5
      vertex -40.875 0.848275 71
      vertex -45.375 0.848275 71
    endloop
  endfacet
  facet normal 0 -1 -0
    outer loop
      vertex -40.875 0.848275 71
      vertex -45.375 0.848275 70.5
      vertex -40.875 0.848275 70.5
    endloop
  endfacet
  facet normal 0 1 -0
    outer loop
      vertex -40.875 -0.848275 70.5
      vertex -45.375 -0.848275 71
      vertex -40.875 -0.848275 71
    endloop
  endfacet
  facet normal 0 1 0
    outer loop
      vertex -45.375 -0.848275 71
      vertex -40.875 -0.848275 70.5
      vertex -45.375 -0.848275 70.5
    endloop
  endfacet
  facet normal -0 0 1
    outer loop
      vertex -45.375 -0.813792 71.5
      vertex -40.875 -1.17931 71.5
      vertex -40.875 -0.813792 71.5
    endloop
  endfacet
  facet normal 0 0 1
    outer loop
      vertex -40.875 -1.17931 71.5
      vertex -45.375 -0.813792 71.5
      vertex -45.375 -1.17931 71.5
    endloop
  endfacet
  facet normal -0 0 1
    outer loop
      vertex -45.375 1.17931 71.5
      vertex -40.875 0.813792 71.5
      vertex -40.875 1.17931 71.5
    endloop
  endfacet
  facet normal 0 0 1
    outer loop
      vertex -40.875 0.813792 71.5
      vertex -45.375 1.17931 71.5
      vertex -45.375 0.813792 71.5
    endloop
  endfacet
  facet normal 0 -1 0
    outer loop
      vertex -45.375 0.813792 71
      vertex -40.875 0.813792 71.5
      vertex -45.375 0.813792 71.5
    endloop
  endfacet
  facet normal 0 -1 -0
    outer loop
      vertex -40.875 0.813792 71.5
      vertex -45.375 0.813792 71
      vertex -40.875 0.813792 71
    endloop
  endfacet
  facet normal 0 1 -0
    outer loop
      vertex -40.875 -0.813792 71
      vertex -45.375 -0.813792 71.5
      vertex -40.875 -0.813792 71.5
    endloop
  endfacet
  facet normal 0 1 0
    outer loop
      vertex -45.375 -0.813792 71.5
      vertex -40.875 -0.813792 71
      vertex -45.375 -0.813792 71
    endloop
  endfacet
  facet normal 0 0 -1
    outer loop
      vertex -45.375 -1.17931 72
      vertex -40.875 -1.14483 72
      vertex -40.875 -1.17931 72
    endloop
  endfacet
  facet normal -0 0 -1
    outer loop
      vertex -40.875 -1.14483 72
      vertex -45.375 -1.17931 72
      vertex -45.375 -1.14483 72
    endloop
  endfacet
  facet normal 0 0 -1
    outer loop
      vertex -45.375 1.14483 72
      vertex -40.875 1.17931 72
      vertex -40.875 1.14483 72
    endloop
  endfacet
  facet normal -0 0 -1
    outer loop
      vertex -40.875 1.17931 72
      vertex -45.375 1.14483 72
      vertex -45.375 1.17931 72
    endloop
  endfacet
  facet normal 0 -1 0
    outer loop
      vertex -45.375 1.17931 71.5
      vertex -40.875 1.17931 72
      vertex -45.375 1.17931 72
    endloop
  endfacet
  facet normal 0 -1 -0
    outer loop
      vertex -40.875 1.17931 72
      vertex -45.375 1.17931 71.5
      vertex -40.875 1.17931 71.5
    endloop
  endfacet
  facet normal 0 1 -0
    outer loop
      vertex -40.875 -1.17931 71.5
      vertex -45.375 -1.17931 72
      vertex -40.875 -1.17931 72
    endloop
  endfacet
  facet normal 0 1 0
    outer loop
      vertex -45.375 -1.17931 72
      vertex -40.875 -1.17931 71.5
      vertex -45.375 -1.17931 71.5
    endloop
  endfacet
  facet normal 0 0 -1
    outer loop
      vertex -45.375 -1.14483 72.5
      vertex -40.875 -1.11034 72.5
      vertex -40.875 -1.14483 72.5
    endloop
  endfacet
  facet normal -0 0 -1
    outer loop
      vertex -40.875 -1.11034 72.5
      vertex -45.375 -1.14483 72.5
      vertex -45.375 -1.11034 72.5
    endloop
  endfacet
  facet normal 0 0 -1
    outer loop
      vertex -45.375 1.11034 72.5
      vertex -40.875 1.14483 72.5
      vertex -40.875 1.11034 72.5
    endloop
  endfacet
  facet normal -0 0 -1
    outer loop
      vertex -40.875 1.14483 72.5
      vertex -45.375 1.11034 72.5
      vertex -45.375 1.14483 72.5
    endloop
  endfacet
  facet normal 0 -1 0
    outer loop
      vertex -45.375 1.14483 72
      vertex -40.875 1.14483 72.5
      vertex -45.375 1.14483 72.5
    endloop
  endfacet
  facet normal 0 -1 -0
    outer loop
      vertex -40.875 1.14483 72.5
      vertex -45.375 1.14483 72
      vertex -40.875 1.14483 72
    endloop
  endfacet
  facet normal 0 1 -0
    outer loop
      vertex -40.875 -1.14483 72
      vertex -45.375 -1.14483 72.5
      vertex -40.875 -1.14483 72.5
    endloop
  endfacet
  facet normal 0 1 0
    outer loop
      vertex -45.375 -1.14483 72.5
      vertex -40.875 -1.14483 72
      vertex -45.375 -1.14483 72
    endloop
  endfacet
  facet normal 0 0 -1
    outer loop
      vertex -45.375 -1.11034 73
      vertex -40.875 -1.07586 73
      vertex -40.875 -1.11034 73
    endloop
  endfacet
  facet normal -0 0 -1
    outer loop
      vertex -40.875 -1.07586 73
      vertex -45.375 -1.11034 73
      vertex -45.375 -1.07586 73
    endloop
  endfacet
  facet normal 0 0 -1
    outer loop
      vertex -45.375 1.07586 73
      vertex -40.875 1.11034 73
      vertex -40.875 1.07586 73
    endloop
  endfacet
  facet normal -0 0 -1
    outer loop
      vertex -40.875 1.11034 73
      vertex -45.375 1.07586 73
      vertex -45.375 1.11034 73
    endloop
  endfacet
  facet normal 0 -1 0
    outer loop
      vertex -45.375 1.11034 72.5
      vertex -40.875 1.11034 73
      vertex -45.375 1.11034 73
    endloop
  endfacet
  facet normal 0 -1 -0
    outer loop
      vertex -40.875 1.11034 73
      vertex -45.375 1.11034 72.5
      vertex -40.875 1.11034 72.5
    endloop
  endfacet
  facet normal 0 1 -0
    outer loop
      vertex -40.875 -1.11034 72.5
      vertex -45.375 -1.11034 73
      vertex -40.875 -1.11034 73
    endloop
  endfacet
  facet normal 0 1 0
    outer loop
      vertex -45.375 -1.11034 73
      vertex -40.875 -1.11034 72.5
      vertex -45.375 -1.11034 72.5
    endloop
  endfacet
  facet normal 0 0 -1
    outer loop
      vertex -45.375 -1.07586 73.5
      vertex -40.875 -1.04138 73.5
      vertex -40.875 -1.07586 73.5
    endloop
  endfacet
  facet normal -0 0 -1
    outer loop
      vertex -40.875 -1.04138 73.5
      vertex -45.375 -1.07586 73.5
      vertex -45.375 -1.04138 73.5
    endloop
  endfacet
  facet normal 0 0 -1
    outer loop
      vertex -45.375 1.04138 73.5
      vertex -40.875 1.07586 73.5
      vertex -40.875 1.04138 73.5
    endloop
  endfacet
  facet normal -0 0 -1
    outer loop
      vertex -40.875 1.07586 73.5
      vertex -45.375 1.04138 73.5
      vertex -45.375 1.07586 73.5
    endloop
  endfacet
  facet normal 0 -1 0
    outer loop
      vertex -45.375 1.07586 73
      vertex -40.875 1.07586 73.5
      vertex -45.375 1.07586 73.5
    endloop
  endfacet
  facet normal 0 -1 -0
    outer loop
      vertex -40.875 1.07586 73.5
      vertex -45.375 1.07586 73
      vertex -40.875 1.07586 73
    endloop
  endfacet
  facet normal 0 1 -0
    outer loop
      vertex -40.875 -1.07586 73
      vertex -45.375 -1.07586 73.5
      vertex -40.875 -1.07586 73.5
    endloop
  endfacet
  facet normal 0 1 0
    outer loop
      vertex -45.375 -1.07586 73.5
      vertex -40.875 -1.07586 73
      vertex -45.375 -1.07586 73
    endloop
  endfacet
  facet normal 0 0 -1
    outer loop
      vertex -45.375 -1.04138 74
      vertex -40.875 -1.0069 74
      vertex -40.875 -1.04138 74
    endloop
  endfacet
  facet normal -0 0 -1
    outer loop
      vertex -40.875 -1.0069 74
      vertex -45.375 -1.04138 74
      vertex -45.375 -1.0069 74
    endloop
  endfacet
  facet normal 0 0 -1
    outer loop
      vertex -45.375 1.0069 74
      vertex -40.875 1.04138 74
      vertex -40.875 1.0069 74
    endloop
  endfacet
  facet normal -0 0 -1
    outer loop
      vertex -40.875 1.04138 74
      vertex -45.375 1.0069 74
      vertex -45.375 1.04138 74
    endloop
  endfacet
  facet normal 0 -1 0
    outer loop
      vertex -45.375 1.04138 73.5
      vertex -40.875 1.04138 74
      vertex -45.375 1.04138 74
    endloop
  endfacet
  facet normal 0 -1 -0
    outer loop
      vertex -40.875 1.04138 74
      vertex -45.375 1.04138 73.5
      vertex -40.875 1.04138 73.5
    endloop
  endfacet
  facet normal 0 1 -0
    outer loop
      vertex -40.875 -1.04138 73.5
      vertex -45.375 -1.04138 74
      vertex -40.875 -1.04138 74
    endloop
  endfacet
  facet normal 0 1 0
    outer loop
      vertex -45.375 -1.04138 74
      vertex -40.875 -1.04138 73.5
      vertex -45.375 -1.04138 73.5
    endloop
  endfacet
  facet normal 0 0 -1
    outer loop
      vertex -45.375 -1.0069 74.5
      vertex -40.875 -0.972413 74.5
      vertex -40.875 -1.0069 74.5
    endloop
  endfacet
  facet normal -0 0 -1
    outer loop
      vertex -40.875 -0.972413 74.5
      vertex -45.375 -1.0069 74.5
      vertex -45.375 -0.972413 74.5
    endloop
  endfacet
  facet normal 0 0 -1
    outer loop
      vertex -45.375 0.972413 74.5
      vertex -40.875 1.0069 74.5
      vertex -40.875 0.972413 74.5
    endloop
  endfacet
  facet normal -0 0 -1
    outer loop
      vertex -40.875 1.0069 74.5
      vertex -45.375 0.972413 74.5
      vertex -45.375 1.0069 74.5
    endloop
  endfacet
  facet normal 0 -1 0
    outer loop
      vertex -45.375 1.0069 74
      vertex -40.875 1.0069 74.5
      vertex -45.375 1.0069 74.5
    endloop
  endfacet
  facet normal 0 -1 -0
    outer loop
      vertex -40.875 1.0069 74.5
      vertex -45.375 1.0069 74
      vertex -40.875 1.0069 74
    endloop
  endfacet
  facet normal 0 1 -0
    outer loop
      vertex -40.875 -1.0069 74
      vertex -45.375 -1.0069 74.5
      vertex -40.875 -1.0069 74.5
    endloop
  endfacet
  facet normal 0 1 0
    outer loop
      vertex -45.375 -1.0069 74.5
      vertex -40.875 -1.0069 74
      vertex -45.375 -1.0069 74
    endloop
  endfacet
  facet normal 0 0 -1
    outer loop
      vertex -45.375 -0.972413 75
      vertex -40.875 -0.93793 75
      vertex -40.875 -0.972413 75
    endloop
  endfacet
  facet normal -0 0 -1
    outer loop
      vertex -40.875 -0.93793 75
      vertex -45.375 -0.972413 75
      vertex -45.375 -0.93793 75
    endloop
  endfacet
  facet normal 0 0 -1
    outer loop
      vertex -45.375 0.93793 75
      vertex -40.875 0.972413 75
      vertex -40.875 0.93793 75
    endloop
  endfacet
  facet normal -0 0 -1
    outer loop
      vertex -40.875 0.972413 75
      vertex -45.375 0.93793 75
      vertex -45.375 0.972413 75
    endloop
  endfacet
  facet normal 0 -1 0
    outer loop
      vertex -45.375 0.972413 74.5
      vertex -40.875 0.972413 75
      vertex -45.375 0.972413 75
    endloop
  endfacet
  facet normal 0 -1 -0
    outer loop
      vertex -40.875 0.972413 75
      vertex -45.375 0.972413 74.5
      vertex -40.875 0.972413 74.5
    endloop
  endfacet
  facet normal 0 1 -0
    outer loop
      vertex -40.875 -0.972413 74.5
      vertex -45.375 -0.972413 75
      vertex -40.875 -0.972413 75
    endloop
  endfacet
  facet normal 0 1 0
    outer loop
      vertex -45.375 -0.972413 75
      vertex -40.875 -0.972413 74.5
      vertex -45.375 -0.972413 74.5
    endloop
  endfacet
  facet normal 0 0 -1
    outer loop
      vertex -45.375 -0.93793 75.5
      vertex -40.875 -0.903448 75.5
      vertex -40.875 -0.93793 75.5
    endloop
  endfacet
  facet normal -0 0 -1
    outer loop
      vertex -40.875 -0.903448 75.5
      vertex -45.375 -0.93793 75.5
      vertex -45.375 -0.903448 75.5
    endloop
  endfacet
  facet normal 0 0 -1
    outer loop
      vertex -45.375 0.903448 75.5
      vertex -40.875 0.93793 75.5
      vertex -40.875 0.903448 75.5
    endloop
  endfacet
  facet normal -0 0 -1
    outer loop
      vertex -40.875 0.93793 75.5
      vertex -45.375 0.903448 75.5
      vertex -45.375 0.93793 75.5
    endloop
  endfacet
  facet normal 0 -1 0
    outer loop
      vertex -45.375 0.93793 75
      vertex -40.875 0.93793 75.5
      vertex -45.375 0.93793 75.5
    endloop
  endfacet
  facet normal 0 -1 -0
    outer loop
      vertex -40.875 0.93793 75.5
      vertex -45.375 0.93793 75
      vertex -40.875 0.93793 75
    endloop
  endfacet
  facet normal 0 1 -0
    outer loop
      vertex -40.875 -0.93793 75
      vertex -45.375 -0.93793 75.5
      vertex -40.875 -0.93793 75.5
    endloop
  endfacet
  facet normal 0 1 0
    outer loop
      vertex -45.375 -0.93793 75.5
      vertex -40.875 -0.93793 75
      vertex -45.375 -0.93793 75
    endloop
  endfacet
  facet normal 0 0 -1
    outer loop
      vertex -45.375 -0.903448 76
      vertex -40.875 -0.868965 76
      vertex -40.875 -0.903448 76
    endloop
  endfacet
  facet normal -0 0 -1
    outer loop
      vertex -40.875 -0.868965 76
      vertex -45.375 -0.903448 76
      vertex -45.375 -0.868965 76
    endloop
  endfacet
  facet normal 0 0 -1
    outer loop
      vertex -45.375 0.868965 76
      vertex -40.875 0.903448 76
      vertex -40.875 0.868965 76
    endloop
  endfacet
  facet normal -0 0 -1
    outer loop
      vertex -40.875 0.903448 76
      vertex -45.375 0.868965 76
      vertex -45.375 0.903448 76
    endloop
  endfacet
  facet normal 0 -1 0
    outer loop
      vertex -45.375 0.903448 75.5
      vertex -40.875 0.903448 76
      vertex -45.375 0.903448 76
    endloop
  endfacet
  facet normal 0 -1 -0
    outer loop
      vertex -40.875 0.903448 76
      vertex -45.375 0.903448 75.5
      vertex -40.875 0.903448 75.5
    endloop
  endfacet
  facet normal 0 1 -0
    outer loop
      vertex -40.875 -0.903448 75.5
      vertex -45.375 -0.903448 76
      vertex -40.875 -0.903448 76
    endloop
  endfacet
  facet normal 0 1 0
    outer loop
      vertex -45.375 -0.903448 76
      vertex -40.875 -0.903448 75.5
      vertex -45.375 -0.903448 75.5
    endloop
  endfacet
  facet normal 0 0 -1
    outer loop
      vertex -45.375 -0.868965 76.5
      vertex -40.875 -0.834482 76.5
      vertex -40.875 -0.868965 76.5
    endloop
  endfacet
  facet normal -0 0 -1
    outer loop
      vertex -40.875 -0.834482 76.5
      vertex -45.375 -0.868965 76.5
      vertex -45.375 -0.834482 76.5
    endloop
  endfacet
  facet normal 0 0 -1
    outer loop
      vertex -45.375 0.834482 76.5
      vertex -40.875 0.868965 76.5
      vertex -40.875 0.834482 76.5
    endloop
  endfacet
  facet normal -0 0 -1
    outer loop
      vertex -40.875 0.868965 76.5
      vertex -45.375 0.834482 76.5
      vertex -45.375 0.868965 76.5
    endloop
  endfacet
  facet normal 0 -1 0
    outer loop
      vertex -45.375 0.868965 76
      vertex -40.875 0.868965 76.5
      vertex -45.375 0.868965 76.5
    endloop
  endfacet
  facet normal 0 -1 -0
    outer loop
      vertex -40.875 0.868965 76.5
      vertex -45.375 0.868965 76
      vertex -40.875 0.868965 76
    endloop
  endfacet
  facet normal 0 1 -0
    outer loop
      vertex -40.875 -0.868965 76
      vertex -45.375 -0.868965 76.5
      vertex -40.875 -0.868965 76.5
    endloop
  endfacet
  facet normal 0 1 0
    outer loop
      vertex -45.375 -0.868965 76.5
      vertex -40.875 -0.868965 76
      vertex -45.375 -0.868965 76
    endloop
  endfacet
  facet normal 0 -1 0
    outer loop
      vertex -45.375 0.834482 76.5
      vertex -40.875 0.834482 77
      vertex -45.375 0.834482 77
    endloop
  endfacet
  facet normal 0 -1 -0
    outer loop
      vertex -40.875 0.834482 77
      vertex -45.375 0.834482 76.5
      vertex -40.875 0.834482 76.5
    endloop
  endfacet
  facet normal 0 1 -0
    outer loop
      vertex -40.875 -0.834482 76.5
      vertex -45.375 -0.834482 77
      vertex -40.875 -0.834482 77
    endloop
  endfacet
  facet normal 0 1 0
    outer loop
      vertex -45.375 -0.834482 77
      vertex -40.875 -0.834482 76.5
      vertex -45.375 -0.834482 76.5
    endloop
  endfacet
  facet normal -1 0 0
    outer loop
      vertex -45.375 -1.2 48.5
      vertex -45.375 -1.16552 49
      vertex -45.375 -1.16552 48.5
    endloop
  endfacet
  facet normal -1 0 0
    outer loop
      vertex -45.375 -3.68505 58
      vertex -45.375 -1.18621 54.5
      vertex -45.375 -1.18621 54
    endloop
  endfacet
  facet normal -1 0 0
    outer loop
      vertex -45.375 -1.18621 54.5
      vertex -45.375 -3.68505 58
      vertex -45.375 -3.68505 59
    endloop
  endfacet
  facet normal -1 0 0
    outer loop
      vertex -45.375 -1.16552 49
      vertex -45.375 -3.68505 58
      vertex -45.375 -1.18621 54
    endloop
  endfacet
  facet normal -1 0 0
    outer loop
      vertex -45.375 -4.38119 49
      vertex -45.375 -1.16552 49
      vertex -45.375 -1.2 48.5
    endloop
  endfacet
  facet normal -1 0 0
    outer loop
      vertex -45.375 -1.2 19.5
      vertex -45.375 -1.16552 20
      vertex -45.375 -1.16552 19.5
    endloop
  endfacet
  facet normal -1 0 0
    outer loop
      vertex -45.375 -5.77347 28
      vertex -45.375 -1.18621 25.5
      vertex -45.375 -1.18621 25
    endloop
  endfacet
  facet normal -1 0 0
    outer loop
      vertex -45.375 -1.18621 25.5
      vertex -45.375 -5.77347 28
      vertex -45.375 -5.77347 29
    endloop
  endfacet
  facet normal -1 0 0
    outer loop
      vertex -45.375 -1.16552 20
      vertex -45.375 -5.77347 28
      vertex -45.375 -1.18621 25
    endloop
  endfacet
  facet normal -1 0 0
    outer loop
      vertex -45.375 -6.33039 20
      vertex -45.375 -1.16552 20
      vertex -45.375 -1.2 19.5
    endloop
  endfacet
  facet normal -1 0 0
    outer loop
      vertex -45.375 -1.1931 66
      vertex -45.375 -1.15862 66.5
      vertex -45.375 -1.15862 66
    endloop
  endfacet
  facet normal -1 0 0
    outer loop
      vertex -45.375 -1.15862 66.5
      vertex -45.375 -2.98891 69
      vertex -45.375 -1.17931 71.5
    endloop
  endfacet
  facet normal -1 0 0
    outer loop
      vertex -45.375 -3.12814 66
      vertex -45.375 -1.15862 66.5
      vertex -45.375 -1.1931 66
    endloop
  endfacet
  facet normal -1 0 0
    outer loop
      vertex -45.375 -1.1931 37
      vertex -45.375 -1.15862 37.5
      vertex -45.375 -1.15862 37
    endloop
  endfacet
  facet normal -1 0 0
    outer loop
      vertex -45.375 -1.15862 37.5
      vertex -45.375 -4.9381 40
      vertex -45.375 -1.17931 42.5
    endloop
  endfacet
  facet normal -1 0 0
    outer loop
      vertex -45.375 -5.07733 38
      vertex -45.375 -1.15862 37.5
      vertex -45.375 -1.1931 37
    endloop
  endfacet
  facet normal -1 0 0
    outer loop
      vertex -45.375 -1.18621 54.5
      vertex -45.375 -1.15172 55
      vertex -45.375 -1.15172 54.5
    endloop
  endfacet
  facet normal -1 -0 0
    outer loop
      vertex -45.375 -1.17241 60
      vertex -45.375 -1.18621 54.5
      vertex -45.375 -1.17241 60.5
    endloop
  endfacet
  facet normal -1 -0 0
    outer loop
      vertex -45.375 -1.15172 55
      vertex -45.375 -1.18621 54.5
      vertex -45.375 -1.17241 60
    endloop
  endfacet
  facet normal -1 0 0
    outer loop
      vertex -45.375 -1.18621 25.5
      vertex -45.375 -1.15172 26
      vertex -45.375 -1.15172 25.5
    endloop
  endfacet
  facet normal -1 -0 0
    outer loop
      vertex -45.375 -1.17241 31
      vertex -45.375 -1.18621 25.5
      vertex -45.375 -1.17241 31.5
    endloop
  endfacet
  facet normal -1 -0 0
    outer loop
      vertex -45.375 -1.15172 26
      vertex -45.375 -1.18621 25.5
      vertex -45.375 -1.17241 31
    endloop
  endfacet
  facet normal -1 0 0
    outer loop
      vertex -45.375 -1.14483 72
      vertex -45.375 -1.17931 72
      vertex -45.375 -1.14483 72.5
    endloop
  endfacet
  facet normal -1 0 0
    outer loop
      vertex -45.375 -1.14483 43
      vertex -45.375 -1.17931 43
      vertex -45.375 -1.14483 43.5
    endloop
  endfacet
  facet normal -1 0 0
    outer loop
      vertex -45.375 -1.13793 60.5
      vertex -45.375 -1.17241 60.5
      vertex -45.375 -1.13793 61
    endloop
  endfacet
  facet normal -1 0 0
    outer loop
      vertex -45.375 -1.13793 31.5
      vertex -45.375 -1.17241 31.5
      vertex -45.375 -1.13793 32
    endloop
  endfacet
  facet normal -1 0 0
    outer loop
      vertex -45.375 -1.13103 49
      vertex -45.375 -1.16552 49
      vertex -45.375 -1.13103 49.5
    endloop
  endfacet
  facet normal -1 0 0
    outer loop
      vertex -45.375 -1.13103 20
      vertex -45.375 -1.16552 20
      vertex -45.375 -1.13103 20.5
    endloop
  endfacet
  facet normal -1 0 0
    outer loop
      vertex -45.375 -1.12414 66.5
      vertex -45.375 -1.15862 66.5
      vertex -45.375 -1.12414 67
    endloop
  endfacet
  facet normal -1 0 0
    outer loop
      vertex -45.375 -1.12414 37.5
      vertex -45.375 -1.15862 37.5
      vertex -45.375 -1.12414 38
    endloop
  endfacet
  facet normal -1 0 0
    outer loop
      vertex -45.375 -1.11724 55
      vertex -45.375 -1.15172 55
      vertex -45.375 -1.11724 55.5
    endloop
  endfacet
  facet normal -1 0 0
    outer loop
      vertex -45.375 -1.11724 26
      vertex -45.375 -1.15172 26
      vertex -45.375 -1.11724 26.5
    endloop
  endfacet
  facet normal -1 0 0
    outer loop
      vertex -45.375 -1.11034 72.5
      vertex -45.375 -1.14483 72.5
      vertex -45.375 -1.11034 73
    endloop
  endfacet
  facet normal -1 0 0
    outer loop
      vertex -45.375 -1.11034 43.5
      vertex -45.375 -1.14483 43.5
      vertex -45.375 -1.11034 44
    endloop
  endfacet
  facet normal -1 0 0
    outer loop
      vertex -45.375 -1.10345 61
      vertex -45.375 -1.13793 61
      vertex -45.375 -1.10345 61.5
    endloop
  endfacet
  facet normal -1 0 0
    outer loop
      vertex -45.375 -1.10345 32
      vertex -45.375 -1.13793 32
      vertex -45.375 -1.10345 32.5
    endloop
  endfacet
  facet normal -1 0 0
    outer loop
      vertex -45.375 -1.09655 49.5
      vertex -45.375 -1.13103 49.5
      vertex -45.375 -1.09655 50
    endloop
  endfacet
  facet normal -1 0 0
    outer loop
      vertex -45.375 -1.09655 20.5
      vertex -45.375 -1.13103 20.5
      vertex -45.375 -1.09655 21
    endloop
  endfacet
  facet normal -1 0 0
    outer loop
      vertex -45.375 -1.08965 67
      vertex -45.375 -1.12414 67
      vertex -45.375 -1.08965 67.5
    endloop
  endfacet
  facet normal -1 0 0
    outer loop
      vertex -45.375 -1.08965 38
      vertex -45.375 -1.12414 38
      vertex -45.375 -1.08965 38.5
    endloop
  endfacet
  facet normal -1 0 0
    outer loop
      vertex -45.375 -1.08276 55.5
      vertex -45.375 -1.11724 55.5
      vertex -45.375 -1.08276 56
    endloop
  endfacet
  facet normal -1 0 0
    outer loop
      vertex -45.375 -1.08276 26.5
      vertex -45.375 -1.11724 26.5
      vertex -45.375 -1.08276 27
    endloop
  endfacet
  facet normal -1 0 0
    outer loop
      vertex -45.375 -1.07586 73
      vertex -45.375 -1.11034 73
      vertex -45.375 -1.07586 73.5
    endloop
  endfacet
  facet normal -1 0 0
    outer loop
      vertex -45.375 -1.07586 44
      vertex -45.375 -1.11034 44
      vertex -45.375 -1.07586 44.5
    endloop
  endfacet
  facet normal -1 0 0
    outer loop
      vertex -45.375 -1.06896 61.5
      vertex -45.375 -1.10345 61.5
      vertex -45.375 -1.06896 62
    endloop
  endfacet
  facet normal -1 0 0
    outer loop
      vertex -45.375 -1.06896 32.5
      vertex -45.375 -1.10345 32.5
      vertex -45.375 -1.06896 33
    endloop
  endfacet
  facet normal -1 0 0
    outer loop
      vertex -45.375 -1.06207 50
      vertex -45.375 -1.09655 50
      vertex -45.375 -1.06207 50.5
    endloop
  endfacet
  facet normal -1 0 0
    outer loop
      vertex -45.375 -1.06207 21
      vertex -45.375 -1.09655 21
      vertex -45.375 -1.06207 21.5
    endloop
  endfacet
  facet normal -1 0 0
    outer loop
      vertex -45.375 -1.05517 67.5
      vertex -45.375 -1.08965 67.5
      vertex -45.375 -1.05517 68
    endloop
  endfacet
  facet normal -1 0 0
    outer loop
      vertex -45.375 -1.05517 38.5
      vertex -45.375 -1.08965 38.5
      vertex -45.375 -1.05517 39
    endloop
  endfacet
  facet normal -1 0 0
    outer loop
      vertex -45.375 -1.04827 56
      vertex -45.375 -1.08276 56
      vertex -45.375 -1.04827 56.5
    endloop
  endfacet
  facet normal -1 0 0
    outer loop
      vertex -45.375 -1.04827 27
      vertex -45.375 -1.08276 27
      vertex -45.375 -1.04827 27.5
    endloop
  endfacet
  facet normal -1 0 0
    outer loop
      vertex -45.375 -1.04138 73.5
      vertex -45.375 -1.07586 73.5
      vertex -45.375 -1.04138 74
    endloop
  endfacet
  facet normal -1 0 0
    outer loop
      vertex -45.375 -1.04138 44.5
      vertex -45.375 -1.07586 44.5
      vertex -45.375 -1.04138 45
    endloop
  endfacet
  facet normal -1 0 0
    outer loop
      vertex -45.375 -1.03448 62
      vertex -45.375 -1.06896 62
      vertex -45.375 -1.03448 62.5
    endloop
  endfacet
  facet normal -1 0 0
    outer loop
      vertex -45.375 -1.03448 33
      vertex -45.375 -1.06896 33
      vertex -45.375 -1.03448 33.5
    endloop
  endfacet
  facet normal -1 0 0
    outer loop
      vertex -45.375 -1.02759 50.5
      vertex -45.375 -1.06207 50.5
      vertex -45.375 -1.02759 51
    endloop
  endfacet
  facet normal -1 0 0
    outer loop
      vertex -45.375 -1.02759 21.5
      vertex -45.375 -1.06207 21.5
      vertex -45.375 -1.02759 22
    endloop
  endfacet
  facet normal -1 0 0
    outer loop
      vertex -45.375 -1.02069 68
      vertex -45.375 -1.05517 68
      vertex -45.375 -1.02069 68.5
    endloop
  endfacet
  facet normal -1 0 0
    outer loop
      vertex -45.375 -1.02069 39
      vertex -45.375 -1.05517 39
      vertex -45.375 -1.02069 39.5
    endloop
  endfacet
  facet normal -1 0 0
    outer loop
      vertex -45.375 -1.01379 56.5
      vertex -45.375 -1.04827 56.5
      vertex -45.375 -1.01379 57
    endloop
  endfacet
  facet normal -1 0 0
    outer loop
      vertex -45.375 -1.01379 27.5
      vertex -45.375 -1.04827 27.5
      vertex -45.375 -1.01379 28
    endloop
  endfacet
  facet normal -1 0 0
    outer loop
      vertex -45.375 -1.0069 74
      vertex -45.375 -1.04138 74
      vertex -45.375 -1.0069 74.5
    endloop
  endfacet
  facet normal -1 0 0
    outer loop
      vertex -45.375 -1.0069 45
      vertex -45.375 -1.04138 45
      vertex -45.375 -1.0069 45.5
    endloop
  endfacet
  facet normal -1 0 0
    outer loop
      vertex -45.375 -1 33.5
      vertex -45.375 -1.03448 33.5
      vertex -45.375 -1 34
    endloop
  endfacet
  facet normal -1 0 0
    outer loop
      vertex -45.375 -0.999999 62.5
      vertex -45.375 -1.03448 62.5
      vertex -45.375 -0.999999 63
    endloop
  endfacet
  facet normal -1 0 0
    outer loop
      vertex -45.375 -0.993103 51
      vertex -45.375 -1.02759 51
      vertex -45.375 -0.993103 51.5
    endloop
  endfacet
  facet normal -1 0 0
    outer loop
      vertex -45.375 -0.993103 22
      vertex -45.375 -1.02759 22
      vertex -45.375 -0.993103 22.5
    endloop
  endfacet
  facet normal -1 0 0
    outer loop
      vertex -45.375 -0.986206 68.5
      vertex -45.375 -1.02069 68.5
      vertex -45.375 -0.986206 69
    endloop
  endfacet
  facet normal -1 0 0
    outer loop
      vertex -45.375 -0.986206 39.5
      vertex -45.375 -1.02069 39.5
      vertex -45.375 -0.986206 40
    endloop
  endfacet
  facet normal -1 0 0
    outer loop
      vertex -45.375 -0.97931 57
      vertex -45.375 -1.01379 57
      vertex -45.375 -0.97931 57.5
    endloop
  endfacet
  facet normal -1 0 0
    outer loop
      vertex -45.375 -0.97931 28
      vertex -45.375 -1.01379 28
      vertex -45.375 -0.97931 28.5
    endloop
  endfacet
  facet normal -1 0 0
    outer loop
      vertex -45.375 -0.972413 74.5
      vertex -45.375 -1.0069 74.5
      vertex -45.375 -0.972413 75
    endloop
  endfacet
  facet normal -1 0 0
    outer loop
      vertex -45.375 -0.972413 45.5
      vertex -45.375 -1.0069 45.5
      vertex -45.375 -0.972413 46
    endloop
  endfacet
  facet normal -1 0 0
    outer loop
      vertex -45.375 -0.965517 63
      vertex -45.375 -0.999999 63
      vertex -45.375 -0.965517 63.5
    endloop
  endfacet
  facet normal -1 0 0
    outer loop
      vertex -45.375 -0.965517 34
      vertex -45.375 -1 34
      vertex -45.375 -0.965517 34.5
    endloop
  endfacet
  facet normal -1 0 0
    outer loop
      vertex -45.375 -0.95862 51.5
      vertex -45.375 -0.993103 51.5
      vertex -45.375 -0.95862 52
    endloop
  endfacet
  facet normal -1 0 0
    outer loop
      vertex -45.375 -0.95862 22.5
      vertex -45.375 -0.993103 22.5
      vertex -45.375 -0.95862 23
    endloop
  endfacet
  facet normal -1 0 0
    outer loop
      vertex -45.375 -0.951724 69
      vertex -45.375 -0.986206 69
      vertex -45.375 -0.951724 69.5
    endloop
  endfacet
  facet normal -1 0 0
    outer loop
      vertex -45.375 -0.951724 40
      vertex -45.375 -0.986206 40
      vertex -45.375 -0.951724 40.5
    endloop
  endfacet
  facet normal -1 0 0
    outer loop
      vertex -45.375 -0.944827 57.5
      vertex -45.375 -0.97931 57.5
      vertex -45.375 -0.944827 58
    endloop
  endfacet
  facet normal -1 0 0
    outer loop
      vertex -45.375 -0.944827 28.5
      vertex -45.375 -0.97931 28.5
      vertex -45.375 -0.944827 29
    endloop
  endfacet
  facet normal -1 0 0
    outer loop
      vertex -45.375 -0.93793 75
      vertex -45.375 -0.972413 75
      vertex -45.375 -0.93793 75.5
    endloop
  endfacet
  facet normal -1 0 0
    outer loop
      vertex -45.375 -0.93793 46
      vertex -45.375 -0.972413 46
      vertex -45.375 -0.93793 46.5
    endloop
  endfacet
  facet normal -1 0 0
    outer loop
      vertex -45.375 -0.931034 63.5
      vertex -45.375 -0.965517 63.5
      vertex -45.375 -0.931034 64
    endloop
  endfacet
  facet normal -1 0 0
    outer loop
      vertex -45.375 -0.931034 34.5
      vertex -45.375 -0.965517 34.5
      vertex -45.375 -0.931034 35
    endloop
  endfacet
  facet normal -1 0 0
    outer loop
      vertex -45.375 -0.924137 52
      vertex -45.375 -0.95862 52
      vertex -45.375 -0.924137 52.5
    endloop
  endfacet
  facet normal -1 0 0
    outer loop
      vertex -45.375 -0.924137 23
      vertex -45.375 -0.95862 23
      vertex -45.375 -0.924137 23.5
    endloop
  endfacet
  facet normal -1 0 0
    outer loop
      vertex -45.375 -0.917241 69.5
      vertex -45.375 -0.951724 69.5
      vertex -45.375 -0.917241 70
    endloop
  endfacet
  facet normal -1 0 0
    outer loop
      vertex -45.375 -0.917241 40.5
      vertex -45.375 -0.951724 40.5
      vertex -45.375 -0.917241 41
    endloop
  endfacet
  facet normal -1 0 0
    outer loop
      vertex -45.375 -0.910344 58
      vertex -45.375 -0.944827 58
      vertex -45.375 -0.910344 58.5
    endloop
  endfacet
  facet normal -1 0 0
    outer loop
      vertex -45.375 -0.910344 29
      vertex -45.375 -0.944827 29
      vertex -45.375 -0.910344 29.5
    endloop
  endfacet
  facet normal -1 0 0
    outer loop
      vertex -45.375 -0.903448 75.5
      vertex -45.375 -0.93793 75.5
      vertex -45.375 -0.903448 76
    endloop
  endfacet
  facet normal -1 0 0
    outer loop
      vertex -45.375 -0.903448 46.5
      vertex -45.375 -0.93793 46.5
      vertex -45.375 -0.903448 47
    endloop
  endfacet
  facet normal -1 0 0
    outer loop
      vertex -45.375 -0.896551 64
      vertex -45.375 -0.931034 64
      vertex -45.375 -0.896551 64.5
    endloop
  endfacet
  facet normal -1 0 0
    outer loop
      vertex -45.375 -0.896551 35
      vertex -45.375 -0.931034 35
      vertex -45.375 -0.896551 35.5
    endloop
  endfacet
  facet normal -1 0 0
    outer loop
      vertex -45.375 -0.889655 52.5
      vertex -45.375 -0.924137 52.5
      vertex -45.375 -0.889655 53
    endloop
  endfacet
  facet normal -1 0 0
    outer loop
      vertex -45.375 -0.889655 23.5
      vertex -45.375 -0.924137 23.5
      vertex -45.375 -0.889655 24
    endloop
  endfacet
  facet normal -1 0 0
    outer loop
      vertex -45.375 -0.882758 70
      vertex -45.375 -0.917241 70
      vertex -45.375 -0.882758 70.5
    endloop
  endfacet
  facet normal -1 0 0
    outer loop
      vertex -45.375 -0.882758 41
      vertex -45.375 -0.917241 41
      vertex -45.375 -0.882758 41.5
    endloop
  endfacet
  facet normal -1 0 0
    outer loop
      vertex -45.375 -0.875861 58.5
      vertex -45.375 -0.910344 58.5
      vertex -45.375 -0.875861 59
    endloop
  endfacet
  facet normal -1 0 0
    outer loop
      vertex -45.375 -0.875861 29.5
      vertex -45.375 -0.910344 29.5
      vertex -45.375 -0.875861 30
    endloop
  endfacet
  facet normal -1 0 0
    outer loop
      vertex -45.375 -0.868965 76
      vertex -45.375 -0.903448 76
      vertex -45.375 -0.868965 76.5
    endloop
  endfacet
  facet normal -1 0 0
    outer loop
      vertex -45.375 -0.868965 47
      vertex -45.375 -0.903448 47
      vertex -45.375 -0.868965 47.5
    endloop
  endfacet
  facet normal -1 0 0
    outer loop
      vertex -45.375 -0.862068 64.5
      vertex -45.375 -0.896551 64.5
      vertex -45.375 -0.862068 65
    endloop
  endfacet
  facet normal -1 0 0
    outer loop
      vertex -45.375 -0.862068 35.5
      vertex -45.375 -0.896551 35.5
      vertex -45.375 -0.862068 36
    endloop
  endfacet
  facet normal -1 0 0
    outer loop
      vertex -45.375 -0.855172 53
      vertex -45.375 -0.889655 53
      vertex -45.375 -0.855172 53.5
    endloop
  endfacet
  facet normal -1 0 0
    outer loop
      vertex -45.375 -0.855172 24
      vertex -45.375 -0.889655 24
      vertex -45.375 -0.855172 24.5
    endloop
  endfacet
  facet normal -1 0 0
    outer loop
      vertex -45.375 -0.848275 70.5
      vertex -45.375 -0.882758 70.5
      vertex -45.375 -0.848275 71
    endloop
  endfacet
  facet normal -1 0 0
    outer loop
      vertex -45.375 -0.848275 41.5
      vertex -45.375 -0.882758 41.5
      vertex -45.375 -0.848275 42
    endloop
  endfacet
  facet normal -1 0 0
    outer loop
      vertex -45.375 -0.841379 59
      vertex -45.375 -0.875861 59
      vertex -45.375 -0.841379 59.5
    endloop
  endfacet
  facet normal -1 0 0
    outer loop
      vertex -45.375 -0.841379 30
      vertex -45.375 -0.875861 30
      vertex -45.375 -0.841379 30.5
    endloop
  endfacet
  facet normal -1 0 0
    outer loop
      vertex -45.375 -0.841379 30.5
      vertex -45.375 -0.806896 31
      vertex -45.375 -0.806896 30.5
    endloop
  endfacet
  facet normal -1 0 0
    outer loop
      vertex -45.375 -1.17241 31
      vertex -45.375 -0.875861 30
      vertex -45.375 -0.910344 29.5
    endloop
  endfacet
  facet normal -1 0 0
    outer loop
      vertex -45.375 -1.17241 31
      vertex -45.375 -0.910344 29.5
      vertex -45.375 -0.944827 29
    endloop
  endfacet
  facet normal -1 0 0
    outer loop
      vertex -45.375 -1.17241 31
      vertex -45.375 -0.944827 29
      vertex -45.375 -0.97931 28.5
    endloop
  endfacet
  facet normal -1 0 0
    outer loop
      vertex -45.375 -1.17241 31
      vertex -45.375 -0.97931 28.5
      vertex -45.375 -1.01379 28
    endloop
  endfacet
  facet normal -1 0 0
    outer loop
      vertex -45.375 -1.17241 31
      vertex -45.375 -1.04827 27.5
      vertex -45.375 -1.08276 27
    endloop
  endfacet
  facet normal -1 0 0
    outer loop
      vertex -45.375 -1.17241 31
      vertex -45.375 -1.08276 27
      vertex -45.375 -1.11724 26.5
    endloop
  endfacet
  facet normal -1 0 0
    outer loop
      vertex -45.375 -1.17241 31
      vertex -45.375 -1.11724 26.5
      vertex -45.375 -1.15172 26
    endloop
  endfacet
  facet normal -1 0 0
    outer loop
      vertex -45.375 -0.841379 30.5
      vertex -45.375 -1.17241 31
      vertex -45.375 -0.806896 31
    endloop
  endfacet
  facet normal -1 0 0
    outer loop
      vertex -45.375 -0.875861 30
      vertex -45.375 -1.17241 31
      vertex -45.375 -0.841379 30.5
    endloop
  endfacet
  facet normal -1 0 0
    outer loop
      vertex -45.375 -1.04827 27.5
      vertex -45.375 -1.17241 31
      vertex -45.375 -1.01379 28
    endloop
  endfacet
  facet normal -1 0 0
    outer loop
      vertex -45.375 -0.841379 59.5
      vertex -45.375 -0.806896 60
      vertex -45.375 -0.806896 59.5
    endloop
  endfacet
  facet normal -1 0 0
    outer loop
      vertex -45.375 -1.17241 60
      vertex -45.375 -0.875861 59
      vertex -45.375 -0.910344 58.5
    endloop
  endfacet
  facet normal -1 0 0
    outer loop
      vertex -45.375 -1.17241 60
      vertex -45.375 -0.910344 58.5
      vertex -45.375 -0.944827 58
    endloop
  endfacet
  facet normal -1 0 0
    outer loop
      vertex -45.375 -1.17241 60
      vertex -45.375 -0.944827 58
      vertex -45.375 -0.97931 57.5
    endloop
  endfacet
  facet normal -1 0 0
    outer loop
      vertex -45.375 -1.17241 60
      vertex -45.375 -0.97931 57.5
      vertex -45.375 -1.01379 57
    endloop
  endfacet
  facet normal -1 0 0
    outer loop
      vertex -45.375 -1.17241 60
      vertex -45.375 -1.04827 56.5
      vertex -45.375 -1.08276 56
    endloop
  endfacet
  facet normal -1 0 0
    outer loop
      vertex -45.375 -1.17241 60
      vertex -45.375 -1.08276 56
      vertex -45.375 -1.11724 55.5
    endloop
  endfacet
  facet normal -1 0 0
    outer loop
      vertex -45.375 -1.17241 60
      vertex -45.375 -1.11724 55.5
      vertex -45.375 -1.15172 55
    endloop
  endfacet
  facet normal -1 0 0
    outer loop
      vertex -45.375 -0.841379 59.5
      vertex -45.375 -1.17241 60
      vertex -45.375 -0.806896 60
    endloop
  endfacet
  facet normal -1 0 0
    outer loop
      vertex -45.375 -0.875861 59
      vertex -45.375 -1.17241 60
      vertex -45.375 -0.841379 59.5
    endloop
  endfacet
  facet normal -1 0 0
    outer loop
      vertex -45.375 -1.04827 56.5
      vertex -45.375 -1.17241 60
      vertex -45.375 -1.01379 57
    endloop
  endfacet
  facet normal -1 0 0
    outer loop
      vertex -45.375 -0.848275 42
      vertex -45.375 -0.813792 42.5
      vertex -45.375 -0.813792 42
    endloop
  endfacet
  facet normal -1 0 0
    outer loop
      vertex -45.375 -1.17931 42.5
      vertex -45.375 -0.848275 42
      vertex -45.375 -0.882758 41.5
    endloop
  endfacet
  facet normal -1 0 0
    outer loop
      vertex -45.375 -1.17931 42.5
      vertex -45.375 -0.882758 41.5
      vertex -45.375 -0.917241 41
    endloop
  endfacet
  facet normal -1 0 0
    outer loop
      vertex -45.375 -1.17931 42.5
      vertex -45.375 -0.917241 41
      vertex -45.375 -0.951724 40.5
    endloop
  endfacet
  facet normal -1 0 0
    outer loop
      vertex -45.375 -1.17931 42.5
      vertex -45.375 -0.986206 40
      vertex -45.375 -1.02069 39.5
    endloop
  endfacet
  facet normal -1 0 0
    outer loop
      vertex -45.375 -1.17931 42.5
      vertex -45.375 -1.02069 39.5
      vertex -45.375 -1.05517 39
    endloop
  endfacet
  facet normal -1 0 0
    outer loop
      vertex -45.375 -1.17931 42.5
      vertex -45.375 -1.05517 39
      vertex -45.375 -1.08965 38.5
    endloop
  endfacet
  facet normal -1 0 0
    outer loop
      vertex -45.375 -1.17931 42.5
      vertex -45.375 -1.08965 38.5
      vertex -45.375 -1.12414 38
    endloop
  endfacet
  facet normal -1 0 0
    outer loop
      vertex -45.375 -0.848275 42
      vertex -45.375 -1.17931 42.5
      vertex -45.375 -0.813792 42.5
    endloop
  endfacet
  facet normal -1 0 0
    outer loop
      vertex -45.375 -0.986206 40
      vertex -45.375 -1.17931 42.5
      vertex -45.375 -0.951724 40.5
    endloop
  endfacet
  facet normal -1 0 0
    outer loop
      vertex -45.375 -1.17931 42.5
      vertex -45.375 -1.12414 38
      vertex -45.375 -1.15862 37.5
    endloop
  endfacet
  facet normal -1 0 0
    outer loop
      vertex -45.375 -0.848275 71
      vertex -45.375 -0.813792 71.5
      vertex -45.375 -0.813792 71
    endloop
  endfacet
  facet normal -1 0 0
    outer loop
      vertex -45.375 -1.17931 71.5
      vertex -45.375 -0.848275 71
      vertex -45.375 -0.882758 70.5
    endloop
  endfacet
  facet normal -1 0 0
    outer loop
      vertex -45.375 -1.17931 71.5
      vertex -45.375 -0.882758 70.5
      vertex -45.375 -0.917241 70
    endloop
  endfacet
  facet normal -1 0 0
    outer loop
      vertex -45.375 -1.17931 71.5
      vertex -45.375 -0.917241 70
      vertex -45.375 -0.951724 69.5
    endloop
  endfacet
  facet normal -1 0 0
    outer loop
      vertex -45.375 -1.17931 71.5
      vertex -45.375 -0.986206 69
      vertex -45.375 -1.02069 68.5
    endloop
  endfacet
  facet normal -1 0 0
    outer loop
      vertex -45.375 -1.17931 71.5
      vertex -45.375 -1.02069 68.5
      vertex -45.375 -1.05517 68
    endloop
  endfacet
  facet normal -1 0 0
    outer loop
      vertex -45.375 -1.17931 71.5
      vertex -45.375 -1.05517 68
      vertex -45.375 -1.08965 67.5
    endloop
  endfacet
  facet normal -1 0 0
    outer loop
      vertex -45.375 -1.17931 71.5
      vertex -45.375 -1.08965 67.5
      vertex -45.375 -1.12414 67
    endloop
  endfacet
  facet normal -1 0 0
    outer loop
      vertex -45.375 -0.848275 71
      vertex -45.375 -1.17931 71.5
      vertex -45.375 -0.813792 71.5
    endloop
  endfacet
  facet normal -1 0 0
    outer loop
      vertex -45.375 -0.986206 69
      vertex -45.375 -1.17931 71.5
      vertex -45.375 -0.951724 69.5
    endloop
  endfacet
  facet normal -1 0 0
    outer loop
      vertex -45.375 -1.17931 71.5
      vertex -45.375 -1.12414 67
      vertex -45.375 -1.15862 66.5
    endloop
  endfacet
  facet normal -1 0 0
    outer loop
      vertex -45.375 -0.855172 24.5
      vertex -45.375 -0.820689 25
      vertex -45.375 -0.820689 24.5
    endloop
  endfacet
  facet normal -1 0 0
    outer loop
      vertex -45.375 -1.18621 25
      vertex -45.375 -0.855172 24.5
      vertex -45.375 -0.889655 24
    endloop
  endfacet
  facet normal -1 0 0
    outer loop
      vertex -45.375 -1.18621 25
      vertex -45.375 -0.924137 23.5
      vertex -45.375 -0.95862 23
    endloop
  endfacet
  facet normal -1 0 0
    outer loop
      vertex -45.375 -1.18621 25
      vertex -45.375 -0.95862 23
      vertex -45.375 -0.993103 22.5
    endloop
  endfacet
  facet normal -1 0 0
    outer loop
      vertex -45.375 -1.18621 25
      vertex -45.375 -0.993103 22.5
      vertex -45.375 -1.02759 22
    endloop
  endfacet
  facet normal -1 0 0
    outer loop
      vertex -45.375 -1.18621 25
      vertex -45.375 -1.02759 22
      vertex -45.375 -1.06207 21.5
    endloop
  endfacet
  facet normal -1 0 0
    outer loop
      vertex -45.375 -1.18621 25
      vertex -45.375 -1.09655 21
      vertex -45.375 -1.13103 20.5
    endloop
  endfacet
  facet normal -1 0 0
    outer loop
      vertex -45.375 -1.18621 25
      vertex -45.375 -1.13103 20.5
      vertex -45.375 -1.16552 20
    endloop
  endfacet
  facet normal -1 0 0
    outer loop
      vertex -45.375 -0.855172 24.5
      vertex -45.375 -1.18621 25
      vertex -45.375 -0.820689 25
    endloop
  endfacet
  facet normal -1 0 0
    outer loop
      vertex -45.375 -0.924137 23.5
      vertex -45.375 -1.18621 25
      vertex -45.375 -0.889655 24
    endloop
  endfacet
  facet normal -1 0 0
    outer loop
      vertex -45.375 -1.09655 21
      vertex -45.375 -1.18621 25
      vertex -45.375 -1.06207 21.5
    endloop
  endfacet
  facet normal -1 0 0
    outer loop
      vertex -45.375 -0.855172 53.5
      vertex -45.375 -0.820689 54
      vertex -45.375 -0.820689 53.5
    endloop
  endfacet
  facet normal -1 0 0
    outer loop
      vertex -45.375 -1.18621 54
      vertex -45.375 -0.855172 53.5
      vertex -45.375 -0.889655 53
    endloop
  endfacet
  facet normal -1 0 0
    outer loop
      vertex -45.375 -1.18621 54
      vertex -45.375 -0.924137 52.5
      vertex -45.375 -0.95862 52
    endloop
  endfacet
  facet normal -1 0 0
    outer loop
      vertex -45.375 -1.18621 54
      vertex -45.375 -0.95862 52
      vertex -45.375 -0.993103 51.5
    endloop
  endfacet
  facet normal -1 0 0
    outer loop
      vertex -45.375 -1.18621 54
      vertex -45.375 -0.993103 51.5
      vertex -45.375 -1.02759 51
    endloop
  endfacet
  facet normal -1 0 0
    outer loop
      vertex -45.375 -1.18621 54
      vertex -45.375 -1.02759 51
      vertex -45.375 -1.06207 50.5
    endloop
  endfacet
  facet normal -1 0 0
    outer loop
      vertex -45.375 -1.18621 54
      vertex -45.375 -1.09655 50
      vertex -45.375 -1.13103 49.5
    endloop
  endfacet
  facet normal -1 0 0
    outer loop
      vertex -45.375 -1.18621 54
      vertex -45.375 -1.13103 49.5
      vertex -45.375 -1.16552 49
    endloop
  endfacet
  facet normal -1 0 0
    outer loop
      vertex -45.375 -0.855172 53.5
      vertex -45.375 -1.18621 54
      vertex -45.375 -0.820689 54
    endloop
  endfacet
  facet normal -1 0 0
    outer loop
      vertex -45.375 -0.924137 52.5
      vertex -45.375 -1.18621 54
      vertex -45.375 -0.889655 53
    endloop
  endfacet
  facet normal -1 0 0
    outer loop
      vertex -45.375 -1.09655 50
      vertex -45.375 -1.18621 54
      vertex -45.375 -1.06207 50.5
    endloop
  endfacet
  facet normal -1 0 0
    outer loop
      vertex -45.375 -0.862068 36
      vertex -45.375 -0.827586 36.5
      vertex -45.375 -0.827586 36
    endloop
  endfacet
  facet normal -1 0 0
    outer loop
      vertex -45.375 -1.1931 36.5
      vertex -45.375 -0.862068 36
      vertex -45.375 -0.896551 35.5
    endloop
  endfacet
  facet normal -1 0 0
    outer loop
      vertex -45.375 -1.1931 36.5
      vertex -45.375 -0.896551 35.5
      vertex -45.375 -0.931034 35
    endloop
  endfacet
  facet normal -1 0 0
    outer loop
      vertex -45.375 -1.1931 36.5
      vertex -45.375 -0.931034 35
      vertex -45.375 -0.965517 34.5
    endloop
  endfacet
  facet normal -1 0 0
    outer loop
      vertex -45.375 -1.1931 36.5
      vertex -45.375 -0.965517 34.5
      vertex -45.375 -1 34
    endloop
  endfacet
  facet normal -1 0 0
    outer loop
      vertex -45.375 -1.1931 36.5
      vertex -45.375 -1.03448 33.5
      vertex -45.375 -1.06896 33
    endloop
  endfacet
  facet normal -1 0 0
    outer loop
      vertex -45.375 -1.1931 36.5
      vertex -45.375 -1.06896 33
      vertex -45.375 -1.10345 32.5
    endloop
  endfacet
  facet normal -1 0 0
    outer loop
      vertex -45.375 -1.1931 36.5
      vertex -45.375 -1.10345 32.5
      vertex -45.375 -1.13793 32
    endloop
  endfacet
  facet normal -1 0 0
    outer loop
      vertex -45.375 -0.862068 36
      vertex -45.375 -1.1931 36.5
      vertex -45.375 -0.827586 36.5
    endloop
  endfacet
  facet normal -1 0 0
    outer loop
      vertex -45.375 -1.03448 33.5
      vertex -45.375 -1.1931 36.5
      vertex -45.375 -1 34
    endloop
  endfacet
  facet normal -1 0 0
    outer loop
      vertex -45.375 -1.17241 31.5
      vertex -45.375 -1.1931 36.5
      vertex -45.375 -1.13793 32
    endloop
  endfacet
  facet normal -1 0 0
    outer loop
      vertex -45.375 -1.1931 36.5
      vertex -45.375 -1.17241 31.5
      vertex -45.375 -1.18621 25.5
    endloop
  endfacet
  facet normal -1 0 0
    outer loop
      vertex -45.375 -0.862068 65
      vertex -45.375 -0.827586 65.5
      vertex -45.375 -0.827586 65
    endloop
  endfacet
  facet normal -1 0 0
    outer loop
      vertex -45.375 -1.1931 65.5
      vertex -45.375 -0.862068 65
      vertex -45.375 -0.896551 64.5
    endloop
  endfacet
  facet normal -1 0 0
    outer loop
      vertex -45.375 -1.1931 65.5
      vertex -45.375 -0.896551 64.5
      vertex -45.375 -0.931034 64
    endloop
  endfacet
  facet normal -1 0 0
    outer loop
      vertex -45.375 -1.1931 65.5
      vertex -45.375 -0.931034 64
      vertex -45.375 -0.965517 63.5
    endloop
  endfacet
  facet normal -1 0 0
    outer loop
      vertex -45.375 -1.1931 65.5
      vertex -45.375 -0.999999 63
      vertex -45.375 -1.03448 62.5
    endloop
  endfacet
  facet normal -1 0 0
    outer loop
      vertex -45.375 -1.1931 65.5
      vertex -45.375 -1.03448 62.5
      vertex -45.375 -1.06896 62
    endloop
  endfacet
  facet normal -1 0 0
    outer loop
      vertex -45.375 -1.1931 65.5
      vertex -45.375 -1.06896 62
      vertex -45.375 -1.10345 61.5
    endloop
  endfacet
  facet normal -1 0 0
    outer loop
      vertex -45.375 -0.999999 63
      vertex -45.375 -1.1931 65.5
      vertex -45.375 -0.965517 63.5
    endloop
  endfacet
  facet normal -1 0 0
    outer loop
      vertex -45.375 -1.1931 65.5
      vertex -45.375 -1.10345 61.5
      vertex -45.375 -1.13793 61
    endloop
  endfacet
  facet normal -1 0 0
    outer loop
      vertex -45.375 -0.862068 65
      vertex -45.375 -1.1931 65.5
      vertex -45.375 -0.827586 65.5
    endloop
  endfacet
  facet normal -1 0 0
    outer loop
      vertex -45.375 -1.17241 60.5
      vertex -45.375 -1.1931 65.5
      vertex -45.375 -1.13793 61
    endloop
  endfacet
  facet normal -1 0 0
    outer loop
      vertex -45.375 -1.1931 65.5
      vertex -45.375 -1.17241 60.5
      vertex -45.375 -1.18621 54.5
    endloop
  endfacet
  facet normal -1 0 0
    outer loop
      vertex -45.375 -0.868965 47.5
      vertex -45.375 -0.834482 48
      vertex -45.375 -0.834482 47.5
    endloop
  endfacet
  facet normal -1 0 0
    outer loop
      vertex -45.375 -1.2 48
      vertex -45.375 -0.868965 47.5
      vertex -45.375 -0.903448 47
    endloop
  endfacet
  facet normal -1 0 0
    outer loop
      vertex -45.375 -4.52042 46
      vertex -45.375 -0.93793 46.5
      vertex -45.375 -0.972413 46
    endloop
  endfacet
  facet normal -1 0 0
    outer loop
      vertex -45.375 -4.52042 46
      vertex -45.375 -0.972413 46
      vertex -45.375 -1.0069 45.5
    endloop
  endfacet
  facet normal -1 0 0
    outer loop
      vertex -45.375 -4.52042 46
      vertex -45.375 -1.0069 45.5
      vertex -45.375 -1.04138 45
    endloop
  endfacet
  facet normal -1 0 0
    outer loop
      vertex -45.375 -4.65965 45
      vertex -45.375 -1.04138 45
      vertex -45.375 -1.07586 44.5
    endloop
  endfacet
  facet normal -1 0 0
    outer loop
      vertex -45.375 -4.65965 44
      vertex -45.375 -1.11034 44
      vertex -45.375 -1.14483 43.5
    endloop
  endfacet
  facet normal -1 0 0
    outer loop
      vertex -45.375 -4.65965 44
      vertex -45.375 -1.14483 43.5
      vertex -45.375 -1.17931 43
    endloop
  endfacet
  facet normal -1 0 0
    outer loop
      vertex -45.375 -0.868965 47.5
      vertex -45.375 -1.2 48
      vertex -45.375 -0.834482 48
    endloop
  endfacet
  facet normal -1 -0 0
    outer loop
      vertex -45.375 -0.93793 46.5
      vertex -45.375 -4.52042 46
      vertex -45.375 -4.52042 47
    endloop
  endfacet
  facet normal -1 0 0
    outer loop
      vertex -45.375 -1.11034 44
      vertex -45.375 -4.65965 44
      vertex -45.375 -1.07586 44.5
    endloop
  endfacet
  facet normal -1 0 0
    outer loop
      vertex -45.375 -4.9381 41
      vertex -45.375 -1.17931 42.5
      vertex -45.375 -4.9381 40
    endloop
  endfacet
  facet normal -1 0 0
    outer loop
      vertex -45.375 -1.18621 25.5
      vertex -45.375 -5.63424 31
      vertex -45.375 -5.49502 32
    endloop
  endfacet
  facet normal -1 0 0
    outer loop
      vertex -45.375 -0.868965 76.5
      vertex -45.375 -0.834482 77
      vertex -45.375 -0.834482 76.5
    endloop
  endfacet
  facet normal -1 0 0
    outer loop
      vertex -45.375 -2.432 76
      vertex -45.375 -0.868965 76.5
      vertex -45.375 -0.903448 76
    endloop
  endfacet
  facet normal -1 0 0
    outer loop
      vertex -45.375 -2.57123 75
      vertex -45.375 -0.93793 75.5
      vertex -45.375 -0.972413 75
    endloop
  endfacet
  facet normal -1 0 0
    outer loop
      vertex -45.375 -2.57123 75
      vertex -45.375 -0.972413 75
      vertex -45.375 -1.0069 74.5
    endloop
  endfacet
  facet normal -1 0 0
    outer loop
      vertex -45.375 -2.57123 74
      vertex -45.375 -1.0069 74.5
      vertex -45.375 -1.04138 74
    endloop
  endfacet
  facet normal -1 0 0
    outer loop
      vertex -45.375 -2.57123 74
      vertex -45.375 -1.04138 74
      vertex -45.375 -1.07586 73.5
    endloop
  endfacet
  facet normal -1 0 0
    outer loop
      vertex -45.375 -2.57123 74
      vertex -45.375 -1.11034 73
      vertex -45.375 -1.14483 72.5
    endloop
  endfacet
  facet normal -1 0 0
    outer loop
      vertex -45.375 -2.57123 74
      vertex -45.375 -1.14483 72.5
      vertex -45.375 -1.17931 72
    endloop
  endfacet
  facet normal -1 0 0
    outer loop
      vertex -45.375 -1.18621 54.5
      vertex -45.375 -3.54582 60
      vertex -45.375 -1.1931 65.5
    endloop
  endfacet
  facet normal -1 0 0
    outer loop
      vertex -45.375 -1.17931 71.5
      vertex -45.375 -2.57123 74
      vertex -45.375 -1.17931 72
    endloop
  endfacet
  facet normal -1 0 0
    outer loop
      vertex -45.375 -1.11034 73
      vertex -45.375 -2.57123 74
      vertex -45.375 -1.07586 73.5
    endloop
  endfacet
  facet normal -1 -0 0
    outer loop
      vertex -45.375 -1.0069 74.5
      vertex -45.375 -2.57123 74
      vertex -45.375 -2.57123 75
    endloop
  endfacet
  facet normal -1 -0 0
    outer loop
      vertex -45.375 -0.868965 76.5
      vertex -45.375 -2.432 76
      vertex -45.375 -2.432 77
    endloop
  endfacet
  facet normal -1 0 0
    outer loop
      vertex -45.375 -0.868965 76.5
      vertex -45.375 -2.432 77
      vertex -45.375 -0.834482 77
    endloop
  endfacet
  facet normal -1 0 0
    outer loop
      vertex -45.375 1.08276 56
      vertex -45.375 3.82428 56
      vertex -45.375 1.11724 55.5
    endloop
  endfacet
  facet normal -1 0 0
    outer loop
      vertex -45.375 1.04827 56.5
      vertex -45.375 3.82428 56
      vertex -45.375 1.08276 56
    endloop
  endfacet
  facet normal -1 0 0
    outer loop
      vertex -45.375 1.11724 55.5
      vertex -45.375 1.15172 55
      vertex -45.375 1.11724 55
    endloop
  endfacet
  facet normal -1 0 0
    outer loop
      vertex -45.375 3.82428 56
      vertex -45.375 1.04827 56.5
      vertex -45.375 3.82428 57
    endloop
  endfacet
  facet normal -1 0 0
    outer loop
      vertex -45.375 1.08276 56
      vertex -45.375 1.11724 55.5
      vertex -45.375 1.08276 55.5
    endloop
  endfacet
  facet normal -1 0 0
    outer loop
      vertex -45.375 1.01379 57
      vertex -45.375 3.82428 57
      vertex -45.375 1.04827 56.5
    endloop
  endfacet
  facet normal -1 0 0
    outer loop
      vertex -45.375 1.04827 56.5
      vertex -45.375 1.08276 56
      vertex -45.375 1.04827 56
    endloop
  endfacet
  facet normal -1 0 0
    outer loop
      vertex -45.375 3.82428 57
      vertex -45.375 1.01379 57
      vertex -45.375 3.68505 58
    endloop
  endfacet
  facet normal -1 0 0
    outer loop
      vertex -45.375 1.01379 57
      vertex -45.375 1.04827 56.5
      vertex -45.375 1.01379 56.5
    endloop
  endfacet
  facet normal -1 0 0
    outer loop
      vertex -45.375 0.97931 57.5
      vertex -45.375 3.68505 58
      vertex -45.375 1.01379 57
    endloop
  endfacet
  facet normal -1 0 0
    outer loop
      vertex -45.375 0.97931 57.5
      vertex -45.375 1.01379 57
      vertex -45.375 0.97931 57
    endloop
  endfacet
  facet normal -1 0 0
    outer loop
      vertex -45.375 0.944827 58
      vertex -45.375 3.68505 58
      vertex -45.375 0.97931 57.5
    endloop
  endfacet
  facet normal -1 0 0
    outer loop
      vertex -45.375 0.944827 58
      vertex -45.375 0.97931 57.5
      vertex -45.375 0.944827 57.5
    endloop
  endfacet
  facet normal -1 0 0
    outer loop
      vertex -45.375 0.910344 58.5
      vertex -45.375 3.68505 58
      vertex -45.375 0.944827 58
    endloop
  endfacet
  facet normal -1 0 0
    outer loop
      vertex -45.375 0.910344 58.5
      vertex -45.375 0.944827 58
      vertex -45.375 0.910344 58
    endloop
  endfacet
  facet normal -1 0 0
    outer loop
      vertex -45.375 0.875861 59
      vertex -45.375 3.68505 58
      vertex -45.375 0.910344 58.5
    endloop
  endfacet
  facet normal -1 0 0
    outer loop
      vertex -45.375 0.875861 59
      vertex -45.375 0.910344 58.5
      vertex -45.375 0.875861 58.5
    endloop
  endfacet
  facet normal -1 0 0
    outer loop
      vertex -45.375 3.68505 58
      vertex -45.375 0.875861 59
      vertex -45.375 1.17241 60
    endloop
  endfacet
  facet normal -1 0 0
    outer loop
      vertex -45.375 0.841379 59.5
      vertex -45.375 0.875861 59
      vertex -45.375 0.841379 59
    endloop
  endfacet
  facet normal -1 0 0
    outer loop
      vertex -45.375 0.875861 59
      vertex -45.375 0.841379 59.5
      vertex -45.375 1.17241 60
    endloop
  endfacet
  facet normal -1 0 0
    outer loop
      vertex -45.375 0.806896 60
      vertex -45.375 0.841379 59.5
      vertex -45.375 0.806896 59.5
    endloop
  endfacet
  facet normal -1 0 0
    outer loop
      vertex -45.375 0.841379 59.5
      vertex -45.375 0.806896 60
      vertex -45.375 1.17241 60
    endloop
  endfacet
  facet normal -1 0 0
    outer loop
      vertex -45.375 1.15172 26
      vertex -45.375 1.18621 25.5
      vertex -45.375 1.15172 25.5
    endloop
  endfacet
  facet normal -1 0 0
    outer loop
      vertex -45.375 1.18621 25.5
      vertex -45.375 1.15172 26
      vertex -45.375 1.17241 31
    endloop
  endfacet
  facet normal -1 0 0
    outer loop
      vertex -45.375 1.11724 26.5
      vertex -45.375 1.15172 26
      vertex -45.375 1.11724 26
    endloop
  endfacet
  facet normal -1 0 0
    outer loop
      vertex -45.375 1.15172 26
      vertex -45.375 1.11724 26.5
      vertex -45.375 1.17241 31
    endloop
  endfacet
  facet normal -1 0 0
    outer loop
      vertex -45.375 1.08276 27
      vertex -45.375 1.11724 26.5
      vertex -45.375 1.08276 26.5
    endloop
  endfacet
  facet normal -1 0 0
    outer loop
      vertex -45.375 1.11724 26.5
      vertex -45.375 1.08276 27
      vertex -45.375 1.17241 31
    endloop
  endfacet
  facet normal -1 0 0
    outer loop
      vertex -45.375 1.04827 27.5
      vertex -45.375 1.08276 27
      vertex -45.375 1.04827 27
    endloop
  endfacet
  facet normal -1 0 0
    outer loop
      vertex -45.375 1.08276 27
      vertex -45.375 1.04827 27.5
      vertex -45.375 1.17241 31
    endloop
  endfacet
  facet normal -1 0 0
    outer loop
      vertex -45.375 1.01379 28
      vertex -45.375 1.04827 27.5
      vertex -45.375 1.01379 27.5
    endloop
  endfacet
  facet normal -1 0 0
    outer loop
      vertex -45.375 1.04827 27.5
      vertex -45.375 1.01379 28
      vertex -45.375 1.17241 31
    endloop
  endfacet
  facet normal -1 0 0
    outer loop
      vertex -45.375 0.97931 28.5
      vertex -45.375 1.01379 28
      vertex -45.375 0.97931 28
    endloop
  endfacet
  facet normal -1 0 0
    outer loop
      vertex -45.375 1.01379 28
      vertex -45.375 0.97931 28.5
      vertex -45.375 1.17241 31
    endloop
  endfacet
  facet normal -1 0 0
    outer loop
      vertex -45.375 0.944827 29
      vertex -45.375 0.97931 28.5
      vertex -45.375 0.944827 28.5
    endloop
  endfacet
  facet normal -1 0 0
    outer loop
      vertex -45.375 0.97931 28.5
      vertex -45.375 0.944827 29
      vertex -45.375 1.17241 31
    endloop
  endfacet
  facet normal -1 0 0
    outer loop
      vertex -45.375 0.910344 29.5
      vertex -45.375 0.944827 29
      vertex -45.375 0.910344 29
    endloop
  endfacet
  facet normal -1 0 0
    outer loop
      vertex -45.375 0.944827 29
      vertex -45.375 0.910344 29.5
      vertex -45.375 1.17241 31
    endloop
  endfacet
  facet normal -1 0 0
    outer loop
      vertex -45.375 0.875861 30
      vertex -45.375 0.910344 29.5
      vertex -45.375 0.875861 29.5
    endloop
  endfacet
  facet normal -1 0 0
    outer loop
      vertex -45.375 0.910344 29.5
      vertex -45.375 0.875861 30
      vertex -45.375 1.17241 31
    endloop
  endfacet
  facet normal -1 0 0
    outer loop
      vertex -45.375 0.841379 30.5
      vertex -45.375 0.875861 30
      vertex -45.375 0.841379 30
    endloop
  endfacet
  facet normal -1 0 0
    outer loop
      vertex -45.375 0.875861 30
      vertex -45.375 0.841379 30.5
      vertex -45.375 1.17241 31
    endloop
  endfacet
  facet normal -1 0 0
    outer loop
      vertex -45.375 0.806896 31
      vertex -45.375 0.841379 30.5
      vertex -45.375 0.806896 30.5
    endloop
  endfacet
  facet normal -1 0 0
    outer loop
      vertex -45.375 0.841379 30.5
      vertex -45.375 0.806896 31
      vertex -45.375 1.17241 31
    endloop
  endfacet
  facet normal -1 0 0
    outer loop
      vertex -45.375 1.08965 67.5
      vertex -45.375 3.12814 67
      vertex -45.375 1.12414 67
    endloop
  endfacet
  facet normal -1 0 0
    outer loop
      vertex -45.375 3.12814 67
      vertex -45.375 1.08965 67.5
      vertex -45.375 2.98891 68
    endloop
  endfacet
  facet normal -1 0 0
    outer loop
      vertex -45.375 1.12414 67
      vertex -45.375 1.15862 66.5
      vertex -45.375 1.12414 66.5
    endloop
  endfacet
  facet normal -1 0 0
    outer loop
      vertex -45.375 1.05517 68
      vertex -45.375 2.98891 68
      vertex -45.375 1.08965 67.5
    endloop
  endfacet
  facet normal -1 0 0
    outer loop
      vertex -45.375 1.08965 67.5
      vertex -45.375 1.12414 67
      vertex -45.375 1.08965 67
    endloop
  endfacet
  facet normal -1 0 0
    outer loop
      vertex -45.375 1.02069 68.5
      vertex -45.375 2.98891 68
      vertex -45.375 1.05517 68
    endloop
  endfacet
  facet normal -1 0 0
    outer loop
      vertex -45.375 1.05517 68
      vertex -45.375 1.08965 67.5
      vertex -45.375 1.05517 67.5
    endloop
  endfacet
  facet normal -1 0 0
    outer loop
      vertex -45.375 2.98891 68
      vertex -45.375 1.02069 68.5
      vertex -45.375 2.98891 69
    endloop
  endfacet
  facet normal -1 0 0
    outer loop
      vertex -45.375 1.02069 68.5
      vertex -45.375 1.05517 68
      vertex -45.375 1.02069 68
    endloop
  endfacet
  facet normal -1 0 0
    outer loop
      vertex -45.375 0.986206 69
      vertex -45.375 2.98891 69
      vertex -45.375 1.02069 68.5
    endloop
  endfacet
  facet normal -1 0 0
    outer loop
      vertex -45.375 0.986206 69
      vertex -45.375 1.02069 68.5
      vertex -45.375 0.986206 68.5
    endloop
  endfacet
  facet normal -1 0 0
    outer loop
      vertex -45.375 0.951724 69.5
      vertex -45.375 2.98891 69
      vertex -45.375 0.986206 69
    endloop
  endfacet
  facet normal -1 0 0
    outer loop
      vertex -45.375 0.951724 69.5
      vertex -45.375 0.986206 69
      vertex -45.375 0.951724 69
    endloop
  endfacet
  facet normal -1 0 0
    outer loop
      vertex -45.375 0.917241 70
      vertex -45.375 2.98891 69
      vertex -45.375 0.951724 69.5
    endloop
  endfacet
  facet normal -1 0 0
    outer loop
      vertex -45.375 0.917241 70
      vertex -45.375 0.951724 69.5
      vertex -45.375 0.917241 69.5
    endloop
  endfacet
  facet normal -1 0 0
    outer loop
      vertex -45.375 0.882758 70.5
      vertex -45.375 2.98891 69
      vertex -45.375 0.917241 70
    endloop
  endfacet
  facet normal -1 0 0
    outer loop
      vertex -45.375 0.882758 70.5
      vertex -45.375 0.917241 70
      vertex -45.375 0.882758 70
    endloop
  endfacet
  facet normal -1 0 0
    outer loop
      vertex -45.375 2.98891 69
      vertex -45.375 0.882758 70.5
      vertex -45.375 1.17931 71.5
    endloop
  endfacet
  facet normal -1 0 0
    outer loop
      vertex -45.375 0.848275 71
      vertex -45.375 0.882758 70.5
      vertex -45.375 0.848275 70.5
    endloop
  endfacet
  facet normal -1 0 0
    outer loop
      vertex -45.375 0.882758 70.5
      vertex -45.375 0.848275 71
      vertex -45.375 1.17931 71.5
    endloop
  endfacet
  facet normal -1 0 0
    outer loop
      vertex -45.375 0.813792 71.5
      vertex -45.375 0.848275 71
      vertex -45.375 0.813792 71
    endloop
  endfacet
  facet normal -1 0 0
    outer loop
      vertex -45.375 0.848275 71
      vertex -45.375 0.813792 71.5
      vertex -45.375 1.17931 71.5
    endloop
  endfacet
  facet normal -1 0 0
    outer loop
      vertex -45.375 1.15862 37.5
      vertex -45.375 1.1931 37
      vertex -45.375 1.15862 37
    endloop
  endfacet
  facet normal -1 0 0
    outer loop
      vertex -45.375 1.1931 37
      vertex -45.375 1.15862 37.5
      vertex -45.375 1.17931 42.5
    endloop
  endfacet
  facet normal -1 0 0
    outer loop
      vertex -45.375 1.12414 38
      vertex -45.375 1.15862 37.5
      vertex -45.375 1.12414 37.5
    endloop
  endfacet
  facet normal -1 0 0
    outer loop
      vertex -45.375 1.15862 37.5
      vertex -45.375 1.12414 38
      vertex -45.375 1.17931 42.5
    endloop
  endfacet
  facet normal -1 0 0
    outer loop
      vertex -45.375 1.08965 38.5
      vertex -45.375 1.12414 38
      vertex -45.375 1.08965 38
    endloop
  endfacet
  facet normal -1 0 0
    outer loop
      vertex -45.375 1.12414 38
      vertex -45.375 1.08965 38.5
      vertex -45.375 1.17931 42.5
    endloop
  endfacet
  facet normal -1 0 0
    outer loop
      vertex -45.375 1.05517 39
      vertex -45.375 1.08965 38.5
      vertex -45.375 1.05517 38.5
    endloop
  endfacet
  facet normal -1 0 0
    outer loop
      vertex -45.375 1.08965 38.5
      vertex -45.375 1.05517 39
      vertex -45.375 1.17931 42.5
    endloop
  endfacet
  facet normal -1 0 0
    outer loop
      vertex -45.375 1.02069 39.5
      vertex -45.375 1.05517 39
      vertex -45.375 1.02069 39
    endloop
  endfacet
  facet normal -1 0 0
    outer loop
      vertex -45.375 1.05517 39
      vertex -45.375 1.02069 39.5
      vertex -45.375 1.17931 42.5
    endloop
  endfacet
  facet normal -1 0 0
    outer loop
      vertex -45.375 0.986206 40
      vertex -45.375 1.02069 39.5
      vertex -45.375 0.986206 39.5
    endloop
  endfacet
  facet normal -1 0 0
    outer loop
      vertex -45.375 1.02069 39.5
      vertex -45.375 0.986206 40
      vertex -45.375 1.17931 42.5
    endloop
  endfacet
  facet normal -1 0 0
    outer loop
      vertex -45.375 0.951724 40.5
      vertex -45.375 0.986206 40
      vertex -45.375 0.951724 40
    endloop
  endfacet
  facet normal -1 0 0
    outer loop
      vertex -45.375 0.986206 40
      vertex -45.375 0.951724 40.5
      vertex -45.375 1.17931 42.5
    endloop
  endfacet
  facet normal -1 0 0
    outer loop
      vertex -45.375 0.917241 41
      vertex -45.375 0.951724 40.5
      vertex -45.375 0.917241 40.5
    endloop
  endfacet
  facet normal -1 0 0
    outer loop
      vertex -45.375 0.951724 40.5
      vertex -45.375 0.917241 41
      vertex -45.375 1.17931 42.5
    endloop
  endfacet
  facet normal -1 0 0
    outer loop
      vertex -45.375 0.882758 41.5
      vertex -45.375 0.917241 41
      vertex -45.375 0.882758 41
    endloop
  endfacet
  facet normal -1 0 0
    outer loop
      vertex -45.375 0.917241 41
      vertex -45.375 0.882758 41.5
      vertex -45.375 1.17931 42.5
    endloop
  endfacet
  facet normal -1 0 0
    outer loop
      vertex -45.375 0.848275 42
      vertex -45.375 0.882758 41.5
      vertex -45.375 0.848275 41.5
    endloop
  endfacet
  facet normal -1 0 0
    outer loop
      vertex -45.375 0.882758 41.5
      vertex -45.375 0.848275 42
      vertex -45.375 1.17931 42.5
    endloop
  endfacet
  facet normal -1 0 0
    outer loop
      vertex -45.375 0.813792 42.5
      vertex -45.375 0.848275 42
      vertex -45.375 0.813792 42
    endloop
  endfacet
  facet normal -1 0 0
    outer loop
      vertex -45.375 0.848275 42
      vertex -45.375 0.813792 42.5
      vertex -45.375 1.17931 42.5
    endloop
  endfacet
  facet normal -1 0 0
    outer loop
      vertex -45.375 3.68505 58
      vertex -45.375 1.17241 60
      vertex -45.375 3.68505 59
    endloop
  endfacet
  facet normal -1 0 0
    outer loop
      vertex -45.375 1.16552 49
      vertex -45.375 1.2 48.5
      vertex -45.375 1.16552 48.5
    endloop
  endfacet
  facet normal -1 0 0
    outer loop
      vertex -45.375 1.06207 50.5
      vertex -45.375 4.24196 50
      vertex -45.375 1.09655 50
    endloop
  endfacet
  facet normal -1 0 0
    outer loop
      vertex -45.375 1.13103 49.5
      vertex -45.375 1.16552 49
      vertex -45.375 1.13103 49
    endloop
  endfacet
  facet normal -1 0 0
    outer loop
      vertex -45.375 4.24196 50
      vertex -45.375 1.06207 50.5
      vertex -45.375 4.24196 51
    endloop
  endfacet
  facet normal -1 0 0
    outer loop
      vertex -45.375 1.09655 50
      vertex -45.375 1.13103 49.5
      vertex -45.375 1.09655 49.5
    endloop
  endfacet
  facet normal -1 0 0
    outer loop
      vertex -45.375 1.02759 51
      vertex -45.375 4.24196 51
      vertex -45.375 1.06207 50.5
    endloop
  endfacet
  facet normal -1 0 0
    outer loop
      vertex -45.375 1.06207 50.5
      vertex -45.375 1.09655 50
      vertex -45.375 1.06207 50
    endloop
  endfacet
  facet normal -1 0 0
    outer loop
      vertex -45.375 4.24196 51
      vertex -45.375 1.02759 51
      vertex -45.375 4.10274 52
    endloop
  endfacet
  facet normal -1 0 0
    outer loop
      vertex -45.375 1.02759 51
      vertex -45.375 1.06207 50.5
      vertex -45.375 1.02759 50.5
    endloop
  endfacet
  facet normal -1 0 0
    outer loop
      vertex -45.375 0.993103 51.5
      vertex -45.375 4.10274 52
      vertex -45.375 1.02759 51
    endloop
  endfacet
  facet normal -1 0 0
    outer loop
      vertex -45.375 0.993103 51.5
      vertex -45.375 1.02759 51
      vertex -45.375 0.993103 51
    endloop
  endfacet
  facet normal -1 0 0
    outer loop
      vertex -45.375 0.95862 52
      vertex -45.375 4.10274 52
      vertex -45.375 0.993103 51.5
    endloop
  endfacet
  facet normal -1 0 0
    outer loop
      vertex -45.375 0.95862 52
      vertex -45.375 0.993103 51.5
      vertex -45.375 0.95862 51.5
    endloop
  endfacet
  facet normal -1 0 0
    outer loop
      vertex -45.375 0.924137 52.5
      vertex -45.375 4.10274 52
      vertex -45.375 0.95862 52
    endloop
  endfacet
  facet normal -1 0 0
    outer loop
      vertex -45.375 0.924137 52.5
      vertex -45.375 0.95862 52
      vertex -45.375 0.924137 52
    endloop
  endfacet
  facet normal -1 0 0
    outer loop
      vertex -45.375 0.889655 53
      vertex -45.375 4.10274 52
      vertex -45.375 0.924137 52.5
    endloop
  endfacet
  facet normal -1 0 0
    outer loop
      vertex -45.375 0.889655 53
      vertex -45.375 0.924137 52.5
      vertex -45.375 0.889655 52.5
    endloop
  endfacet
  facet normal -1 0 0
    outer loop
      vertex -45.375 4.10274 52
      vertex -45.375 0.889655 53
      vertex -45.375 1.18621 54
    endloop
  endfacet
  facet normal -1 0 0
    outer loop
      vertex -45.375 0.855172 53.5
      vertex -45.375 0.889655 53
      vertex -45.375 0.855172 53
    endloop
  endfacet
  facet normal -1 0 0
    outer loop
      vertex -45.375 0.889655 53
      vertex -45.375 0.855172 53.5
      vertex -45.375 1.18621 54
    endloop
  endfacet
  facet normal -1 0 0
    outer loop
      vertex -45.375 0.820689 54
      vertex -45.375 0.855172 53.5
      vertex -45.375 0.820689 53.5
    endloop
  endfacet
  facet normal -1 0 0
    outer loop
      vertex -45.375 0.855172 53.5
      vertex -45.375 0.820689 54
      vertex -45.375 1.18621 54
    endloop
  endfacet
  facet normal -1 0 0
    outer loop
      vertex -45.375 4.9381 40
      vertex -45.375 1.17931 42.5
      vertex -45.375 4.9381 41
    endloop
  endfacet
  facet normal -1 -0 0
    outer loop
      vertex -45.375 5.9127 26
      vertex -45.375 1.18621 25.5
      vertex -45.375 5.77347 28
    endloop
  endfacet
  facet normal -1 0 0
    outer loop
      vertex -45.375 1.16552 20
      vertex -45.375 1.2 19.5
      vertex -45.375 1.16552 19.5
    endloop
  endfacet
  facet normal -1 0 0
    outer loop
      vertex -45.375 6.19116 22
      vertex -45.375 0.993103 22.5
      vertex -45.375 6.19116 23
    endloop
  endfacet
  facet normal -1 0 0
    outer loop
      vertex -45.375 1.13103 20.5
      vertex -45.375 1.16552 20
      vertex -45.375 1.13103 20
    endloop
  endfacet
  facet normal -1 0 0
    outer loop
      vertex -45.375 0.95862 23
      vertex -45.375 6.19116 23
      vertex -45.375 0.993103 22.5
    endloop
  endfacet
  facet normal -1 0 0
    outer loop
      vertex -45.375 1.09655 21
      vertex -45.375 1.13103 20.5
      vertex -45.375 1.09655 20.5
    endloop
  endfacet
  facet normal -1 0 0
    outer loop
      vertex -45.375 6.19116 23
      vertex -45.375 0.95862 23
      vertex -45.375 6.05193 24
    endloop
  endfacet
  facet normal -1 0 0
    outer loop
      vertex -45.375 1.06207 21.5
      vertex -45.375 1.09655 21
      vertex -45.375 1.06207 21
    endloop
  endfacet
  facet normal -1 0 0
    outer loop
      vertex -45.375 0.924137 23.5
      vertex -45.375 6.05193 24
      vertex -45.375 0.95862 23
    endloop
  endfacet
  facet normal -1 0 0
    outer loop
      vertex -45.375 1.02759 22
      vertex -45.375 1.06207 21.5
      vertex -45.375 1.02759 21.5
    endloop
  endfacet
  facet normal -1 0 -0
    outer loop
      vertex -45.375 1.18621 25
      vertex -45.375 6.05193 24
      vertex -45.375 0.924137 23.5
    endloop
  endfacet
  facet normal -1 0 0
    outer loop
      vertex -45.375 0.993103 22.5
      vertex -45.375 1.02759 22
      vertex -45.375 0.993103 22
    endloop
  endfacet
  facet normal -1 0 0
    outer loop
      vertex -45.375 6.05193 24
      vertex -45.375 1.18621 25
      vertex -45.375 6.05193 25
    endloop
  endfacet
  facet normal -1 0 0
    outer loop
      vertex -45.375 0.95862 23
      vertex -45.375 0.993103 22.5
      vertex -45.375 0.95862 22.5
    endloop
  endfacet
  facet normal -1 0 0
    outer loop
      vertex -45.375 1.18621 25.5
      vertex -45.375 5.9127 26
      vertex -45.375 1.18621 25
    endloop
  endfacet
  facet normal -1 0 0
    outer loop
      vertex -45.375 0.924137 23.5
      vertex -45.375 0.95862 23
      vertex -45.375 0.924137 23
    endloop
  endfacet
  facet normal -1 0 0
    outer loop
      vertex -45.375 6.05193 25
      vertex -45.375 1.18621 25
      vertex -45.375 5.9127 26
    endloop
  endfacet
  facet normal -1 0 0
    outer loop
      vertex -45.375 0.889655 24
      vertex -45.375 0.924137 23.5
      vertex -45.375 0.889655 23.5
    endloop
  endfacet
  facet normal -1 0 0
    outer loop
      vertex -45.375 0.924137 23.5
      vertex -45.375 0.889655 24
      vertex -45.375 1.18621 25
    endloop
  endfacet
  facet normal -1 0 0
    outer loop
      vertex -45.375 0.855172 24.5
      vertex -45.375 0.889655 24
      vertex -45.375 0.855172 24
    endloop
  endfacet
  facet normal -1 0 0
    outer loop
      vertex -45.375 0.889655 24
      vertex -45.375 0.855172 24.5
      vertex -45.375 1.18621 25
    endloop
  endfacet
  facet normal -1 0 0
    outer loop
      vertex -45.375 0.820689 25
      vertex -45.375 0.855172 24.5
      vertex -45.375 0.820689 24.5
    endloop
  endfacet
  facet normal -1 0 0
    outer loop
      vertex -45.375 0.855172 24.5
      vertex -45.375 0.820689 25
      vertex -45.375 1.18621 25
    endloop
  endfacet
  facet normal -1 0 0
    outer loop
      vertex -45.375 9.4 18.5
      vertex -45.375 6.33039 20
      vertex -45.375 9.4 20
    endloop
  endfacet
  facet normal -1 0 0
    outer loop
      vertex -45.375 1.16552 20
      vertex -45.375 6.33039 20
      vertex -45.375 1.2 19.5
    endloop
  endfacet
  facet normal -1 0 0
    outer loop
      vertex -45.375 6.33039 20
      vertex -45.375 1.13103 20.5
      vertex -45.375 6.33039 21
    endloop
  endfacet
  facet normal -1 0 0
    outer loop
      vertex -45.375 1.13103 20.5
      vertex -45.375 6.33039 20
      vertex -45.375 1.16552 20
    endloop
  endfacet
  facet normal -1 0 0
    outer loop
      vertex -45.375 6.33039 21
      vertex -45.375 1.09655 21
      vertex -45.375 6.19116 22
    endloop
  endfacet
  facet normal -1 0 0
    outer loop
      vertex -45.375 1.09655 21
      vertex -45.375 6.33039 21
      vertex -45.375 1.13103 20.5
    endloop
  endfacet
  facet normal -1 0 0
    outer loop
      vertex -45.375 5.9127 26
      vertex -45.375 5.77347 28
      vertex -45.375 5.9127 27
    endloop
  endfacet
  facet normal -1 0 0
    outer loop
      vertex -45.375 1.06207 21.5
      vertex -45.375 6.19116 22
      vertex -45.375 1.09655 21
    endloop
  endfacet
  facet normal -1 0 0
    outer loop
      vertex -45.375 5.77347 28
      vertex -45.375 5.63424 30
      vertex -45.375 5.77347 29
    endloop
  endfacet
  facet normal -1 0 0
    outer loop
      vertex -45.375 1.1931 36.5
      vertex -45.375 5.63424 31
      vertex -45.375 5.63424 30
    endloop
  endfacet
  facet normal -1 0 0
    outer loop
      vertex -45.375 0.993103 22.5
      vertex -45.375 6.19116 22
      vertex -45.375 1.02759 22
    endloop
  endfacet
  facet normal -1 0 0
    outer loop
      vertex -45.375 1.1931 36.5
      vertex -45.375 5.49502 33
      vertex -45.375 5.49502 32
    endloop
  endfacet
  facet normal -1 0 0
    outer loop
      vertex -45.375 5.77347 28
      vertex -45.375 1.1931 36.5
      vertex -45.375 5.63424 30
    endloop
  endfacet
  facet normal -1 0 0
    outer loop
      vertex -45.375 1.1931 36.5
      vertex -45.375 5.35579 35
      vertex -45.375 5.35579 34
    endloop
  endfacet
  facet normal -1 0 0
    outer loop
      vertex -45.375 5.63424 31
      vertex -45.375 1.1931 36.5
      vertex -45.375 5.49502 32
    endloop
  endfacet
  facet normal -1 0 0
    outer loop
      vertex -45.375 1.1931 36.5
      vertex -45.375 5.21656 37
      vertex -45.375 5.21656 36
    endloop
  endfacet
  facet normal -1 0 0
    outer loop
      vertex -45.375 5.49502 33
      vertex -45.375 1.1931 36.5
      vertex -45.375 5.35579 34
    endloop
  endfacet
  facet normal -1 0 0
    outer loop
      vertex -45.375 5.21656 37
      vertex -45.375 1.1931 37
      vertex -45.375 5.07733 38
    endloop
  endfacet
  facet normal -1 -0 0
    outer loop
      vertex -45.375 5.07733 39
      vertex -45.375 1.1931 37
      vertex -45.375 4.9381 40
    endloop
  endfacet
  facet normal -1 -0 0
    outer loop
      vertex -45.375 5.07733 38
      vertex -45.375 1.1931 37
      vertex -45.375 5.07733 39
    endloop
  endfacet
  facet normal -1 0 0
    outer loop
      vertex -45.375 1.2 48
      vertex -45.375 4.79888 43
      vertex -45.375 4.79888 42
    endloop
  endfacet
  facet normal -1 0 0
    outer loop
      vertex -45.375 1.17931 42.5
      vertex -45.375 4.9381 40
      vertex -45.375 1.1931 37
    endloop
  endfacet
  facet normal -1 0 0
    outer loop
      vertex -45.375 1.2 48
      vertex -45.375 4.65965 45
      vertex -45.375 4.65965 44
    endloop
  endfacet
  facet normal -1 0 0
    outer loop
      vertex -45.375 4.79888 43
      vertex -45.375 1.2 48
      vertex -45.375 4.65965 44
    endloop
  endfacet
  facet normal -1 0 0
    outer loop
      vertex -45.375 1.2 48
      vertex -45.375 4.52042 47
      vertex -45.375 4.52042 46
    endloop
  endfacet
  facet normal -1 0 0
    outer loop
      vertex -45.375 4.65965 45
      vertex -45.375 1.2 48
      vertex -45.375 4.52042 46
    endloop
  endfacet
  facet normal -1 0 0
    outer loop
      vertex -45.375 5.35579 35
      vertex -45.375 1.1931 36.5
      vertex -45.375 5.21656 36
    endloop
  endfacet
  facet normal -1 0 0
    outer loop
      vertex -45.375 1.2 48.5
      vertex -45.375 4.38119 49
      vertex -45.375 4.38119 48
    endloop
  endfacet
  facet normal -1 0 0
    outer loop
      vertex -45.375 4.38119 49
      vertex -45.375 1.16552 49
      vertex -45.375 4.24196 50
    endloop
  endfacet
  facet normal -1 0 0
    outer loop
      vertex -45.375 1.16552 49
      vertex -45.375 4.38119 49
      vertex -45.375 1.2 48.5
    endloop
  endfacet
  facet normal -1 0 0
    outer loop
      vertex -45.375 1.09655 50
      vertex -45.375 4.24196 50
      vertex -45.375 1.13103 49.5
    endloop
  endfacet
  facet normal -1 0 0
    outer loop
      vertex -45.375 1.13103 49.5
      vertex -45.375 4.24196 50
      vertex -45.375 1.16552 49
    endloop
  endfacet
  facet normal -1 0 0
    outer loop
      vertex -45.375 1.18621 54.5
      vertex -45.375 3.96351 54
      vertex -45.375 1.18621 54
    endloop
  endfacet
  facet normal -1 0 0
    outer loop
      vertex -45.375 4.10274 52
      vertex -45.375 1.18621 54
      vertex -45.375 4.10274 53
    endloop
  endfacet
  facet normal -1 0 0
    outer loop
      vertex -45.375 4.52042 47
      vertex -45.375 1.2 48
      vertex -45.375 4.38119 48
    endloop
  endfacet
  facet normal -1 0 0
    outer loop
      vertex -45.375 1.15172 55
      vertex -45.375 3.96351 55
      vertex -45.375 1.18621 54.5
    endloop
  endfacet
  facet normal -1 0 0
    outer loop
      vertex -45.375 1.11724 55.5
      vertex -45.375 3.82428 56
      vertex -45.375 1.15172 55
    endloop
  endfacet
  facet normal -1 0 0
    outer loop
      vertex -45.375 3.96351 54
      vertex -45.375 1.18621 54.5
      vertex -45.375 3.96351 55
    endloop
  endfacet
  facet normal -1 0 0
    outer loop
      vertex -45.375 1.1931 65.5
      vertex -45.375 3.54582 61
      vertex -45.375 3.54582 60
    endloop
  endfacet
  facet normal -1 0 0
    outer loop
      vertex -45.375 1.15172 55
      vertex -45.375 1.18621 54.5
      vertex -45.375 1.15172 54.5
    endloop
  endfacet
  facet normal -1 0 0
    outer loop
      vertex -45.375 1.1931 65.5
      vertex -45.375 3.4066 63
      vertex -45.375 3.4066 62
    endloop
  endfacet
  facet normal -1 0 0
    outer loop
      vertex -45.375 3.54582 61
      vertex -45.375 1.1931 65.5
      vertex -45.375 3.4066 62
    endloop
  endfacet
  facet normal -1 0 0
    outer loop
      vertex -45.375 1.1931 65.5
      vertex -45.375 3.26737 65
      vertex -45.375 3.26737 64
    endloop
  endfacet
  facet normal -1 0 0
    outer loop
      vertex -45.375 3.4066 63
      vertex -45.375 1.1931 65.5
      vertex -45.375 3.26737 64
    endloop
  endfacet
  facet normal -1 0 0
    outer loop
      vertex -45.375 1.15862 66.5
      vertex -45.375 3.12814 66
      vertex -45.375 1.1931 66
    endloop
  endfacet
  facet normal -1 0 0
    outer loop
      vertex -45.375 1.15862 66.5
      vertex -45.375 1.1931 66
      vertex -45.375 1.15862 66
    endloop
  endfacet
  facet normal -1 0 0
    outer loop
      vertex -45.375 3.12814 66
      vertex -45.375 1.15862 66.5
      vertex -45.375 3.12814 67
    endloop
  endfacet
  facet normal -1 0 0
    outer loop
      vertex -45.375 1.17931 71.5
      vertex -45.375 2.84968 71
      vertex -45.375 2.84968 70
    endloop
  endfacet
  facet normal -1 0 0
    outer loop
      vertex -45.375 1.12414 67
      vertex -45.375 3.12814 67
      vertex -45.375 1.15862 66.5
    endloop
  endfacet
  facet normal -1 0 0
    outer loop
      vertex -45.375 1.14483 72.5
      vertex -45.375 2.71046 73
      vertex -45.375 2.71046 72
    endloop
  endfacet
  facet normal -1 0 0
    outer loop
      vertex -45.375 2.84968 71
      vertex -45.375 1.17931 71.5
      vertex -45.375 2.71046 72
    endloop
  endfacet
  facet normal -1 0 0
    outer loop
      vertex -45.375 1.0069 74.5
      vertex -45.375 2.57123 75
      vertex -45.375 2.57123 74
    endloop
  endfacet
  facet normal -1 0 0
    outer loop
      vertex -45.375 1.17931 72
      vertex -45.375 2.71046 72
      vertex -45.375 1.17931 71.5
    endloop
  endfacet
  facet normal -1 0 0
    outer loop
      vertex -45.375 3.26737 65
      vertex -45.375 1.1931 65.5
      vertex -45.375 3.12814 66
    endloop
  endfacet
  facet normal -1 0 0
    outer loop
      vertex -45.375 1.2 48.5
      vertex -45.375 4.38119 48
      vertex -45.375 1.2 48
    endloop
  endfacet
  facet normal -1 0 0
    outer loop
      vertex -45.375 1.1931 37
      vertex -45.375 5.21656 37
      vertex -45.375 1.1931 36.5
    endloop
  endfacet
  facet normal -1 0 0
    outer loop
      vertex -45.375 1.02759 22
      vertex -45.375 6.19116 22
      vertex -45.375 1.06207 21.5
    endloop
  endfacet
  facet normal -1 0 0
    outer loop
      vertex -45.375 1.2 19.5
      vertex -45.375 6.33039 20
      vertex -45.375 1.2 19
    endloop
  endfacet
  facet normal -1 0 0
    outer loop
      vertex -45.375 9.4 18.5
      vertex -45.375 1.2 19
      vertex -45.375 6.33039 20
    endloop
  endfacet
  facet normal -1 0 0
    outer loop
      vertex -45.375 9.4 18.5
      vertex -45.375 -1.2 19
      vertex -45.375 1.2 19
    endloop
  endfacet
  facet normal -1 0 0
    outer loop
      vertex -45.375 -6.33039 20
      vertex -45.375 -1.2 19.5
      vertex -45.375 -1.2 19
    endloop
  endfacet
  facet normal -1 0 0
    outer loop
      vertex -45.375 -1.1931 36.5
      vertex -45.375 -5.21656 37
      vertex -45.375 -1.1931 37
    endloop
  endfacet
  facet normal -1 0 0
    outer loop
      vertex -45.375 -1.15862 37.5
      vertex -45.375 -5.07733 38
      vertex -45.375 -5.07733 39
    endloop
  endfacet
  facet normal -1 -0 0
    outer loop
      vertex -45.375 -0.93793 75.5
      vertex -45.375 -2.57123 75
      vertex -45.375 -2.432 76
    endloop
  endfacet
  facet normal -1 0 0
    outer loop
      vertex -45.375 -2.71046 73
      vertex -45.375 -1.17931 71.5
      vertex -45.375 -2.71046 72
    endloop
  endfacet
  facet normal -1 0 0
    outer loop
      vertex -45.375 -2.84968 71
      vertex -45.375 -1.17931 71.5
      vertex -45.375 -2.84968 70
    endloop
  endfacet
  facet normal -1 0 0
    outer loop
      vertex -45.375 -1.15862 66.5
      vertex -45.375 -2.98891 68
      vertex -45.375 -2.98891 69
    endloop
  endfacet
  facet normal -1 -0 0
    outer loop
      vertex -45.375 -1.15862 66.5
      vertex -45.375 -3.12814 66
      vertex -45.375 -3.12814 67
    endloop
  endfacet
  facet normal -1 0 -0
    outer loop
      vertex -45.375 -3.12814 66
      vertex -45.375 -1.1931 65.5
      vertex -45.375 -3.26737 65
    endloop
  endfacet
  facet normal -1 0 -0
    outer loop
      vertex -45.375 -3.26737 64
      vertex -45.375 -1.1931 65.5
      vertex -45.375 -3.4066 63
    endloop
  endfacet
  facet normal -1 0 0
    outer loop
      vertex -45.375 -3.4066 63
      vertex -45.375 -1.1931 65.5
      vertex -45.375 -3.4066 62
    endloop
  endfacet
  facet normal -1 0 0
    outer loop
      vertex -45.375 -3.54582 61
      vertex -45.375 -1.1931 65.5
      vertex -45.375 -3.54582 60
    endloop
  endfacet
  facet normal -1 0 0
    outer loop
      vertex -45.375 -1.16552 49
      vertex -45.375 -3.82428 56
      vertex -45.375 -3.68505 58
    endloop
  endfacet
  facet normal -1 0 0
    outer loop
      vertex -45.375 -1.16552 49
      vertex -45.375 -3.96351 54
      vertex -45.375 -3.82428 56
    endloop
  endfacet
  facet normal -1 0 0
    outer loop
      vertex -45.375 -1.16552 49
      vertex -45.375 -4.10274 52
      vertex -45.375 -4.10274 53
    endloop
  endfacet
  facet normal -1 0 0
    outer loop
      vertex -45.375 -1.16552 49
      vertex -45.375 -4.24196 50
      vertex -45.375 -4.24196 51
    endloop
  endfacet
  facet normal -1 0 0
    outer loop
      vertex -45.375 -4.38119 49
      vertex -45.375 -1.2 48.5
      vertex -45.375 -4.38119 48
    endloop
  endfacet
  facet normal -1 0 -0
    outer loop
      vertex -45.375 -4.38119 48
      vertex -45.375 -1.2 48
      vertex -45.375 -4.52042 47
    endloop
  endfacet
  facet normal -1 0 0
    outer loop
      vertex -45.375 -0.93793 46.5
      vertex -45.375 -4.52042 47
      vertex -45.375 -0.903448 47
    endloop
  endfacet
  facet normal -1 -0 0
    outer loop
      vertex -45.375 -1.07586 44.5
      vertex -45.375 -4.65965 44
      vertex -45.375 -4.65965 45
    endloop
  endfacet
  facet normal -1 0 -0
    outer loop
      vertex -45.375 -4.65965 44
      vertex -45.375 -1.17931 43
      vertex -45.375 -4.79888 43
    endloop
  endfacet
  facet normal -1 0 0
    outer loop
      vertex -45.375 -1.17931 42.5
      vertex -45.375 -4.79888 43
      vertex -45.375 -1.17931 43
    endloop
  endfacet
  facet normal -1 0 -0
    outer loop
      vertex -45.375 -4.79888 42
      vertex -45.375 -1.17931 42.5
      vertex -45.375 -4.9381 41
    endloop
  endfacet
  facet normal -1 0 -0
    outer loop
      vertex -45.375 -5.21656 36
      vertex -45.375 -1.1931 36.5
      vertex -45.375 -5.35579 35
    endloop
  endfacet
  facet normal -1 0 -0
    outer loop
      vertex -45.375 -5.35579 34
      vertex -45.375 -1.1931 36.5
      vertex -45.375 -5.49502 33
    endloop
  endfacet
  facet normal -1 0 0
    outer loop
      vertex -45.375 -5.49502 33
      vertex -45.375 -1.1931 36.5
      vertex -45.375 -5.49502 32
    endloop
  endfacet
  facet normal -1 0 0
    outer loop
      vertex -45.375 -1.18621 25.5
      vertex -45.375 -5.63424 30
      vertex -45.375 -5.63424 31
    endloop
  endfacet
  facet normal -1 0 0
    outer loop
      vertex -45.375 -1.16552 20
      vertex -45.375 -5.9127 26
      vertex -45.375 -5.77347 28
    endloop
  endfacet
  facet normal -1 0 0
    outer loop
      vertex -45.375 -1.16552 20
      vertex -45.375 -6.05193 24
      vertex -45.375 -6.05193 25
    endloop
  endfacet
  facet normal -1 0 0
    outer loop
      vertex -45.375 -1.16552 20
      vertex -45.375 -6.19116 22
      vertex -45.375 -6.19116 23
    endloop
  endfacet
  facet normal -1 0 0
    outer loop
      vertex -45.375 -1.16552 20
      vertex -45.375 -6.33039 20
      vertex -45.375 -6.33039 21
    endloop
  endfacet
  facet normal -1 0 0
    outer loop
      vertex -45.375 -9.4 18.5
      vertex -45.375 -1.2 19
      vertex -45.375 9.4 18.5
    endloop
  endfacet
  facet normal -1 0 0
    outer loop
      vertex -45.375 -9.4 18.5
      vertex -45.375 -6.33039 20
      vertex -45.375 -1.2 19
    endloop
  endfacet
  facet normal -1 -0 0
    outer loop
      vertex -45.375 -6.33039 20
      vertex -45.375 -9.4 18.5
      vertex -45.375 -9.4 20
    endloop
  endfacet
  facet normal -1 0 0
    outer loop
      vertex -45.375 6.33039 21
      vertex -45.375 9.19551 22
      vertex -45.375 9.19551 21
    endloop
  endfacet
  facet normal -1 -0 0
    outer loop
      vertex -45.375 9.19551 22
      vertex -45.375 6.33039 21
      vertex -45.375 6.19116 22
    endloop
  endfacet
  facet normal -1 0 0
    outer loop
      vertex -45.375 6.19116 23
      vertex -45.375 8.99102 24
      vertex -45.375 8.99102 23
    endloop
  endfacet
  facet normal -1 -0 0
    outer loop
      vertex -45.375 8.99102 24
      vertex -45.375 6.19116 23
      vertex -45.375 6.05193 24
    endloop
  endfacet
  facet normal -1 0 0
    outer loop
      vertex -45.375 6.05193 25
      vertex -45.375 8.78653 26
      vertex -45.375 8.78653 25
    endloop
  endfacet
  facet normal -1 -0 0
    outer loop
      vertex -45.375 8.78653 26
      vertex -45.375 6.05193 25
      vertex -45.375 5.9127 26
    endloop
  endfacet
  facet normal -1 0 0
    outer loop
      vertex -45.375 5.9127 27
      vertex -45.375 8.58204 28
      vertex -45.375 8.58204 27
    endloop
  endfacet
  facet normal -1 -0 0
    outer loop
      vertex -45.375 8.58204 28
      vertex -45.375 5.9127 27
      vertex -45.375 5.77347 28
    endloop
  endfacet
  facet normal -1 0 0
    outer loop
      vertex -45.375 5.77347 29
      vertex -45.375 8.37754 30
      vertex -45.375 8.37754 29
    endloop
  endfacet
  facet normal -1 -0 0
    outer loop
      vertex -45.375 8.37754 30
      vertex -45.375 5.77347 29
      vertex -45.375 5.63424 30
    endloop
  endfacet
  facet normal -1 0 0
    outer loop
      vertex -45.375 5.63424 31
      vertex -45.375 8.17305 32
      vertex -45.375 8.17305 31
    endloop
  endfacet
  facet normal -1 -0 0
    outer loop
      vertex -45.375 8.17305 32
      vertex -45.375 5.63424 31
      vertex -45.375 5.49502 32
    endloop
  endfacet
  facet normal -1 0 0
    outer loop
      vertex -45.375 5.49502 33
      vertex -45.375 7.96856 34
      vertex -45.375 7.96856 33
    endloop
  endfacet
  facet normal -1 -0 0
    outer loop
      vertex -45.375 7.96856 34
      vertex -45.375 5.49502 33
      vertex -45.375 5.35579 34
    endloop
  endfacet
  facet normal -1 0 0
    outer loop
      vertex -45.375 5.35579 35
      vertex -45.375 7.76407 36
      vertex -45.375 7.76407 35
    endloop
  endfacet
  facet normal -1 -0 0
    outer loop
      vertex -45.375 7.76407 36
      vertex -45.375 5.35579 35
      vertex -45.375 5.21656 36
    endloop
  endfacet
  facet normal -1 0 0
    outer loop
      vertex -45.375 5.21656 37
      vertex -45.375 7.55958 38
      vertex -45.375 7.55958 37
    endloop
  endfacet
  facet normal -1 -0 0
    outer loop
      vertex -45.375 7.55958 38
      vertex -45.375 5.21656 37
      vertex -45.375 5.07733 38
    endloop
  endfacet
  facet normal -1 0 0
    outer loop
      vertex -45.375 5.07733 39
      vertex -45.375 7.35509 40
      vertex -45.375 7.35509 39
    endloop
  endfacet
  facet normal -1 -0 0
    outer loop
      vertex -45.375 7.35509 40
      vertex -45.375 5.07733 39
      vertex -45.375 4.9381 40
    endloop
  endfacet
  facet normal -1 0 0
    outer loop
      vertex -45.375 4.9381 41
      vertex -45.375 7.1506 42
      vertex -45.375 7.1506 41
    endloop
  endfacet
  facet normal -1 -0 0
    outer loop
      vertex -45.375 7.1506 42
      vertex -45.375 4.9381 41
      vertex -45.375 4.79888 42
    endloop
  endfacet
  facet normal -1 0 0
    outer loop
      vertex -45.375 4.79888 43
      vertex -45.375 6.94611 44
      vertex -45.375 6.94611 43
    endloop
  endfacet
  facet normal -1 -0 0
    outer loop
      vertex -45.375 6.94611 44
      vertex -45.375 4.79888 43
      vertex -45.375 4.65965 44
    endloop
  endfacet
  facet normal -1 0 0
    outer loop
      vertex -45.375 4.65965 45
      vertex -45.375 6.74161 46
      vertex -45.375 6.74161 45
    endloop
  endfacet
  facet normal -1 -0 0
    outer loop
      vertex -45.375 6.74161 46
      vertex -45.375 4.65965 45
      vertex -45.375 4.52042 46
    endloop
  endfacet
  facet normal -1 0 0
    outer loop
      vertex -45.375 4.52042 47
      vertex -45.375 6.53712 48
      vertex -45.375 6.53712 47
    endloop
  endfacet
  facet normal -1 -0 0
    outer loop
      vertex -45.375 6.53712 48
      vertex -45.375 4.52042 47
      vertex -45.375 4.38119 48
    endloop
  endfacet
  facet normal -1 0 0
    outer loop
      vertex -45.375 4.38119 49
      vertex -45.375 6.33263 50
      vertex -45.375 6.33263 49
    endloop
  endfacet
  facet normal -1 -0 0
    outer loop
      vertex -45.375 6.33263 50
      vertex -45.375 4.38119 49
      vertex -45.375 4.24196 50
    endloop
  endfacet
  facet normal -1 0 0
    outer loop
      vertex -45.375 4.24196 51
      vertex -45.375 6.12814 52
      vertex -45.375 6.12814 51
    endloop
  endfacet
  facet normal -1 -0 0
    outer loop
      vertex -45.375 6.12814 52
      vertex -45.375 4.24196 51
      vertex -45.375 4.10274 52
    endloop
  endfacet
  facet normal -1 0 0
    outer loop
      vertex -45.375 4.10274 53
      vertex -45.375 5.92365 54
      vertex -45.375 5.92365 53
    endloop
  endfacet
  facet normal -1 -0 0
    outer loop
      vertex -45.375 5.92365 54
      vertex -45.375 4.10274 53
      vertex -45.375 3.96351 54
    endloop
  endfacet
  facet normal -1 0 0
    outer loop
      vertex -45.375 3.96351 55
      vertex -45.375 5.71916 56
      vertex -45.375 5.71916 55
    endloop
  endfacet
  facet normal -1 -0 0
    outer loop
      vertex -45.375 5.71916 56
      vertex -45.375 3.96351 55
      vertex -45.375 3.82428 56
    endloop
  endfacet
  facet normal -1 0 0
    outer loop
      vertex -45.375 3.82428 57
      vertex -45.375 5.51467 58
      vertex -45.375 5.51467 57
    endloop
  endfacet
  facet normal -1 -0 0
    outer loop
      vertex -45.375 5.51467 58
      vertex -45.375 3.82428 57
      vertex -45.375 3.68505 58
    endloop
  endfacet
  facet normal -1 0 0
    outer loop
      vertex -45.375 3.68505 59
      vertex -45.375 5.31017 60
      vertex -45.375 5.31017 59
    endloop
  endfacet
  facet normal -1 -0 0
    outer loop
      vertex -45.375 5.31017 60
      vertex -45.375 3.68505 59
      vertex -45.375 3.54582 60
    endloop
  endfacet
  facet normal -1 0 0
    outer loop
      vertex -45.375 3.54582 61
      vertex -45.375 5.10568 62
      vertex -45.375 5.10568 61
    endloop
  endfacet
  facet normal -1 -0 0
    outer loop
      vertex -45.375 5.10568 62
      vertex -45.375 3.54582 61
      vertex -45.375 3.4066 62
    endloop
  endfacet
  facet normal -1 0 0
    outer loop
      vertex -45.375 3.4066 63
      vertex -45.375 4.90119 64
      vertex -45.375 4.90119 63
    endloop
  endfacet
  facet normal -1 -0 0
    outer loop
      vertex -45.375 4.90119 64
      vertex -45.375 3.4066 63
      vertex -45.375 3.26737 64
    endloop
  endfacet
  facet normal -1 0 0
    outer loop
      vertex -45.375 3.26737 65
      vertex -45.375 4.6967 66
      vertex -45.375 4.6967 65
    endloop
  endfacet
  facet normal -1 -0 0
    outer loop
      vertex -45.375 4.6967 66
      vertex -45.375 3.26737 65
      vertex -45.375 3.12814 66
    endloop
  endfacet
  facet normal -1 0 0
    outer loop
      vertex -45.375 3.12814 67
      vertex -45.375 4.49221 68
      vertex -45.375 4.49221 67
    endloop
  endfacet
  facet normal -1 -0 0
    outer loop
      vertex -45.375 4.49221 68
      vertex -45.375 3.12814 67
      vertex -45.375 2.98891 68
    endloop
  endfacet
  facet normal -1 0 0
    outer loop
      vertex -45.375 2.98891 69
      vertex -45.375 4.28772 70
      vertex -45.375 4.28772 69
    endloop
  endfacet
  facet normal -1 -0 0
    outer loop
      vertex -45.375 4.28772 70
      vertex -45.375 2.98891 69
      vertex -45.375 2.84968 70
    endloop
  endfacet
  facet normal -1 0 0
    outer loop
      vertex -45.375 2.84968 71
      vertex -45.375 4.08323 72
      vertex -45.375 4.08323 71
    endloop
  endfacet
  facet normal -1 -0 0
    outer loop
      vertex -45.375 4.08323 72
      vertex -45.375 2.84968 71
      vertex -45.375 2.71046 72
    endloop
  endfacet
  facet normal -1 0 0
    outer loop
      vertex -45.375 2.71046 73
      vertex -45.375 3.87874 74
      vertex -45.375 3.87874 73
    endloop
  endfacet
  facet normal -1 -0 0
    outer loop
      vertex -45.375 3.87874 74
      vertex -45.375 2.71046 73
      vertex -45.375 2.57123 74
    endloop
  endfacet
  facet normal -1 0 0
    outer loop
      vertex -45.375 2.57123 75
      vertex -45.375 3.67424 76
      vertex -45.375 3.67424 75
    endloop
  endfacet
  facet normal -1 -0 0
    outer loop
      vertex -45.375 3.67424 76
      vertex -45.375 2.57123 75
      vertex -45.375 2.432 76
    endloop
  endfacet
  facet normal -1 0 0
    outer loop
      vertex -45.375 4.10274 53
      vertex -45.375 1.18621 54
      vertex -45.375 3.96351 54
    endloop
  endfacet
  facet normal -1 0 0
    outer loop
      vertex -45.375 3.96351 55
      vertex -45.375 1.15172 55
      vertex -45.375 3.82428 56
    endloop
  endfacet
  facet normal -1 -0 0
    outer loop
      vertex -45.375 3.12814 66
      vertex -45.375 1.1931 65.5
      vertex -45.375 1.1931 66
    endloop
  endfacet
  facet normal -1 0 0
    outer loop
      vertex -45.375 2.98891 69
      vertex -45.375 1.17931 71.5
      vertex -45.375 2.84968 70
    endloop
  endfacet
  facet normal -1 0 0
    outer loop
      vertex -45.375 1.14483 72.5
      vertex -45.375 2.71046 72
      vertex -45.375 1.17931 72
    endloop
  endfacet
  facet normal -1 -0 0
    outer loop
      vertex -45.375 2.71046 73
      vertex -45.375 1.14483 72.5
      vertex -45.375 1.11034 73
    endloop
  endfacet
  facet normal -1 0 0
    outer loop
      vertex -45.375 1.07586 73.5
      vertex -45.375 2.71046 73
      vertex -45.375 1.11034 73
    endloop
  endfacet
  facet normal -1 0 0
    outer loop
      vertex -45.375 1.14483 72.5
      vertex -45.375 1.17931 72
      vertex -45.375 1.14483 72
    endloop
  endfacet
  facet normal -1 0 0
    outer loop
      vertex -45.375 2.71046 73
      vertex -45.375 1.07586 73.5
      vertex -45.375 2.57123 74
    endloop
  endfacet
  facet normal -1 0 0
    outer loop
      vertex -45.375 1.11034 73
      vertex -45.375 1.14483 72.5
      vertex -45.375 1.11034 72.5
    endloop
  endfacet
  facet normal -1 0 0
    outer loop
      vertex -45.375 1.04138 74
      vertex -45.375 2.57123 74
      vertex -45.375 1.07586 73.5
    endloop
  endfacet
  facet normal -1 0 0
    outer loop
      vertex -45.375 1.07586 73.5
      vertex -45.375 1.11034 73
      vertex -45.375 1.07586 73
    endloop
  endfacet
  facet normal -1 0 0
    outer loop
      vertex -45.375 1.0069 74.5
      vertex -45.375 2.57123 74
      vertex -45.375 1.04138 74
    endloop
  endfacet
  facet normal -1 0 0
    outer loop
      vertex -45.375 1.04138 74
      vertex -45.375 1.07586 73.5
      vertex -45.375 1.04138 73.5
    endloop
  endfacet
  facet normal -1 -0 0
    outer loop
      vertex -45.375 2.57123 75
      vertex -45.375 1.0069 74.5
      vertex -45.375 0.972413 75
    endloop
  endfacet
  facet normal -1 0 0
    outer loop
      vertex -45.375 1.0069 74.5
      vertex -45.375 1.04138 74
      vertex -45.375 1.0069 74
    endloop
  endfacet
  facet normal -1 0 0
    outer loop
      vertex -45.375 0.93793 75.5
      vertex -45.375 2.57123 75
      vertex -45.375 0.972413 75
    endloop
  endfacet
  facet normal -1 0 0
    outer loop
      vertex -45.375 0.972413 75
      vertex -45.375 1.0069 74.5
      vertex -45.375 0.972413 74.5
    endloop
  endfacet
  facet normal -1 0 0
    outer loop
      vertex -45.375 2.57123 75
      vertex -45.375 0.93793 75.5
      vertex -45.375 2.432 76
    endloop
  endfacet
  facet normal -1 0 0
    outer loop
      vertex -45.375 0.93793 75.5
      vertex -45.375 0.972413 75
      vertex -45.375 0.93793 75
    endloop
  endfacet
  facet normal -1 0 0
    outer loop
      vertex -45.375 0.903448 76
      vertex -45.375 2.432 76
      vertex -45.375 0.93793 75.5
    endloop
  endfacet
  facet normal -1 0 0
    outer loop
      vertex -45.375 0.903448 76
      vertex -45.375 0.93793 75.5
      vertex -45.375 0.903448 75.5
    endloop
  endfacet
  facet normal -1 0 0
    outer loop
      vertex -45.375 0.868965 76.5
      vertex -45.375 2.432 76
      vertex -45.375 0.903448 76
    endloop
  endfacet
  facet normal -1 0 0
    outer loop
      vertex -45.375 0.868965 76.5
      vertex -45.375 0.903448 76
      vertex -45.375 0.868965 76
    endloop
  endfacet
  facet normal -1 0 0
    outer loop
      vertex -45.375 2.432 76
      vertex -45.375 0.868965 76.5
      vertex -45.375 2.432 77
    endloop
  endfacet
  facet normal -1 0 0
    outer loop
      vertex -45.375 0.834482 77
      vertex -45.375 0.868965 76.5
      vertex -45.375 0.834482 76.5
    endloop
  endfacet
  facet normal -1 0 0
    outer loop
      vertex -45.375 0.868965 76.5
      vertex -45.375 0.834482 77
      vertex -45.375 2.432 77
    endloop
  endfacet
  facet normal -1 0 0
    outer loop
      vertex -45.375 4.9381 41
      vertex -45.375 1.17931 42.5
      vertex -45.375 4.79888 42
    endloop
  endfacet
  facet normal -1 0 0
    outer loop
      vertex -45.375 1.17931 43
      vertex -45.375 4.79888 42
      vertex -45.375 1.17931 42.5
    endloop
  endfacet
  facet normal -1 0 0
    outer loop
      vertex -45.375 1.14483 43.5
      vertex -45.375 4.79888 42
      vertex -45.375 1.17931 43
    endloop
  endfacet
  facet normal -1 0 0
    outer loop
      vertex -45.375 1.14483 43.5
      vertex -45.375 1.17931 43
      vertex -45.375 1.14483 43
    endloop
  endfacet
  facet normal -1 0 0
    outer loop
      vertex -45.375 1.11034 44
      vertex -45.375 4.79888 42
      vertex -45.375 1.14483 43.5
    endloop
  endfacet
  facet normal -1 0 0
    outer loop
      vertex -45.375 1.11034 44
      vertex -45.375 1.14483 43.5
      vertex -45.375 1.11034 43.5
    endloop
  endfacet
  facet normal -1 0 0
    outer loop
      vertex -45.375 1.07586 44.5
      vertex -45.375 4.79888 42
      vertex -45.375 1.11034 44
    endloop
  endfacet
  facet normal -1 0 0
    outer loop
      vertex -45.375 1.07586 44.5
      vertex -45.375 1.11034 44
      vertex -45.375 1.07586 44
    endloop
  endfacet
  facet normal -1 0 0
    outer loop
      vertex -45.375 1.04138 45
      vertex -45.375 4.79888 42
      vertex -45.375 1.07586 44.5
    endloop
  endfacet
  facet normal -1 0 0
    outer loop
      vertex -45.375 1.04138 45
      vertex -45.375 1.07586 44.5
      vertex -45.375 1.04138 44.5
    endloop
  endfacet
  facet normal -1 0 0
    outer loop
      vertex -45.375 1.0069 45.5
      vertex -45.375 4.79888 42
      vertex -45.375 1.04138 45
    endloop
  endfacet
  facet normal -1 0 0
    outer loop
      vertex -45.375 1.0069 45.5
      vertex -45.375 1.04138 45
      vertex -45.375 1.0069 45
    endloop
  endfacet
  facet normal -1 0 0
    outer loop
      vertex -45.375 0.972413 46
      vertex -45.375 4.79888 42
      vertex -45.375 1.0069 45.5
    endloop
  endfacet
  facet normal -1 0 0
    outer loop
      vertex -45.375 0.972413 46
      vertex -45.375 1.0069 45.5
      vertex -45.375 0.972413 45.5
    endloop
  endfacet
  facet normal -1 0 0
    outer loop
      vertex -45.375 4.79888 42
      vertex -45.375 0.972413 46
      vertex -45.375 1.2 48
    endloop
  endfacet
  facet normal -1 0 0
    outer loop
      vertex -45.375 0.93793 46.5
      vertex -45.375 0.972413 46
      vertex -45.375 0.93793 46
    endloop
  endfacet
  facet normal -1 0 0
    outer loop
      vertex -45.375 0.972413 46
      vertex -45.375 0.93793 46.5
      vertex -45.375 1.2 48
    endloop
  endfacet
  facet normal -1 0 0
    outer loop
      vertex -45.375 0.903448 47
      vertex -45.375 0.93793 46.5
      vertex -45.375 0.903448 46.5
    endloop
  endfacet
  facet normal -1 0 0
    outer loop
      vertex -45.375 0.93793 46.5
      vertex -45.375 0.903448 47
      vertex -45.375 1.2 48
    endloop
  endfacet
  facet normal -1 0 0
    outer loop
      vertex -45.375 0.868965 47.5
      vertex -45.375 0.903448 47
      vertex -45.375 0.868965 47
    endloop
  endfacet
  facet normal -1 0 0
    outer loop
      vertex -45.375 0.903448 47
      vertex -45.375 0.868965 47.5
      vertex -45.375 1.2 48
    endloop
  endfacet
  facet normal -1 0 0
    outer loop
      vertex -45.375 0.834482 48
      vertex -45.375 0.868965 47.5
      vertex -45.375 0.834482 47.5
    endloop
  endfacet
  facet normal -1 0 0
    outer loop
      vertex -45.375 0.868965 47.5
      vertex -45.375 0.834482 48
      vertex -45.375 1.2 48
    endloop
  endfacet
  facet normal -1 0 0
    outer loop
      vertex -45.375 1.17241 31
      vertex -45.375 5.77347 28
      vertex -45.375 1.18621 25.5
    endloop
  endfacet
  facet normal -1 0 0
    outer loop
      vertex -45.375 1.17241 31.5
      vertex -45.375 5.77347 28
      vertex -45.375 1.17241 31
    endloop
  endfacet
  facet normal -1 0 0
    outer loop
      vertex -45.375 1.13793 32
      vertex -45.375 5.77347 28
      vertex -45.375 1.17241 31.5
    endloop
  endfacet
  facet normal -1 0 0
    outer loop
      vertex -45.375 1.13793 32
      vertex -45.375 1.17241 31.5
      vertex -45.375 1.13793 31.5
    endloop
  endfacet
  facet normal -1 0 0
    outer loop
      vertex -45.375 1.10345 32.5
      vertex -45.375 5.77347 28
      vertex -45.375 1.13793 32
    endloop
  endfacet
  facet normal -1 0 0
    outer loop
      vertex -45.375 1.10345 32.5
      vertex -45.375 1.13793 32
      vertex -45.375 1.10345 32
    endloop
  endfacet
  facet normal -1 0 0
    outer loop
      vertex -45.375 1.06896 33
      vertex -45.375 5.77347 28
      vertex -45.375 1.10345 32.5
    endloop
  endfacet
  facet normal -1 0 0
    outer loop
      vertex -45.375 1.06896 33
      vertex -45.375 1.10345 32.5
      vertex -45.375 1.06896 32.5
    endloop
  endfacet
  facet normal -1 0 0
    outer loop
      vertex -45.375 1.03448 33.5
      vertex -45.375 5.77347 28
      vertex -45.375 1.06896 33
    endloop
  endfacet
  facet normal -1 0 0
    outer loop
      vertex -45.375 1.03448 33.5
      vertex -45.375 1.06896 33
      vertex -45.375 1.03448 33
    endloop
  endfacet
  facet normal -1 0 0
    outer loop
      vertex -45.375 1 34
      vertex -45.375 5.77347 28
      vertex -45.375 1.03448 33.5
    endloop
  endfacet
  facet normal -1 0 0
    outer loop
      vertex -45.375 1 34
      vertex -45.375 1.03448 33.5
      vertex -45.375 1 33.5
    endloop
  endfacet
  facet normal -1 0 0
    outer loop
      vertex -45.375 5.77347 28
      vertex -45.375 1 34
      vertex -45.375 1.1931 36.5
    endloop
  endfacet
  facet normal -1 0 0
    outer loop
      vertex -45.375 0.965517 34.5
      vertex -45.375 1 34
      vertex -45.375 0.965517 34
    endloop
  endfacet
  facet normal -1 0 0
    outer loop
      vertex -45.375 1 34
      vertex -45.375 0.965517 34.5
      vertex -45.375 1.1931 36.5
    endloop
  endfacet
  facet normal -1 0 0
    outer loop
      vertex -45.375 0.931034 35
      vertex -45.375 0.965517 34.5
      vertex -45.375 0.931034 34.5
    endloop
  endfacet
  facet normal -1 0 0
    outer loop
      vertex -45.375 0.965517 34.5
      vertex -45.375 0.931034 35
      vertex -45.375 1.1931 36.5
    endloop
  endfacet
  facet normal -1 0 0
    outer loop
      vertex -45.375 0.896551 35.5
      vertex -45.375 0.931034 35
      vertex -45.375 0.896551 35
    endloop
  endfacet
  facet normal -1 0 0
    outer loop
      vertex -45.375 0.931034 35
      vertex -45.375 0.896551 35.5
      vertex -45.375 1.1931 36.5
    endloop
  endfacet
  facet normal -1 0 0
    outer loop
      vertex -45.375 0.862068 36
      vertex -45.375 0.896551 35.5
      vertex -45.375 0.862068 35.5
    endloop
  endfacet
  facet normal -1 0 0
    outer loop
      vertex -45.375 0.896551 35.5
      vertex -45.375 0.862068 36
      vertex -45.375 1.1931 36.5
    endloop
  endfacet
  facet normal -1 0 0
    outer loop
      vertex -45.375 0.827586 36.5
      vertex -45.375 0.862068 36
      vertex -45.375 0.827586 36
    endloop
  endfacet
  facet normal -1 0 0
    outer loop
      vertex -45.375 0.862068 36
      vertex -45.375 0.827586 36.5
      vertex -45.375 1.1931 36.5
    endloop
  endfacet
  facet normal -1 0 0
    outer loop
      vertex -45.375 3.68505 59
      vertex -45.375 1.17241 60
      vertex -45.375 3.54582 60
    endloop
  endfacet
  facet normal -1 0 0
    outer loop
      vertex -45.375 1.17241 60.5
      vertex -45.375 3.54582 60
      vertex -45.375 1.17241 60
    endloop
  endfacet
  facet normal -1 0 0
    outer loop
      vertex -45.375 1.13793 61
      vertex -45.375 3.54582 60
      vertex -45.375 1.17241 60.5
    endloop
  endfacet
  facet normal -1 0 0
    outer loop
      vertex -45.375 1.13793 61
      vertex -45.375 1.17241 60.5
      vertex -45.375 1.13793 60.5
    endloop
  endfacet
  facet normal -1 0 0
    outer loop
      vertex -45.375 1.10345 61.5
      vertex -45.375 3.54582 60
      vertex -45.375 1.13793 61
    endloop
  endfacet
  facet normal -1 0 0
    outer loop
      vertex -45.375 1.10345 61.5
      vertex -45.375 1.13793 61
      vertex -45.375 1.10345 61
    endloop
  endfacet
  facet normal -1 0 0
    outer loop
      vertex -45.375 1.06896 62
      vertex -45.375 3.54582 60
      vertex -45.375 1.10345 61.5
    endloop
  endfacet
  facet normal -1 0 0
    outer loop
      vertex -45.375 1.06896 62
      vertex -45.375 1.10345 61.5
      vertex -45.375 1.06896 61.5
    endloop
  endfacet
  facet normal -1 0 0
    outer loop
      vertex -45.375 1.03448 62.5
      vertex -45.375 3.54582 60
      vertex -45.375 1.06896 62
    endloop
  endfacet
  facet normal -1 0 0
    outer loop
      vertex -45.375 1.03448 62.5
      vertex -45.375 1.06896 62
      vertex -45.375 1.03448 62
    endloop
  endfacet
  facet normal -1 0 0
    outer loop
      vertex -45.375 1 63
      vertex -45.375 3.54582 60
      vertex -45.375 1.03448 62.5
    endloop
  endfacet
  facet normal -1 0 0
    outer loop
      vertex -45.375 1 63
      vertex -45.375 1.03448 62.5
      vertex -45.375 1 62.5
    endloop
  endfacet
  facet normal -1 0 0
    outer loop
      vertex -45.375 0.965517 63.5
      vertex -45.375 3.54582 60
      vertex -45.375 1 63
    endloop
  endfacet
  facet normal -1 0 0
    outer loop
      vertex -45.375 0.965517 63.5
      vertex -45.375 1 63
      vertex -45.375 0.965517 63
    endloop
  endfacet
  facet normal -1 0 0
    outer loop
      vertex -45.375 3.54582 60
      vertex -45.375 0.965517 63.5
      vertex -45.375 1.1931 65.5
    endloop
  endfacet
  facet normal -1 0 0
    outer loop
      vertex -45.375 0.931034 64
      vertex -45.375 0.965517 63.5
      vertex -45.375 0.931034 63.5
    endloop
  endfacet
  facet normal -1 0 0
    outer loop
      vertex -45.375 0.965517 63.5
      vertex -45.375 0.931034 64
      vertex -45.375 1.1931 65.5
    endloop
  endfacet
  facet normal -1 0 0
    outer loop
      vertex -45.375 0.896551 64.5
      vertex -45.375 0.931034 64
      vertex -45.375 0.896551 64
    endloop
  endfacet
  facet normal -1 0 0
    outer loop
      vertex -45.375 0.931034 64
      vertex -45.375 0.896551 64.5
      vertex -45.375 1.1931 65.5
    endloop
  endfacet
  facet normal -1 0 0
    outer loop
      vertex -45.375 0.862068 65
      vertex -45.375 0.896551 64.5
      vertex -45.375 0.862068 64.5
    endloop
  endfacet
  facet normal -1 0 0
    outer loop
      vertex -45.375 0.896551 64.5
      vertex -45.375 0.862068 65
      vertex -45.375 1.1931 65.5
    endloop
  endfacet
  facet normal -1 0 0
    outer loop
      vertex -45.375 0.827586 65.5
      vertex -45.375 0.862068 65
      vertex -45.375 0.827586 65
    endloop
  endfacet
  facet normal -1 0 0
    outer loop
      vertex -45.375 0.862068 65
      vertex -45.375 0.827586 65.5
      vertex -45.375 1.1931 65.5
    endloop
  endfacet
  facet normal -1 0 0
    outer loop
      vertex -45.375 -0.93793 75.5
      vertex -45.375 -2.432 76
      vertex -45.375 -0.903448 76
    endloop
  endfacet
  facet normal -1 0 0
    outer loop
      vertex -45.375 -3.67424 76
      vertex -45.375 -2.57123 75
      vertex -45.375 -3.67424 75
    endloop
  endfacet
  facet normal -1 0 0
    outer loop
      vertex -45.375 -2.57123 75
      vertex -45.375 -3.67424 76
      vertex -45.375 -2.432 76
    endloop
  endfacet
  facet normal -1 0 0
    outer loop
      vertex -45.375 -1.17931 71.5
      vertex -45.375 -2.71046 73
      vertex -45.375 -2.57123 74
    endloop
  endfacet
  facet normal -1 0 0
    outer loop
      vertex -45.375 -3.87874 74
      vertex -45.375 -2.71046 73
      vertex -45.375 -3.87874 73
    endloop
  endfacet
  facet normal -1 0 0
    outer loop
      vertex -45.375 -2.71046 73
      vertex -45.375 -3.87874 74
      vertex -45.375 -2.57123 74
    endloop
  endfacet
  facet normal -1 -0 0
    outer loop
      vertex -45.375 -1.17931 71.5
      vertex -45.375 -2.84968 71
      vertex -45.375 -2.71046 72
    endloop
  endfacet
  facet normal -1 0 0
    outer loop
      vertex -45.375 -4.08323 72
      vertex -45.375 -2.84968 71
      vertex -45.375 -4.08323 71
    endloop
  endfacet
  facet normal -1 0 0
    outer loop
      vertex -45.375 -2.84968 71
      vertex -45.375 -4.08323 72
      vertex -45.375 -2.71046 72
    endloop
  endfacet
  facet normal -1 0 0
    outer loop
      vertex -45.375 -1.17931 71.5
      vertex -45.375 -2.98891 69
      vertex -45.375 -2.84968 70
    endloop
  endfacet
  facet normal -1 0 0
    outer loop
      vertex -45.375 -4.28772 70
      vertex -45.375 -2.98891 69
      vertex -45.375 -4.28772 69
    endloop
  endfacet
  facet normal -1 0 0
    outer loop
      vertex -45.375 -2.98891 69
      vertex -45.375 -4.28772 70
      vertex -45.375 -2.84968 70
    endloop
  endfacet
  facet normal -1 0 0
    outer loop
      vertex -45.375 -1.15862 66.5
      vertex -45.375 -3.12814 67
      vertex -45.375 -2.98891 68
    endloop
  endfacet
  facet normal -1 0 0
    outer loop
      vertex -45.375 -4.49221 68
      vertex -45.375 -3.12814 67
      vertex -45.375 -4.49221 67
    endloop
  endfacet
  facet normal -1 0 0
    outer loop
      vertex -45.375 -3.12814 67
      vertex -45.375 -4.49221 68
      vertex -45.375 -2.98891 68
    endloop
  endfacet
  facet normal -1 0 0
    outer loop
      vertex -45.375 -1.1931 65.5
      vertex -45.375 -3.12814 66
      vertex -45.375 -1.1931 66
    endloop
  endfacet
  facet normal -1 0 0
    outer loop
      vertex -45.375 -4.6967 66
      vertex -45.375 -3.26737 65
      vertex -45.375 -4.6967 65
    endloop
  endfacet
  facet normal -1 0 0
    outer loop
      vertex -45.375 -3.26737 65
      vertex -45.375 -4.6967 66
      vertex -45.375 -3.12814 66
    endloop
  endfacet
  facet normal -1 0 0
    outer loop
      vertex -45.375 -3.26737 65
      vertex -45.375 -1.1931 65.5
      vertex -45.375 -3.26737 64
    endloop
  endfacet
  facet normal -1 0 0
    outer loop
      vertex -45.375 -4.90119 64
      vertex -45.375 -3.4066 63
      vertex -45.375 -4.90119 63
    endloop
  endfacet
  facet normal -1 0 0
    outer loop
      vertex -45.375 -3.4066 63
      vertex -45.375 -4.90119 64
      vertex -45.375 -3.26737 64
    endloop
  endfacet
  facet normal -1 0 0
    outer loop
      vertex -45.375 -1.1931 65.5
      vertex -45.375 -3.54582 61
      vertex -45.375 -3.4066 62
    endloop
  endfacet
  facet normal -1 0 0
    outer loop
      vertex -45.375 -5.10568 62
      vertex -45.375 -3.54582 61
      vertex -45.375 -5.10568 61
    endloop
  endfacet
  facet normal -1 0 0
    outer loop
      vertex -45.375 -3.54582 61
      vertex -45.375 -5.10568 62
      vertex -45.375 -3.4066 62
    endloop
  endfacet
  facet normal -1 0 0
    outer loop
      vertex -45.375 -1.18621 54.5
      vertex -45.375 -3.68505 59
      vertex -45.375 -3.54582 60
    endloop
  endfacet
  facet normal -1 0 0
    outer loop
      vertex -45.375 -5.31017 60
      vertex -45.375 -3.68505 59
      vertex -45.375 -5.31017 59
    endloop
  endfacet
  facet normal -1 0 0
    outer loop
      vertex -45.375 -3.68505 59
      vertex -45.375 -5.31017 60
      vertex -45.375 -3.54582 60
    endloop
  endfacet
  facet normal -1 0 0
    outer loop
      vertex -45.375 -3.82428 57
      vertex -45.375 -3.68505 58
      vertex -45.375 -3.82428 56
    endloop
  endfacet
  facet normal -1 0 0
    outer loop
      vertex -45.375 -5.51467 58
      vertex -45.375 -3.82428 57
      vertex -45.375 -5.51467 57
    endloop
  endfacet
  facet normal -1 0 0
    outer loop
      vertex -45.375 -3.82428 57
      vertex -45.375 -5.51467 58
      vertex -45.375 -3.68505 58
    endloop
  endfacet
  facet normal -1 0 0
    outer loop
      vertex -45.375 -3.96351 55
      vertex -45.375 -3.82428 56
      vertex -45.375 -3.96351 54
    endloop
  endfacet
  facet normal -1 0 0
    outer loop
      vertex -45.375 -5.71916 56
      vertex -45.375 -3.96351 55
      vertex -45.375 -5.71916 55
    endloop
  endfacet
  facet normal -1 0 0
    outer loop
      vertex -45.375 -3.96351 55
      vertex -45.375 -5.71916 56
      vertex -45.375 -3.82428 56
    endloop
  endfacet
  facet normal -1 0 0
    outer loop
      vertex -45.375 -1.16552 49
      vertex -45.375 -4.10274 53
      vertex -45.375 -3.96351 54
    endloop
  endfacet
  facet normal -1 0 0
    outer loop
      vertex -45.375 -5.92365 54
      vertex -45.375 -4.10274 53
      vertex -45.375 -5.92365 53
    endloop
  endfacet
  facet normal -1 0 0
    outer loop
      vertex -45.375 -4.10274 53
      vertex -45.375 -5.92365 54
      vertex -45.375 -3.96351 54
    endloop
  endfacet
  facet normal -1 0 0
    outer loop
      vertex -45.375 -1.16552 49
      vertex -45.375 -4.24196 51
      vertex -45.375 -4.10274 52
    endloop
  endfacet
  facet normal -1 0 0
    outer loop
      vertex -45.375 -6.12814 52
      vertex -45.375 -4.24196 51
      vertex -45.375 -6.12814 51
    endloop
  endfacet
  facet normal -1 0 0
    outer loop
      vertex -45.375 -4.24196 51
      vertex -45.375 -6.12814 52
      vertex -45.375 -4.10274 52
    endloop
  endfacet
  facet normal -1 0 0
    outer loop
      vertex -45.375 -1.16552 49
      vertex -45.375 -4.38119 49
      vertex -45.375 -4.24196 50
    endloop
  endfacet
  facet normal -1 0 0
    outer loop
      vertex -45.375 -6.33263 50
      vertex -45.375 -4.38119 49
      vertex -45.375 -6.33263 49
    endloop
  endfacet
  facet normal -1 0 0
    outer loop
      vertex -45.375 -4.38119 49
      vertex -45.375 -6.33263 50
      vertex -45.375 -4.24196 50
    endloop
  endfacet
  facet normal -1 0 0
    outer loop
      vertex -45.375 -1.2 48
      vertex -45.375 -4.38119 48
      vertex -45.375 -1.2 48.5
    endloop
  endfacet
  facet normal -1 0 0
    outer loop
      vertex -45.375 -6.53712 48
      vertex -45.375 -4.52042 47
      vertex -45.375 -6.53712 47
    endloop
  endfacet
  facet normal -1 0 0
    outer loop
      vertex -45.375 -4.52042 47
      vertex -45.375 -6.53712 48
      vertex -45.375 -4.38119 48
    endloop
  endfacet
  facet normal -1 0 0
    outer loop
      vertex -45.375 -0.903448 47
      vertex -45.375 -4.52042 47
      vertex -45.375 -1.2 48
    endloop
  endfacet
  facet normal -1 0 0
    outer loop
      vertex -45.375 -6.74161 46
      vertex -45.375 -4.65965 45
      vertex -45.375 -6.74161 45
    endloop
  endfacet
  facet normal -1 0 0
    outer loop
      vertex -45.375 -4.65965 45
      vertex -45.375 -6.74161 46
      vertex -45.375 -4.52042 46
    endloop
  endfacet
  facet normal -1 0 0
    outer loop
      vertex -45.375 -1.04138 45
      vertex -45.375 -4.65965 45
      vertex -45.375 -4.52042 46
    endloop
  endfacet
  facet normal -1 0 0
    outer loop
      vertex -45.375 -6.94611 44
      vertex -45.375 -4.79888 43
      vertex -45.375 -6.94611 43
    endloop
  endfacet
  facet normal -1 0 0
    outer loop
      vertex -45.375 -4.79888 43
      vertex -45.375 -6.94611 44
      vertex -45.375 -4.65965 44
    endloop
  endfacet
  facet normal -1 0 0
    outer loop
      vertex -45.375 -4.79888 43
      vertex -45.375 -1.17931 42.5
      vertex -45.375 -4.79888 42
    endloop
  endfacet
  facet normal -1 0 0
    outer loop
      vertex -45.375 -7.1506 42
      vertex -45.375 -4.9381 41
      vertex -45.375 -7.1506 41
    endloop
  endfacet
  facet normal -1 0 0
    outer loop
      vertex -45.375 -4.9381 41
      vertex -45.375 -7.1506 42
      vertex -45.375 -4.79888 42
    endloop
  endfacet
  facet normal -1 0 0
    outer loop
      vertex -45.375 -1.15862 37.5
      vertex -45.375 -5.07733 39
      vertex -45.375 -4.9381 40
    endloop
  endfacet
  facet normal -1 0 0
    outer loop
      vertex -45.375 -7.35509 40
      vertex -45.375 -5.07733 39
      vertex -45.375 -7.35509 39
    endloop
  endfacet
  facet normal -1 0 0
    outer loop
      vertex -45.375 -5.07733 39
      vertex -45.375 -7.35509 40
      vertex -45.375 -4.9381 40
    endloop
  endfacet
  facet normal -1 0 0
    outer loop
      vertex -45.375 -1.1931 37
      vertex -45.375 -5.21656 37
      vertex -45.375 -5.07733 38
    endloop
  endfacet
  facet normal -1 0 0
    outer loop
      vertex -45.375 -7.55958 38
      vertex -45.375 -5.21656 37
      vertex -45.375 -7.55958 37
    endloop
  endfacet
  facet normal -1 0 0
    outer loop
      vertex -45.375 -5.21656 37
      vertex -45.375 -7.55958 38
      vertex -45.375 -5.07733 38
    endloop
  endfacet
  facet normal -1 0 0
    outer loop
      vertex -45.375 -5.21656 37
      vertex -45.375 -1.1931 36.5
      vertex -45.375 -5.21656 36
    endloop
  endfacet
  facet normal -1 0 0
    outer loop
      vertex -45.375 -7.76407 36
      vertex -45.375 -5.35579 35
      vertex -45.375 -7.76407 35
    endloop
  endfacet
  facet normal -1 0 0
    outer loop
      vertex -45.375 -5.35579 35
      vertex -45.375 -7.76407 36
      vertex -45.375 -5.21656 36
    endloop
  endfacet
  facet normal -1 0 0
    outer loop
      vertex -45.375 -5.35579 35
      vertex -45.375 -1.1931 36.5
      vertex -45.375 -5.35579 34
    endloop
  endfacet
  facet normal -1 0 0
    outer loop
      vertex -45.375 -7.96856 34
      vertex -45.375 -5.49502 33
      vertex -45.375 -7.96856 33
    endloop
  endfacet
  facet normal -1 0 0
    outer loop
      vertex -45.375 -5.49502 33
      vertex -45.375 -7.96856 34
      vertex -45.375 -5.35579 34
    endloop
  endfacet
  facet normal -1 0 0
    outer loop
      vertex -45.375 -1.18621 25.5
      vertex -45.375 -5.49502 32
      vertex -45.375 -1.1931 36.5
    endloop
  endfacet
  facet normal -1 0 0
    outer loop
      vertex -45.375 -8.17305 32
      vertex -45.375 -5.63424 31
      vertex -45.375 -8.17305 31
    endloop
  endfacet
  facet normal -1 0 0
    outer loop
      vertex -45.375 -5.63424 31
      vertex -45.375 -8.17305 32
      vertex -45.375 -5.49502 32
    endloop
  endfacet
  facet normal -1 0 0
    outer loop
      vertex -45.375 -1.18621 25.5
      vertex -45.375 -5.77347 29
      vertex -45.375 -5.63424 30
    endloop
  endfacet
  facet normal -1 0 0
    outer loop
      vertex -45.375 -8.37754 30
      vertex -45.375 -5.77347 29
      vertex -45.375 -8.37754 29
    endloop
  endfacet
  facet normal -1 0 0
    outer loop
      vertex -45.375 -5.77347 29
      vertex -45.375 -8.37754 30
      vertex -45.375 -5.63424 30
    endloop
  endfacet
  facet normal -1 0 0
    outer loop
      vertex -45.375 -5.9127 27
      vertex -45.375 -5.77347 28
      vertex -45.375 -5.9127 26
    endloop
  endfacet
  facet normal -1 0 0
    outer loop
      vertex -45.375 -8.58204 28
      vertex -45.375 -5.9127 27
      vertex -45.375 -8.58204 27
    endloop
  endfacet
  facet normal -1 0 0
    outer loop
      vertex -45.375 -5.9127 27
      vertex -45.375 -8.58204 28
      vertex -45.375 -5.77347 28
    endloop
  endfacet
  facet normal -1 0 0
    outer loop
      vertex -45.375 -1.16552 20
      vertex -45.375 -6.05193 25
      vertex -45.375 -5.9127 26
    endloop
  endfacet
  facet normal -1 0 0
    outer loop
      vertex -45.375 -8.78653 26
      vertex -45.375 -6.05193 25
      vertex -45.375 -8.78653 25
    endloop
  endfacet
  facet normal -1 0 0
    outer loop
      vertex -45.375 -6.05193 25
      vertex -45.375 -8.78653 26
      vertex -45.375 -5.9127 26
    endloop
  endfacet
  facet normal -1 0 0
    outer loop
      vertex -45.375 -1.16552 20
      vertex -45.375 -6.19116 23
      vertex -45.375 -6.05193 24
    endloop
  endfacet
  facet normal -1 0 0
    outer loop
      vertex -45.375 -8.99102 24
      vertex -45.375 -6.19116 23
      vertex -45.375 -8.99102 23
    endloop
  endfacet
  facet normal -1 0 0
    outer loop
      vertex -45.375 -6.19116 23
      vertex -45.375 -8.99102 24
      vertex -45.375 -6.05193 24
    endloop
  endfacet
  facet normal -1 0 0
    outer loop
      vertex -45.375 -1.16552 20
      vertex -45.375 -6.33039 21
      vertex -45.375 -6.19116 22
    endloop
  endfacet
  facet normal -1 0 0
    outer loop
      vertex -45.375 -9.19551 22
      vertex -45.375 -6.33039 21
      vertex -45.375 -9.19551 21
    endloop
  endfacet
  facet normal -1 0 0
    outer loop
      vertex -45.375 -6.33039 21
      vertex -45.375 -9.19551 22
      vertex -45.375 -6.19116 22
    endloop
  endfacet
  facet normal -0 0 1
    outer loop
      vertex -45.375 9.4 20
      vertex -40.875 6.33039 20
      vertex -40.875 9.4 20
    endloop
  endfacet
  facet normal 0 0 1
    outer loop
      vertex -40.875 6.33039 20
      vertex -45.375 9.4 20
      vertex -45.375 6.33039 20
    endloop
  endfacet
  facet normal -0 0 1
    outer loop
      vertex -45.375 -6.33039 20
      vertex -40.875 -9.4 20
      vertex -40.875 -6.33039 20
    endloop
  endfacet
  facet normal 0 0 1
    outer loop
      vertex -40.875 -9.4 20
      vertex -45.375 -6.33039 20
      vertex -45.375 -9.4 20
    endloop
  endfacet
  facet normal 0 1 -0
    outer loop
      vertex -40.875 9.4 19
      vertex -45.375 9.4 20
      vertex -40.875 9.4 20
    endloop
  endfacet
  facet normal 0 1 0
    outer loop
      vertex -45.375 9.4 18.5
      vertex -40.875 9.4 19
      vertex -40.8706 9.4 18.7906
    endloop
  endfacet
  facet normal 0 1 0
    outer loop
      vertex -45.375 9.4 18.5
      vertex -40.8706 9.4 18.7906
      vertex -40.8575 9.4 18.5816
    endloop
  endfacet
  facet normal 0 1 0
    outer loop
      vertex -45.375 9.4 18.5
      vertex -40.8575 9.4 18.5816
      vertex -40.8489 9.4 18.5
    endloop
  endfacet
  facet normal 0 1 0
    outer loop
      vertex -40.875 9.4 19
      vertex -45.375 9.4 18.5
      vertex -45.375 9.4 20
    endloop
  endfacet
  facet normal 0 -1 0
    outer loop
      vertex -45.375 -9.4 20
      vertex -40.875 -9.4 19
      vertex -40.875 -9.4 20
    endloop
  endfacet
  facet normal 0 -1 0
    outer loop
      vertex -45.375 -9.4 18.5
      vertex -40.875 -9.4 19
      vertex -45.375 -9.4 20
    endloop
  endfacet
  facet normal 0 -1 -0
    outer loop
      vertex -40.875 -9.4 19
      vertex -45.375 -9.4 18.5
      vertex -40.8706 -9.4 18.7906
    endloop
  endfacet
  facet normal 0 -1 -0
    outer loop
      vertex -40.8706 -9.4 18.7906
      vertex -45.375 -9.4 18.5
      vertex -40.8575 -9.4 18.5816
    endloop
  endfacet
  facet normal 0 -1 -0
    outer loop
      vertex -40.8575 -9.4 18.5816
      vertex -45.375 -9.4 18.5
      vertex -40.8489 -9.4 18.5
    endloop
  endfacet
  facet normal 0 0 -1
    outer loop
      vertex -45.375 6.33039 21
      vertex -40.875 9.19551 21
      vertex -40.875 6.33039 21
    endloop
  endfacet
  facet normal -0 0 -1
    outer loop
      vertex -40.875 9.19551 21
      vertex -45.375 6.33039 21
      vertex -45.375 9.19551 21
    endloop
  endfacet
  facet normal 0 0 -1
    outer loop
      vertex -45.375 -9.19551 21
      vertex -40.875 -6.33039 21
      vertex -40.875 -9.19551 21
    endloop
  endfacet
  facet normal -0 0 -1
    outer loop
      vertex -40.875 -6.33039 21
      vertex -45.375 -9.19551 21
      vertex -45.375 -6.33039 21
    endloop
  endfacet
  facet normal 0 1 -0
    outer loop
      vertex -40.875 6.33039 20
      vertex -45.375 6.33039 21
      vertex -40.875 6.33039 21
    endloop
  endfacet
  facet normal 0 1 0
    outer loop
      vertex -45.375 6.33039 21
      vertex -40.875 6.33039 20
      vertex -45.375 6.33039 20
    endloop
  endfacet
  facet normal 0 -1 0
    outer loop
      vertex -45.375 -6.33039 20
      vertex -40.875 -6.33039 21
      vertex -45.375 -6.33039 21
    endloop
  endfacet
  facet normal 0 -1 -0
    outer loop
      vertex -40.875 -6.33039 21
      vertex -45.375 -6.33039 20
      vertex -40.875 -6.33039 20
    endloop
  endfacet
  facet normal -0 0 1
    outer loop
      vertex -45.375 9.19551 22
      vertex -40.875 6.19116 22
      vertex -40.875 9.19551 22
    endloop
  endfacet
  facet normal 0 0 1
    outer loop
      vertex -40.875 6.19116 22
      vertex -45.375 9.19551 22
      vertex -45.375 6.19116 22
    endloop
  endfacet
  facet normal -0 0 1
    outer loop
      vertex -45.375 -6.19116 22
      vertex -40.875 -9.19551 22
      vertex -40.875 -6.19116 22
    endloop
  endfacet
  facet normal 0 0 1
    outer loop
      vertex -40.875 -9.19551 22
      vertex -45.375 -6.19116 22
      vertex -45.375 -9.19551 22
    endloop
  endfacet
  facet normal 0 1 -0
    outer loop
      vertex -40.875 9.19551 21
      vertex -45.375 9.19551 22
      vertex -40.875 9.19551 22
    endloop
  endfacet
  facet normal 0 1 0
    outer loop
      vertex -45.375 9.19551 22
      vertex -40.875 9.19551 21
      vertex -45.375 9.19551 21
    endloop
  endfacet
  facet normal 0 -1 0
    outer loop
      vertex -45.375 -9.19551 21
      vertex -40.875 -9.19551 22
      vertex -45.375 -9.19551 22
    endloop
  endfacet
  facet normal 0 -1 -0
    outer loop
      vertex -40.875 -9.19551 22
      vertex -45.375 -9.19551 21
      vertex -40.875 -9.19551 21
    endloop
  endfacet
  facet normal 0 0 -1
    outer loop
      vertex -45.375 6.19116 23
      vertex -40.875 8.99102 23
      vertex -40.875 6.19116 23
    endloop
  endfacet
  facet normal -0 0 -1
    outer loop
      vertex -40.875 8.99102 23
      vertex -45.375 6.19116 23
      vertex -45.375 8.99102 23
    endloop
  endfacet
  facet normal 0 0 -1
    outer loop
      vertex -45.375 -8.99102 23
      vertex -40.875 -6.19116 23
      vertex -40.875 -8.99102 23
    endloop
  endfacet
  facet normal -0 0 -1
    outer loop
      vertex -40.875 -6.19116 23
      vertex -45.375 -8.99102 23
      vertex -45.375 -6.19116 23
    endloop
  endfacet
  facet normal 0 1 -0
    outer loop
      vertex -40.875 6.19116 22
      vertex -45.375 6.19116 23
      vertex -40.875 6.19116 23
    endloop
  endfacet
  facet normal 0 1 0
    outer loop
      vertex -45.375 6.19116 23
      vertex -40.875 6.19116 22
      vertex -45.375 6.19116 22
    endloop
  endfacet
  facet normal 0 -1 0
    outer loop
      vertex -45.375 -6.19116 22
      vertex -40.875 -6.19116 23
      vertex -45.375 -6.19116 23
    endloop
  endfacet
  facet normal 0 -1 -0
    outer loop
      vertex -40.875 -6.19116 23
      vertex -45.375 -6.19116 22
      vertex -40.875 -6.19116 22
    endloop
  endfacet
  facet normal -0 0 1
    outer loop
      vertex -45.375 8.99102 24
      vertex -40.875 6.05193 24
      vertex -40.875 8.99102 24
    endloop
  endfacet
  facet normal 0 0 1
    outer loop
      vertex -40.875 6.05193 24
      vertex -45.375 8.99102 24
      vertex -45.375 6.05193 24
    endloop
  endfacet
  facet normal -0 0 1
    outer loop
      vertex -45.375 -6.05193 24
      vertex -40.875 -8.99102 24
      vertex -40.875 -6.05193 24
    endloop
  endfacet
  facet normal 0 0 1
    outer loop
      vertex -40.875 -8.99102 24
      vertex -45.375 -6.05193 24
      vertex -45.375 -8.99102 24
    endloop
  endfacet
  facet normal 0 1 -0
    outer loop
      vertex -40.875 8.99102 23
      vertex -45.375 8.99102 24
      vertex -40.875 8.99102 24
    endloop
  endfacet
  facet normal 0 1 0
    outer loop
      vertex -45.375 8.99102 24
      vertex -40.875 8.99102 23
      vertex -45.375 8.99102 23
    endloop
  endfacet
  facet normal 0 -1 0
    outer loop
      vertex -45.375 -8.99102 23
      vertex -40.875 -8.99102 24
      vertex -45.375 -8.99102 24
    endloop
  endfacet
  facet normal 0 -1 -0
    outer loop
      vertex -40.875 -8.99102 24
      vertex -45.375 -8.99102 23
      vertex -40.875 -8.99102 23
    endloop
  endfacet
  facet normal 0 0 -1
    outer loop
      vertex -45.375 6.05193 25
      vertex -40.875 8.78653 25
      vertex -40.875 6.05193 25
    endloop
  endfacet
  facet normal -0 0 -1
    outer loop
      vertex -40.875 8.78653 25
      vertex -45.375 6.05193 25
      vertex -45.375 8.78653 25
    endloop
  endfacet
  facet normal 0 0 -1
    outer loop
      vertex -45.375 -8.78653 25
      vertex -40.875 -6.05193 25
      vertex -40.875 -8.78653 25
    endloop
  endfacet
  facet normal -0 0 -1
    outer loop
      vertex -40.875 -6.05193 25
      vertex -45.375 -8.78653 25
      vertex -45.375 -6.05193 25
    endloop
  endfacet
  facet normal 0 1 -0
    outer loop
      vertex -40.875 6.05193 24
      vertex -45.375 6.05193 25
      vertex -40.875 6.05193 25
    endloop
  endfacet
  facet normal 0 1 0
    outer loop
      vertex -45.375 6.05193 25
      vertex -40.875 6.05193 24
      vertex -45.375 6.05193 24
    endloop
  endfacet
  facet normal 0 -1 0
    outer loop
      vertex -45.375 -6.05193 24
      vertex -40.875 -6.05193 25
      vertex -45.375 -6.05193 25
    endloop
  endfacet
  facet normal 0 -1 -0
    outer loop
      vertex -40.875 -6.05193 25
      vertex -45.375 -6.05193 24
      vertex -40.875 -6.05193 24
    endloop
  endfacet
  facet normal -0 0 1
    outer loop
      vertex -45.375 8.78653 26
      vertex -40.875 5.9127 26
      vertex -40.875 8.78653 26
    endloop
  endfacet
  facet normal 0 0 1
    outer loop
      vertex -40.875 5.9127 26
      vertex -45.375 8.78653 26
      vertex -45.375 5.9127 26
    endloop
  endfacet
  facet normal -0 0 1
    outer loop
      vertex -45.375 -5.9127 26
      vertex -40.875 -8.78653 26
      vertex -40.875 -5.9127 26
    endloop
  endfacet
  facet normal 0 0 1
    outer loop
      vertex -40.875 -8.78653 26
      vertex -45.375 -5.9127 26
      vertex -45.375 -8.78653 26
    endloop
  endfacet
  facet normal 0 1 -0
    outer loop
      vertex -40.875 8.78653 25
      vertex -45.375 8.78653 26
      vertex -40.875 8.78653 26
    endloop
  endfacet
  facet normal 0 1 0
    outer loop
      vertex -45.375 8.78653 26
      vertex -40.875 8.78653 25
      vertex -45.375 8.78653 25
    endloop
  endfacet
  facet normal 0 -1 0
    outer loop
      vertex -45.375 -8.78653 25
      vertex -40.875 -8.78653 26
      vertex -45.375 -8.78653 26
    endloop
  endfacet
  facet normal 0 -1 -0
    outer loop
      vertex -40.875 -8.78653 26
      vertex -45.375 -8.78653 25
      vertex -40.875 -8.78653 25
    endloop
  endfacet
  facet normal 0 0 -1
    outer loop
      vertex -45.375 5.9127 27
      vertex -40.875 8.58204 27
      vertex -40.875 5.9127 27
    endloop
  endfacet
  facet normal -0 0 -1
    outer loop
      vertex -40.875 8.58204 27
      vertex -45.375 5.9127 27
      vertex -45.375 8.58204 27
    endloop
  endfacet
  facet normal 0 0 -1
    outer loop
      vertex -45.375 -8.58204 27
      vertex -40.875 -5.9127 27
      vertex -40.875 -8.58204 27
    endloop
  endfacet
  facet normal -0 0 -1
    outer loop
      vertex -40.875 -5.9127 27
      vertex -45.375 -8.58204 27
      vertex -45.375 -5.9127 27
    endloop
  endfacet
  facet normal 0 1 -0
    outer loop
      vertex -40.875 5.9127 26
      vertex -45.375 5.9127 27
      vertex -40.875 5.9127 27
    endloop
  endfacet
  facet normal 0 1 0
    outer loop
      vertex -45.375 5.9127 27
      vertex -40.875 5.9127 26
      vertex -45.375 5.9127 26
    endloop
  endfacet
  facet normal 0 -1 0
    outer loop
      vertex -45.375 -5.9127 26
      vertex -40.875 -5.9127 27
      vertex -45.375 -5.9127 27
    endloop
  endfacet
  facet normal 0 -1 -0
    outer loop
      vertex -40.875 -5.9127 27
      vertex -45.375 -5.9127 26
      vertex -40.875 -5.9127 26
    endloop
  endfacet
  facet normal -0 0 1
    outer loop
      vertex -45.375 8.58204 28
      vertex -40.875 5.77347 28
      vertex -40.875 8.58204 28
    endloop
  endfacet
  facet normal 0 0 1
    outer loop
      vertex -40.875 5.77347 28
      vertex -45.375 8.58204 28
      vertex -45.375 5.77347 28
    endloop
  endfacet
  facet normal -0 0 1
    outer loop
      vertex -45.375 -5.77347 28
      vertex -40.875 -8.58204 28
      vertex -40.875 -5.77347 28
    endloop
  endfacet
  facet normal 0 0 1
    outer loop
      vertex -40.875 -8.58204 28
      vertex -45.375 -5.77347 28
      vertex -45.375 -8.58204 28
    endloop
  endfacet
  facet normal 0 1 -0
    outer loop
      vertex -40.875 8.58204 27
      vertex -45.375 8.58204 28
      vertex -40.875 8.58204 28
    endloop
  endfacet
  facet normal 0 1 0
    outer loop
      vertex -45.375 8.58204 28
      vertex -40.875 8.58204 27
      vertex -45.375 8.58204 27
    endloop
  endfacet
  facet normal 0 -1 0
    outer loop
      vertex -45.375 -8.58204 27
      vertex -40.875 -8.58204 28
      vertex -45.375 -8.58204 28
    endloop
  endfacet
  facet normal 0 -1 -0
    outer loop
      vertex -40.875 -8.58204 28
      vertex -45.375 -8.58204 27
      vertex -40.875 -8.58204 27
    endloop
  endfacet
  facet normal 0 0 -1
    outer loop
      vertex -45.375 5.77347 29
      vertex -40.875 8.37754 29
      vertex -40.875 5.77347 29
    endloop
  endfacet
  facet normal -0 0 -1
    outer loop
      vertex -40.875 8.37754 29
      vertex -45.375 5.77347 29
      vertex -45.375 8.37754 29
    endloop
  endfacet
  facet normal 0 0 -1
    outer loop
      vertex -45.375 -8.37754 29
      vertex -40.875 -5.77347 29
      vertex -40.875 -8.37754 29
    endloop
  endfacet
  facet normal -0 0 -1
    outer loop
      vertex -40.875 -5.77347 29
      vertex -45.375 -8.37754 29
      vertex -45.375 -5.77347 29
    endloop
  endfacet
  facet normal 0 1 -0
    outer loop
      vertex -40.875 5.77347 28
      vertex -45.375 5.77347 29
      vertex -40.875 5.77347 29
    endloop
  endfacet
  facet normal 0 1 0
    outer loop
      vertex -45.375 5.77347 29
      vertex -40.875 5.77347 28
      vertex -45.375 5.77347 28
    endloop
  endfacet
  facet normal 0 -1 0
    outer loop
      vertex -45.375 -5.77347 28
      vertex -40.875 -5.77347 29
      vertex -45.375 -5.77347 29
    endloop
  endfacet
  facet normal 0 -1 -0
    outer loop
      vertex -40.875 -5.77347 29
      vertex -45.375 -5.77347 28
      vertex -40.875 -5.77347 28
    endloop
  endfacet
  facet normal -0 0 1
    outer loop
      vertex -45.375 8.37754 30
      vertex -40.875 5.63424 30
      vertex -40.875 8.37754 30
    endloop
  endfacet
  facet normal 0 0 1
    outer loop
      vertex -40.875 5.63424 30
      vertex -45.375 8.37754 30
      vertex -45.375 5.63424 30
    endloop
  endfacet
  facet normal -0 0 1
    outer loop
      vertex -45.375 -5.63424 30
      vertex -40.875 -8.37754 30
      vertex -40.875 -5.63424 30
    endloop
  endfacet
  facet normal 0 0 1
    outer loop
      vertex -40.875 -8.37754 30
      vertex -45.375 -5.63424 30
      vertex -45.375 -8.37754 30
    endloop
  endfacet
  facet normal 0 1 -0
    outer loop
      vertex -40.875 8.37754 29
      vertex -45.375 8.37754 30
      vertex -40.875 8.37754 30
    endloop
  endfacet
  facet normal 0 1 0
    outer loop
      vertex -45.375 8.37754 30
      vertex -40.875 8.37754 29
      vertex -45.375 8.37754 29
    endloop
  endfacet
  facet normal 0 -1 0
    outer loop
      vertex -45.375 -8.37754 29
      vertex -40.875 -8.37754 30
      vertex -45.375 -8.37754 30
    endloop
  endfacet
  facet normal 0 -1 -0
    outer loop
      vertex -40.875 -8.37754 30
      vertex -45.375 -8.37754 29
      vertex -40.875 -8.37754 29
    endloop
  endfacet
  facet normal 0 0 -1
    outer loop
      vertex -45.375 5.63424 31
      vertex -40.875 8.17305 31
      vertex -40.875 5.63424 31
    endloop
  endfacet
  facet normal -0 0 -1
    outer loop
      vertex -40.875 8.17305 31
      vertex -45.375 5.63424 31
      vertex -45.375 8.17305 31
    endloop
  endfacet
  facet normal 0 0 -1
    outer loop
      vertex -45.375 -8.17305 31
      vertex -40.875 -5.63424 31
      vertex -40.875 -8.17305 31
    endloop
  endfacet
  facet normal -0 0 -1
    outer loop
      vertex -40.875 -5.63424 31
      vertex -45.375 -8.17305 31
      vertex -45.375 -5.63424 31
    endloop
  endfacet
  facet normal 0 1 -0
    outer loop
      vertex -40.875 5.63424 30
      vertex -45.375 5.63424 31
      vertex -40.875 5.63424 31
    endloop
  endfacet
  facet normal 0 1 0
    outer loop
      vertex -45.375 5.63424 31
      vertex -40.875 5.63424 30
      vertex -45.375 5.63424 30
    endloop
  endfacet
  facet normal 0 -1 0
    outer loop
      vertex -45.375 -5.63424 30
      vertex -40.875 -5.63424 31
      vertex -45.375 -5.63424 31
    endloop
  endfacet
  facet normal 0 -1 -0
    outer loop
      vertex -40.875 -5.63424 31
      vertex -45.375 -5.63424 30
      vertex -40.875 -5.63424 30
    endloop
  endfacet
  facet normal -0 0 1
    outer loop
      vertex -45.375 8.17305 32
      vertex -40.875 5.49502 32
      vertex -40.875 8.17305 32
    endloop
  endfacet
  facet normal 0 0 1
    outer loop
      vertex -40.875 5.49502 32
      vertex -45.375 8.17305 32
      vertex -45.375 5.49502 32
    endloop
  endfacet
  facet normal -0 0 1
    outer loop
      vertex -45.375 -5.49502 32
      vertex -40.875 -8.17305 32
      vertex -40.875 -5.49502 32
    endloop
  endfacet
  facet normal 0 0 1
    outer loop
      vertex -40.875 -8.17305 32
      vertex -45.375 -5.49502 32
      vertex -45.375 -8.17305 32
    endloop
  endfacet
  facet normal 0 1 -0
    outer loop
      vertex -40.875 8.17305 31
      vertex -45.375 8.17305 32
      vertex -40.875 8.17305 32
    endloop
  endfacet
  facet normal 0 1 0
    outer loop
      vertex -45.375 8.17305 32
      vertex -40.875 8.17305 31
      vertex -45.375 8.17305 31
    endloop
  endfacet
  facet normal 0 -1 0
    outer loop
      vertex -45.375 -8.17305 31
      vertex -40.875 -8.17305 32
      vertex -45.375 -8.17305 32
    endloop
  endfacet
  facet normal 0 -1 -0
    outer loop
      vertex -40.875 -8.17305 32
      vertex -45.375 -8.17305 31
      vertex -40.875 -8.17305 31
    endloop
  endfacet
  facet normal 0 0 -1
    outer loop
      vertex -45.375 5.49502 33
      vertex -40.875 7.96856 33
      vertex -40.875 5.49502 33
    endloop
  endfacet
  facet normal -0 0 -1
    outer loop
      vertex -40.875 7.96856 33
      vertex -45.375 5.49502 33
      vertex -45.375 7.96856 33
    endloop
  endfacet
  facet normal 0 0 -1
    outer loop
      vertex -45.375 -7.96856 33
      vertex -40.875 -5.49502 33
      vertex -40.875 -7.96856 33
    endloop
  endfacet
  facet normal -0 0 -1
    outer loop
      vertex -40.875 -5.49502 33
      vertex -45.375 -7.96856 33
      vertex -45.375 -5.49502 33
    endloop
  endfacet
  facet normal 0 1 -0
    outer loop
      vertex -40.875 5.49502 32
      vertex -45.375 5.49502 33
      vertex -40.875 5.49502 33
    endloop
  endfacet
  facet normal 0 1 0
    outer loop
      vertex -45.375 5.49502 33
      vertex -40.875 5.49502 32
      vertex -45.375 5.49502 32
    endloop
  endfacet
  facet normal 0 -1 0
    outer loop
      vertex -45.375 -5.49502 32
      vertex -40.875 -5.49502 33
      vertex -45.375 -5.49502 33
    endloop
  endfacet
  facet normal 0 -1 -0
    outer loop
      vertex -40.875 -5.49502 33
      vertex -45.375 -5.49502 32
      vertex -40.875 -5.49502 32
    endloop
  endfacet
  facet normal -0 0 1
    outer loop
      vertex -45.375 7.96856 34
      vertex -40.875 5.35579 34
      vertex -40.875 7.96856 34
    endloop
  endfacet
  facet normal 0 0 1
    outer loop
      vertex -40.875 5.35579 34
      vertex -45.375 7.96856 34
      vertex -45.375 5.35579 34
    endloop
  endfacet
  facet normal -0 0 1
    outer loop
      vertex -45.375 -5.35579 34
      vertex -40.875 -7.96856 34
      vertex -40.875 -5.35579 34
    endloop
  endfacet
  facet normal 0 0 1
    outer loop
      vertex -40.875 -7.96856 34
      vertex -45.375 -5.35579 34
      vertex -45.375 -7.96856 34
    endloop
  endfacet
  facet normal 0 1 -0
    outer loop
      vertex -40.875 7.96856 33
      vertex -45.375 7.96856 34
      vertex -40.875 7.96856 34
    endloop
  endfacet
  facet normal 0 1 0
    outer loop
      vertex -45.375 7.96856 34
      vertex -40.875 7.96856 33
      vertex -45.375 7.96856 33
    endloop
  endfacet
  facet normal 0 -1 0
    outer loop
      vertex -45.375 -7.96856 33
      vertex -40.875 -7.96856 34
      vertex -45.375 -7.96856 34
    endloop
  endfacet
  facet normal 0 -1 -0
    outer loop
      vertex -40.875 -7.96856 34
      vertex -45.375 -7.96856 33
      vertex -40.875 -7.96856 33
    endloop
  endfacet
  facet normal 0 0 -1
    outer loop
      vertex -45.375 5.35579 35
      vertex -40.875 7.76407 35
      vertex -40.875 5.35579 35
    endloop
  endfacet
  facet normal -0 0 -1
    outer loop
      vertex -40.875 7.76407 35
      vertex -45.375 5.35579 35
      vertex -45.375 7.76407 35
    endloop
  endfacet
  facet normal 0 0 -1
    outer loop
      vertex -45.375 -7.76407 35
      vertex -40.875 -5.35579 35
      vertex -40.875 -7.76407 35
    endloop
  endfacet
  facet normal -0 0 -1
    outer loop
      vertex -40.875 -5.35579 35
      vertex -45.375 -7.76407 35
      vertex -45.375 -5.35579 35
    endloop
  endfacet
  facet normal 0 1 -0
    outer loop
      vertex -40.875 5.35579 34
      vertex -45.375 5.35579 35
      vertex -40.875 5.35579 35
    endloop
  endfacet
  facet normal 0 1 0
    outer loop
      vertex -45.375 5.35579 35
      vertex -40.875 5.35579 34
      vertex -45.375 5.35579 34
    endloop
  endfacet
  facet normal 0 -1 0
    outer loop
      vertex -45.375 -5.35579 34
      vertex -40.875 -5.35579 35
      vertex -45.375 -5.35579 35
    endloop
  endfacet
  facet normal 0 -1 -0
    outer loop
      vertex -40.875 -5.35579 35
      vertex -45.375 -5.35579 34
      vertex -40.875 -5.35579 34
    endloop
  endfacet
  facet normal -0 0 1
    outer loop
      vertex -45.375 7.76407 36
      vertex -40.875 5.21656 36
      vertex -40.875 7.76407 36
    endloop
  endfacet
  facet normal 0 0 1
    outer loop
      vertex -40.875 5.21656 36
      vertex -45.375 7.76407 36
      vertex -45.375 5.21656 36
    endloop
  endfacet
  facet normal -0 0 1
    outer loop
      vertex -45.375 -5.21656 36
      vertex -40.875 -7.76407 36
      vertex -40.875 -5.21656 36
    endloop
  endfacet
  facet normal 0 0 1
    outer loop
      vertex -40.875 -7.76407 36
      vertex -45.375 -5.21656 36
      vertex -45.375 -7.76407 36
    endloop
  endfacet
  facet normal 0 1 -0
    outer loop
      vertex -40.875 7.76407 35
      vertex -45.375 7.76407 36
      vertex -40.875 7.76407 36
    endloop
  endfacet
  facet normal 0 1 0
    outer loop
      vertex -45.375 7.76407 36
      vertex -40.875 7.76407 35
      vertex -45.375 7.76407 35
    endloop
  endfacet
  facet normal 0 -1 0
    outer loop
      vertex -45.375 -7.76407 35
      vertex -40.875 -7.76407 36
      vertex -45.375 -7.76407 36
    endloop
  endfacet
  facet normal 0 -1 -0
    outer loop
      vertex -40.875 -7.76407 36
      vertex -45.375 -7.76407 35
      vertex -40.875 -7.76407 35
    endloop
  endfacet
  facet normal 0 0 -1
    outer loop
      vertex -45.375 5.21656 37
      vertex -40.875 7.55958 37
      vertex -40.875 5.21656 37
    endloop
  endfacet
  facet normal -0 0 -1
    outer loop
      vertex -40.875 7.55958 37
      vertex -45.375 5.21656 37
      vertex -45.375 7.55958 37
    endloop
  endfacet
  facet normal 0 0 -1
    outer loop
      vertex -45.375 -7.55958 37
      vertex -40.875 -5.21656 37
      vertex -40.875 -7.55958 37
    endloop
  endfacet
  facet normal -0 0 -1
    outer loop
      vertex -40.875 -5.21656 37
      vertex -45.375 -7.55958 37
      vertex -45.375 -5.21656 37
    endloop
  endfacet
  facet normal 0 1 -0
    outer loop
      vertex -40.875 5.21656 36
      vertex -45.375 5.21656 37
      vertex -40.875 5.21656 37
    endloop
  endfacet
  facet normal 0 1 0
    outer loop
      vertex -45.375 5.21656 37
      vertex -40.875 5.21656 36
      vertex -45.375 5.21656 36
    endloop
  endfacet
  facet normal 0 -1 0
    outer loop
      vertex -45.375 -5.21656 36
      vertex -40.875 -5.21656 37
      vertex -45.375 -5.21656 37
    endloop
  endfacet
  facet normal 0 -1 -0
    outer loop
      vertex -40.875 -5.21656 37
      vertex -45.375 -5.21656 36
      vertex -40.875 -5.21656 36
    endloop
  endfacet
  facet normal -0 0 1
    outer loop
      vertex -45.375 7.55958 38
      vertex -40.875 5.07733 38
      vertex -40.875 7.55958 38
    endloop
  endfacet
  facet normal 0 0 1
    outer loop
      vertex -40.875 5.07733 38
      vertex -45.375 7.55958 38
      vertex -45.375 5.07733 38
    endloop
  endfacet
  facet normal -0 0 1
    outer loop
      vertex -45.375 -5.07733 38
      vertex -40.875 -7.55958 38
      vertex -40.875 -5.07733 38
    endloop
  endfacet
  facet normal 0 0 1
    outer loop
      vertex -40.875 -7.55958 38
      vertex -45.375 -5.07733 38
      vertex -45.375 -7.55958 38
    endloop
  endfacet
  facet normal 0 1 -0
    outer loop
      vertex -40.875 7.55958 37
      vertex -45.375 7.55958 38
      vertex -40.875 7.55958 38
    endloop
  endfacet
  facet normal 0 1 0
    outer loop
      vertex -45.375 7.55958 38
      vertex -40.875 7.55958 37
      vertex -45.375 7.55958 37
    endloop
  endfacet
  facet normal 0 -1 0
    outer loop
      vertex -45.375 -7.55958 37
      vertex -40.875 -7.55958 38
      vertex -45.375 -7.55958 38
    endloop
  endfacet
  facet normal 0 -1 -0
    outer loop
      vertex -40.875 -7.55958 38
      vertex -45.375 -7.55958 37
      vertex -40.875 -7.55958 37
    endloop
  endfacet
  facet normal 0 0 -1
    outer loop
      vertex -45.375 5.07733 39
      vertex -40.875 7.35509 39
      vertex -40.875 5.07733 39
    endloop
  endfacet
  facet normal -0 0 -1
    outer loop
      vertex -40.875 7.35509 39
      vertex -45.375 5.07733 39
      vertex -45.375 7.35509 39
    endloop
  endfacet
  facet normal 0 0 -1
    outer loop
      vertex -45.375 -7.35509 39
      vertex -40.875 -5.07733 39
      vertex -40.875 -7.35509 39
    endloop
  endfacet
  facet normal -0 0 -1
    outer loop
      vertex -40.875 -5.07733 39
      vertex -45.375 -7.35509 39
      vertex -45.375 -5.07733 39
    endloop
  endfacet
  facet normal 0 1 -0
    outer loop
      vertex -40.875 5.07733 38
      vertex -45.375 5.07733 39
      vertex -40.875 5.07733 39
    endloop
  endfacet
  facet normal 0 1 0
    outer loop
      vertex -45.375 5.07733 39
      vertex -40.875 5.07733 38
      vertex -45.375 5.07733 38
    endloop
  endfacet
  facet normal 0 -1 0
    outer loop
      vertex -45.375 -5.07733 38
      vertex -40.875 -5.07733 39
      vertex -45.375 -5.07733 39
    endloop
  endfacet
  facet normal 0 -1 -0
    outer loop
      vertex -40.875 -5.07733 39
      vertex -45.375 -5.07733 38
      vertex -40.875 -5.07733 38
    endloop
  endfacet
  facet normal -0 0 1
    outer loop
      vertex -45.375 7.35509 40
      vertex -40.875 4.9381 40
      vertex -40.875 7.35509 40
    endloop
  endfacet
  facet normal 0 0 1
    outer loop
      vertex -40.875 4.9381 40
      vertex -45.375 7.35509 40
      vertex -45.375 4.9381 40
    endloop
  endfacet
  facet normal -0 0 1
    outer loop
      vertex -45.375 -4.9381 40
      vertex -40.875 -7.35509 40
      vertex -40.875 -4.9381 40
    endloop
  endfacet
  facet normal 0 0 1
    outer loop
      vertex -40.875 -7.35509 40
      vertex -45.375 -4.9381 40
      vertex -45.375 -7.35509 40
    endloop
  endfacet
  facet normal 0 1 -0
    outer loop
      vertex -40.875 7.35509 39
      vertex -45.375 7.35509 40
      vertex -40.875 7.35509 40
    endloop
  endfacet
  facet normal 0 1 0
    outer loop
      vertex -45.375 7.35509 40
      vertex -40.875 7.35509 39
      vertex -45.375 7.35509 39
    endloop
  endfacet
  facet normal 0 -1 0
    outer loop
      vertex -45.375 -7.35509 39
      vertex -40.875 -7.35509 40
      vertex -45.375 -7.35509 40
    endloop
  endfacet
  facet normal 0 -1 -0
    outer loop
      vertex -40.875 -7.35509 40
      vertex -45.375 -7.35509 39
      vertex -40.875 -7.35509 39
    endloop
  endfacet
  facet normal 0 0 -1
    outer loop
      vertex -45.375 4.9381 41
      vertex -40.875 7.1506 41
      vertex -40.875 4.9381 41
    endloop
  endfacet
  facet normal -0 0 -1
    outer loop
      vertex -40.875 7.1506 41
      vertex -45.375 4.9381 41
      vertex -45.375 7.1506 41
    endloop
  endfacet
  facet normal 0 0 -1
    outer loop
      vertex -45.375 -7.1506 41
      vertex -40.875 -4.9381 41
      vertex -40.875 -7.1506 41
    endloop
  endfacet
  facet normal -0 0 -1
    outer loop
      vertex -40.875 -4.9381 41
      vertex -45.375 -7.1506 41
      vertex -45.375 -4.9381 41
    endloop
  endfacet
  facet normal 0 1 -0
    outer loop
      vertex -40.875 4.9381 40
      vertex -45.375 4.9381 41
      vertex -40.875 4.9381 41
    endloop
  endfacet
  facet normal 0 1 0
    outer loop
      vertex -45.375 4.9381 41
      vertex -40.875 4.9381 40
      vertex -45.375 4.9381 40
    endloop
  endfacet
  facet normal 0 -1 0
    outer loop
      vertex -45.375 -4.9381 40
      vertex -40.875 -4.9381 41
      vertex -45.375 -4.9381 41
    endloop
  endfacet
  facet normal 0 -1 -0
    outer loop
      vertex -40.875 -4.9381 41
      vertex -45.375 -4.9381 40
      vertex -40.875 -4.9381 40
    endloop
  endfacet
  facet normal -0 0 1
    outer loop
      vertex -45.375 7.1506 42
      vertex -40.875 4.79888 42
      vertex -40.875 7.1506 42
    endloop
  endfacet
  facet normal 0 0 1
    outer loop
      vertex -40.875 4.79888 42
      vertex -45.375 7.1506 42
      vertex -45.375 4.79888 42
    endloop
  endfacet
  facet normal -0 0 1
    outer loop
      vertex -45.375 -4.79888 42
      vertex -40.875 -7.1506 42
      vertex -40.875 -4.79888 42
    endloop
  endfacet
  facet normal 0 0 1
    outer loop
      vertex -40.875 -7.1506 42
      vertex -45.375 -4.79888 42
      vertex -45.375 -7.1506 42
    endloop
  endfacet
  facet normal 0 1 -0
    outer loop
      vertex -40.875 7.1506 41
      vertex -45.375 7.1506 42
      vertex -40.875 7.1506 42
    endloop
  endfacet
  facet normal 0 1 0
    outer loop
      vertex -45.375 7.1506 42
      vertex -40.875 7.1506 41
      vertex -45.375 7.1506 41
    endloop
  endfacet
  facet normal 0 -1 0
    outer loop
      vertex -45.375 -7.1506 41
      vertex -40.875 -7.1506 42
      vertex -45.375 -7.1506 42
    endloop
  endfacet
  facet normal 0 -1 -0
    outer loop
      vertex -40.875 -7.1506 42
      vertex -45.375 -7.1506 41
      vertex -40.875 -7.1506 41
    endloop
  endfacet
  facet normal 0 0 -1
    outer loop
      vertex -45.375 4.79888 43
      vertex -40.875 6.94611 43
      vertex -40.875 4.79888 43
    endloop
  endfacet
  facet normal -0 0 -1
    outer loop
      vertex -40.875 6.94611 43
      vertex -45.375 4.79888 43
      vertex -45.375 6.94611 43
    endloop
  endfacet
  facet normal 0 0 -1
    outer loop
      vertex -45.375 -6.94611 43
      vertex -40.875 -4.79888 43
      vertex -40.875 -6.94611 43
    endloop
  endfacet
  facet normal -0 0 -1
    outer loop
      vertex -40.875 -4.79888 43
      vertex -45.375 -6.94611 43
      vertex -45.375 -4.79888 43
    endloop
  endfacet
  facet normal 0 1 -0
    outer loop
      vertex -40.875 4.79888 42
      vertex -45.375 4.79888 43
      vertex -40.875 4.79888 43
    endloop
  endfacet
  facet normal 0 1 0
    outer loop
      vertex -45.375 4.79888 43
      vertex -40.875 4.79888 42
      vertex -45.375 4.79888 42
    endloop
  endfacet
  facet normal 0 -1 0
    outer loop
      vertex -45.375 -4.79888 42
      vertex -40.875 -4.79888 43
      vertex -45.375 -4.79888 43
    endloop
  endfacet
  facet normal 0 -1 -0
    outer loop
      vertex -40.875 -4.79888 43
      vertex -45.375 -4.79888 42
      vertex -40.875 -4.79888 42
    endloop
  endfacet
  facet normal -0 0 1
    outer loop
      vertex -45.375 6.94611 44
      vertex -40.875 4.65965 44
      vertex -40.875 6.94611 44
    endloop
  endfacet
  facet normal 0 0 1
    outer loop
      vertex -40.875 4.65965 44
      vertex -45.375 6.94611 44
      vertex -45.375 4.65965 44
    endloop
  endfacet
  facet normal -0 0 1
    outer loop
      vertex -45.375 -4.65965 44
      vertex -40.875 -6.94611 44
      vertex -40.875 -4.65965 44
    endloop
  endfacet
  facet normal 0 0 1
    outer loop
      vertex -40.875 -6.94611 44
      vertex -45.375 -4.65965 44
      vertex -45.375 -6.94611 44
    endloop
  endfacet
  facet normal 0 1 -0
    outer loop
      vertex -40.875 6.94611 43
      vertex -45.375 6.94611 44
      vertex -40.875 6.94611 44
    endloop
  endfacet
  facet normal 0 1 0
    outer loop
      vertex -45.375 6.94611 44
      vertex -40.875 6.94611 43
      vertex -45.375 6.94611 43
    endloop
  endfacet
  facet normal 0 -1 0
    outer loop
      vertex -45.375 -6.94611 43
      vertex -40.875 -6.94611 44
      vertex -45.375 -6.94611 44
    endloop
  endfacet
  facet normal 0 -1 -0
    outer loop
      vertex -40.875 -6.94611 44
      vertex -45.375 -6.94611 43
      vertex -40.875 -6.94611 43
    endloop
  endfacet
  facet normal 0 0 -1
    outer loop
      vertex -45.375 4.65965 45
      vertex -40.875 6.74161 45
      vertex -40.875 4.65965 45
    endloop
  endfacet
  facet normal -0 0 -1
    outer loop
      vertex -40.875 6.74161 45
      vertex -45.375 4.65965 45
      vertex -45.375 6.74161 45
    endloop
  endfacet
  facet normal 0 0 -1
    outer loop
      vertex -45.375 -6.74161 45
      vertex -40.875 -4.65965 45
      vertex -40.875 -6.74161 45
    endloop
  endfacet
  facet normal -0 0 -1
    outer loop
      vertex -40.875 -4.65965 45
      vertex -45.375 -6.74161 45
      vertex -45.375 -4.65965 45
    endloop
  endfacet
  facet normal 0 1 -0
    outer loop
      vertex -40.875 4.65965 44
      vertex -45.375 4.65965 45
      vertex -40.875 4.65965 45
    endloop
  endfacet
  facet normal 0 1 0
    outer loop
      vertex -45.375 4.65965 45
      vertex -40.875 4.65965 44
      vertex -45.375 4.65965 44
    endloop
  endfacet
  facet normal 0 -1 0
    outer loop
      vertex -45.375 -4.65965 44
      vertex -40.875 -4.65965 45
      vertex -45.375 -4.65965 45
    endloop
  endfacet
  facet normal 0 -1 -0
    outer loop
      vertex -40.875 -4.65965 45
      vertex -45.375 -4.65965 44
      vertex -40.875 -4.65965 44
    endloop
  endfacet
  facet normal -0 0 1
    outer loop
      vertex -45.375 6.74161 46
      vertex -40.875 4.52042 46
      vertex -40.875 6.74161 46
    endloop
  endfacet
  facet normal 0 0 1
    outer loop
      vertex -40.875 4.52042 46
      vertex -45.375 6.74161 46
      vertex -45.375 4.52042 46
    endloop
  endfacet
  facet normal -0 0 1
    outer loop
      vertex -45.375 -4.52042 46
      vertex -40.875 -6.74161 46
      vertex -40.875 -4.52042 46
    endloop
  endfacet
  facet normal 0 0 1
    outer loop
      vertex -40.875 -6.74161 46
      vertex -45.375 -4.52042 46
      vertex -45.375 -6.74161 46
    endloop
  endfacet
  facet normal 0 1 -0
    outer loop
      vertex -40.875 6.74161 45
      vertex -45.375 6.74161 46
      vertex -40.875 6.74161 46
    endloop
  endfacet
  facet normal 0 1 0
    outer loop
      vertex -45.375 6.74161 46
      vertex -40.875 6.74161 45
      vertex -45.375 6.74161 45
    endloop
  endfacet
  facet normal 0 -1 0
    outer loop
      vertex -45.375 -6.74161 45
      vertex -40.875 -6.74161 46
      vertex -45.375 -6.74161 46
    endloop
  endfacet
  facet normal 0 -1 -0
    outer loop
      vertex -40.875 -6.74161 46
      vertex -45.375 -6.74161 45
      vertex -40.875 -6.74161 45
    endloop
  endfacet
  facet normal 0 0 -1
    outer loop
      vertex -45.375 4.52042 47
      vertex -40.875 6.53712 47
      vertex -40.875 4.52042 47
    endloop
  endfacet
  facet normal -0 0 -1
    outer loop
      vertex -40.875 6.53712 47
      vertex -45.375 4.52042 47
      vertex -45.375 6.53712 47
    endloop
  endfacet
  facet normal 0 0 -1
    outer loop
      vertex -45.375 -6.53712 47
      vertex -40.875 -4.52042 47
      vertex -40.875 -6.53712 47
    endloop
  endfacet
  facet normal -0 0 -1
    outer loop
      vertex -40.875 -4.52042 47
      vertex -45.375 -6.53712 47
      vertex -45.375 -4.52042 47
    endloop
  endfacet
  facet normal 0 1 -0
    outer loop
      vertex -40.875 4.52042 46
      vertex -45.375 4.52042 47
      vertex -40.875 4.52042 47
    endloop
  endfacet
  facet normal 0 1 0
    outer loop
      vertex -45.375 4.52042 47
      vertex -40.875 4.52042 46
      vertex -45.375 4.52042 46
    endloop
  endfacet
  facet normal 0 -1 0
    outer loop
      vertex -45.375 -4.52042 46
      vertex -40.875 -4.52042 47
      vertex -45.375 -4.52042 47
    endloop
  endfacet
  facet normal 0 -1 -0
    outer loop
      vertex -40.875 -4.52042 47
      vertex -45.375 -4.52042 46
      vertex -40.875 -4.52042 46
    endloop
  endfacet
  facet normal -0 0 1
    outer loop
      vertex -45.375 6.53712 48
      vertex -40.875 4.38119 48
      vertex -40.875 6.53712 48
    endloop
  endfacet
  facet normal 0 0 1
    outer loop
      vertex -40.875 4.38119 48
      vertex -45.375 6.53712 48
      vertex -45.375 4.38119 48
    endloop
  endfacet
  facet normal -0 0 1
    outer loop
      vertex -45.375 -4.38119 48
      vertex -40.875 -6.53712 48
      vertex -40.875 -4.38119 48
    endloop
  endfacet
  facet normal 0 0 1
    outer loop
      vertex -40.875 -6.53712 48
      vertex -45.375 -4.38119 48
      vertex -45.375 -6.53712 48
    endloop
  endfacet
  facet normal 0 1 -0
    outer loop
      vertex -40.875 6.53712 47
      vertex -45.375 6.53712 48
      vertex -40.875 6.53712 48
    endloop
  endfacet
  facet normal 0 1 0
    outer loop
      vertex -45.375 6.53712 48
      vertex -40.875 6.53712 47
      vertex -45.375 6.53712 47
    endloop
  endfacet
  facet normal 0 -1 0
    outer loop
      vertex -45.375 -6.53712 47
      vertex -40.875 -6.53712 48
      vertex -45.375 -6.53712 48
    endloop
  endfacet
  facet normal 0 -1 -0
    outer loop
      vertex -40.875 -6.53712 48
      vertex -45.375 -6.53712 47
      vertex -40.875 -6.53712 47
    endloop
  endfacet
  facet normal 0 0 -1
    outer loop
      vertex -45.375 4.38119 49
      vertex -40.875 6.33263 49
      vertex -40.875 4.38119 49
    endloop
  endfacet
  facet normal -0 0 -1
    outer loop
      vertex -40.875 6.33263 49
      vertex -45.375 4.38119 49
      vertex -45.375 6.33263 49
    endloop
  endfacet
  facet normal 0 0 -1
    outer loop
      vertex -45.375 -6.33263 49
      vertex -40.875 -4.38119 49
      vertex -40.875 -6.33263 49
    endloop
  endfacet
  facet normal -0 0 -1
    outer loop
      vertex -40.875 -4.38119 49
      vertex -45.375 -6.33263 49
      vertex -45.375 -4.38119 49
    endloop
  endfacet
  facet normal 0 1 -0
    outer loop
      vertex -40.875 4.38119 48
      vertex -45.375 4.38119 49
      vertex -40.875 4.38119 49
    endloop
  endfacet
  facet normal 0 1 0
    outer loop
      vertex -45.375 4.38119 49
      vertex -40.875 4.38119 48
      vertex -45.375 4.38119 48
    endloop
  endfacet
  facet normal 0 -1 0
    outer loop
      vertex -45.375 -4.38119 48
      vertex -40.875 -4.38119 49
      vertex -45.375 -4.38119 49
    endloop
  endfacet
  facet normal 0 -1 -0
    outer loop
      vertex -40.875 -4.38119 49
      vertex -45.375 -4.38119 48
      vertex -40.875 -4.38119 48
    endloop
  endfacet
  facet normal -0 0 1
    outer loop
      vertex -45.375 6.33263 50
      vertex -40.875 4.24196 50
      vertex -40.875 6.33263 50
    endloop
  endfacet
  facet normal 0 0 1
    outer loop
      vertex -40.875 4.24196 50
      vertex -45.375 6.33263 50
      vertex -45.375 4.24196 50
    endloop
  endfacet
  facet normal -0 0 1
    outer loop
      vertex -45.375 -4.24196 50
      vertex -40.875 -6.33263 50
      vertex -40.875 -4.24196 50
    endloop
  endfacet
  facet normal 0 0 1
    outer loop
      vertex -40.875 -6.33263 50
      vertex -45.375 -4.24196 50
      vertex -45.375 -6.33263 50
    endloop
  endfacet
  facet normal 0 1 -0
    outer loop
      vertex -40.875 6.33263 49
      vertex -45.375 6.33263 50
      vertex -40.875 6.33263 50
    endloop
  endfacet
  facet normal 0 1 0
    outer loop
      vertex -45.375 6.33263 50
      vertex -40.875 6.33263 49
      vertex -45.375 6.33263 49
    endloop
  endfacet
  facet normal 0 -1 0
    outer loop
      vertex -45.375 -6.33263 49
      vertex -40.875 -6.33263 50
      vertex -45.375 -6.33263 50
    endloop
  endfacet
  facet normal 0 -1 -0
    outer loop
      vertex -40.875 -6.33263 50
      vertex -45.375 -6.33263 49
      vertex -40.875 -6.33263 49
    endloop
  endfacet
  facet normal 0 0 -1
    outer loop
      vertex -45.375 4.24196 51
      vertex -40.875 6.12814 51
      vertex -40.875 4.24196 51
    endloop
  endfacet
  facet normal -0 0 -1
    outer loop
      vertex -40.875 6.12814 51
      vertex -45.375 4.24196 51
      vertex -45.375 6.12814 51
    endloop
  endfacet
  facet normal 0 0 -1
    outer loop
      vertex -45.375 -6.12814 51
      vertex -40.875 -4.24196 51
      vertex -40.875 -6.12814 51
    endloop
  endfacet
  facet normal -0 0 -1
    outer loop
      vertex -40.875 -4.24196 51
      vertex -45.375 -6.12814 51
      vertex -45.375 -4.24196 51
    endloop
  endfacet
  facet normal 0 1 -0
    outer loop
      vertex -40.875 4.24196 50
      vertex -45.375 4.24196 51
      vertex -40.875 4.24196 51
    endloop
  endfacet
  facet normal 0 1 0
    outer loop
      vertex -45.375 4.24196 51
      vertex -40.875 4.24196 50
      vertex -45.375 4.24196 50
    endloop
  endfacet
  facet normal 0 -1 0
    outer loop
      vertex -45.375 -4.24196 50
      vertex -40.875 -4.24196 51
      vertex -45.375 -4.24196 51
    endloop
  endfacet
  facet normal 0 -1 -0
    outer loop
      vertex -40.875 -4.24196 51
      vertex -45.375 -4.24196 50
      vertex -40.875 -4.24196 50
    endloop
  endfacet
  facet normal -0 0 1
    outer loop
      vertex -45.375 6.12814 52
      vertex -40.875 4.10274 52
      vertex -40.875 6.12814 52
    endloop
  endfacet
  facet normal 0 0 1
    outer loop
      vertex -40.875 4.10274 52
      vertex -45.375 6.12814 52
      vertex -45.375 4.10274 52
    endloop
  endfacet
  facet normal -0 0 1
    outer loop
      vertex -45.375 -4.10274 52
      vertex -40.875 -6.12814 52
      vertex -40.875 -4.10274 52
    endloop
  endfacet
  facet normal 0 0 1
    outer loop
      vertex -40.875 -6.12814 52
      vertex -45.375 -4.10274 52
      vertex -45.375 -6.12814 52
    endloop
  endfacet
  facet normal 0 1 -0
    outer loop
      vertex -40.875 6.12814 51
      vertex -45.375 6.12814 52
      vertex -40.875 6.12814 52
    endloop
  endfacet
  facet normal 0 1 0
    outer loop
      vertex -45.375 6.12814 52
      vertex -40.875 6.12814 51
      vertex -45.375 6.12814 51
    endloop
  endfacet
  facet normal 0 -1 0
    outer loop
      vertex -45.375 -6.12814 51
      vertex -40.875 -6.12814 52
      vertex -45.375 -6.12814 52
    endloop
  endfacet
  facet normal 0 -1 -0
    outer loop
      vertex -40.875 -6.12814 52
      vertex -45.375 -6.12814 51
      vertex -40.875 -6.12814 51
    endloop
  endfacet
  facet normal 0 0 -1
    outer loop
      vertex -45.375 4.10274 53
      vertex -40.875 5.92365 53
      vertex -40.875 4.10274 53
    endloop
  endfacet
  facet normal -0 0 -1
    outer loop
      vertex -40.875 5.92365 53
      vertex -45.375 4.10274 53
      vertex -45.375 5.92365 53
    endloop
  endfacet
  facet normal 0 0 -1
    outer loop
      vertex -45.375 -5.92365 53
      vertex -40.875 -4.10274 53
      vertex -40.875 -5.92365 53
    endloop
  endfacet
  facet normal -0 0 -1
    outer loop
      vertex -40.875 -4.10274 53
      vertex -45.375 -5.92365 53
      vertex -45.375 -4.10274 53
    endloop
  endfacet
  facet normal 0 1 -0
    outer loop
      vertex -40.875 4.10274 52
      vertex -45.375 4.10274 53
      vertex -40.875 4.10274 53
    endloop
  endfacet
  facet normal 0 1 0
    outer loop
      vertex -45.375 4.10274 53
      vertex -40.875 4.10274 52
      vertex -45.375 4.10274 52
    endloop
  endfacet
  facet normal 0 -1 0
    outer loop
      vertex -45.375 -4.10274 52
      vertex -40.875 -4.10274 53
      vertex -45.375 -4.10274 53
    endloop
  endfacet
  facet normal 0 -1 -0
    outer loop
      vertex -40.875 -4.10274 53
      vertex -45.375 -4.10274 52
      vertex -40.875 -4.10274 52
    endloop
  endfacet
  facet normal -0 0 1
    outer loop
      vertex -45.375 5.92365 54
      vertex -40.875 3.96351 54
      vertex -40.875 5.92365 54
    endloop
  endfacet
  facet normal 0 0 1
    outer loop
      vertex -40.875 3.96351 54
      vertex -45.375 5.92365 54
      vertex -45.375 3.96351 54
    endloop
  endfacet
  facet normal -0 0 1
    outer loop
      vertex -45.375 -3.96351 54
      vertex -40.875 -5.92365 54
      vertex -40.875 -3.96351 54
    endloop
  endfacet
  facet normal 0 0 1
    outer loop
      vertex -40.875 -5.92365 54
      vertex -45.375 -3.96351 54
      vertex -45.375 -5.92365 54
    endloop
  endfacet
  facet normal 0 1 -0
    outer loop
      vertex -40.875 5.92365 53
      vertex -45.375 5.92365 54
      vertex -40.875 5.92365 54
    endloop
  endfacet
  facet normal 0 1 0
    outer loop
      vertex -45.375 5.92365 54
      vertex -40.875 5.92365 53
      vertex -45.375 5.92365 53
    endloop
  endfacet
  facet normal 0 -1 0
    outer loop
      vertex -45.375 -5.92365 53
      vertex -40.875 -5.92365 54
      vertex -45.375 -5.92365 54
    endloop
  endfacet
  facet normal 0 -1 -0
    outer loop
      vertex -40.875 -5.92365 54
      vertex -45.375 -5.92365 53
      vertex -40.875 -5.92365 53
    endloop
  endfacet
  facet normal 0 0 -1
    outer loop
      vertex -45.375 3.96351 55
      vertex -40.875 5.71916 55
      vertex -40.875 3.96351 55
    endloop
  endfacet
  facet normal -0 0 -1
    outer loop
      vertex -40.875 5.71916 55
      vertex -45.375 3.96351 55
      vertex -45.375 5.71916 55
    endloop
  endfacet
  facet normal 0 0 -1
    outer loop
      vertex -45.375 -5.71916 55
      vertex -40.875 -3.96351 55
      vertex -40.875 -5.71916 55
    endloop
  endfacet
  facet normal -0 0 -1
    outer loop
      vertex -40.875 -3.96351 55
      vertex -45.375 -5.71916 55
      vertex -45.375 -3.96351 55
    endloop
  endfacet
  facet normal 0 1 -0
    outer loop
      vertex -40.875 3.96351 54
      vertex -45.375 3.96351 55
      vertex -40.875 3.96351 55
    endloop
  endfacet
  facet normal 0 1 0
    outer loop
      vertex -45.375 3.96351 55
      vertex -40.875 3.96351 54
      vertex -45.375 3.96351 54
    endloop
  endfacet
  facet normal 0 -1 0
    outer loop
      vertex -45.375 -3.96351 54
      vertex -40.875 -3.96351 55
      vertex -45.375 -3.96351 55
    endloop
  endfacet
  facet normal 0 -1 -0
    outer loop
      vertex -40.875 -3.96351 55
      vertex -45.375 -3.96351 54
      vertex -40.875 -3.96351 54
    endloop
  endfacet
  facet normal -0 0 1
    outer loop
      vertex -45.375 5.71916 56
      vertex -40.875 3.82428 56
      vertex -40.875 5.71916 56
    endloop
  endfacet
  facet normal 0 0 1
    outer loop
      vertex -40.875 3.82428 56
      vertex -45.375 5.71916 56
      vertex -45.375 3.82428 56
    endloop
  endfacet
  facet normal -0 0 1
    outer loop
      vertex -45.375 -3.82428 56
      vertex -40.875 -5.71916 56
      vertex -40.875 -3.82428 56
    endloop
  endfacet
  facet normal 0 0 1
    outer loop
      vertex -40.875 -5.71916 56
      vertex -45.375 -3.82428 56
      vertex -45.375 -5.71916 56
    endloop
  endfacet
  facet normal 0 1 -0
    outer loop
      vertex -40.875 5.71916 55
      vertex -45.375 5.71916 56
      vertex -40.875 5.71916 56
    endloop
  endfacet
  facet normal 0 1 0
    outer loop
      vertex -45.375 5.71916 56
      vertex -40.875 5.71916 55
      vertex -45.375 5.71916 55
    endloop
  endfacet
  facet normal 0 -1 0
    outer loop
      vertex -45.375 -5.71916 55
      vertex -40.875 -5.71916 56
      vertex -45.375 -5.71916 56
    endloop
  endfacet
  facet normal 0 -1 -0
    outer loop
      vertex -40.875 -5.71916 56
      vertex -45.375 -5.71916 55
      vertex -40.875 -5.71916 55
    endloop
  endfacet
  facet normal 0 0 -1
    outer loop
      vertex -45.375 3.82428 57
      vertex -40.875 5.51467 57
      vertex -40.875 3.82428 57
    endloop
  endfacet
  facet normal -0 0 -1
    outer loop
      vertex -40.875 5.51467 57
      vertex -45.375 3.82428 57
      vertex -45.375 5.51467 57
    endloop
  endfacet
  facet normal 0 0 -1
    outer loop
      vertex -45.375 -5.51467 57
      vertex -40.875 -3.82428 57
      vertex -40.875 -5.51467 57
    endloop
  endfacet
  facet normal -0 0 -1
    outer loop
      vertex -40.875 -3.82428 57
      vertex -45.375 -5.51467 57
      vertex -45.375 -3.82428 57
    endloop
  endfacet
  facet normal 0 1 -0
    outer loop
      vertex -40.875 3.82428 56
      vertex -45.375 3.82428 57
      vertex -40.875 3.82428 57
    endloop
  endfacet
  facet normal 0 1 0
    outer loop
      vertex -45.375 3.82428 57
      vertex -40.875 3.82428 56
      vertex -45.375 3.82428 56
    endloop
  endfacet
  facet normal 0 -1 0
    outer loop
      vertex -45.375 -3.82428 56
      vertex -40.875 -3.82428 57
      vertex -45.375 -3.82428 57
    endloop
  endfacet
  facet normal 0 -1 -0
    outer loop
      vertex -40.875 -3.82428 57
      vertex -45.375 -3.82428 56
      vertex -40.875 -3.82428 56
    endloop
  endfacet
  facet normal -0 0 1
    outer loop
      vertex -45.375 5.51467 58
      vertex -40.875 3.68505 58
      vertex -40.875 5.51467 58
    endloop
  endfacet
  facet normal 0 0 1
    outer loop
      vertex -40.875 3.68505 58
      vertex -45.375 5.51467 58
      vertex -45.375 3.68505 58
    endloop
  endfacet
  facet normal -0 0 1
    outer loop
      vertex -45.375 -3.68505 58
      vertex -40.875 -5.51467 58
      vertex -40.875 -3.68505 58
    endloop
  endfacet
  facet normal 0 0 1
    outer loop
      vertex -40.875 -5.51467 58
      vertex -45.375 -3.68505 58
      vertex -45.375 -5.51467 58
    endloop
  endfacet
  facet normal 0 1 -0
    outer loop
      vertex -40.875 5.51467 57
      vertex -45.375 5.51467 58
      vertex -40.875 5.51467 58
    endloop
  endfacet
  facet normal 0 1 0
    outer loop
      vertex -45.375 5.51467 58
      vertex -40.875 5.51467 57
      vertex -45.375 5.51467 57
    endloop
  endfacet
  facet normal 0 -1 0
    outer loop
      vertex -45.375 -5.51467 57
      vertex -40.875 -5.51467 58
      vertex -45.375 -5.51467 58
    endloop
  endfacet
  facet normal 0 -1 -0
    outer loop
      vertex -40.875 -5.51467 58
      vertex -45.375 -5.51467 57
      vertex -40.875 -5.51467 57
    endloop
  endfacet
  facet normal 0 0 -1
    outer loop
      vertex -45.375 3.68505 59
      vertex -40.875 5.31017 59
      vertex -40.875 3.68505 59
    endloop
  endfacet
  facet normal -0 0 -1
    outer loop
      vertex -40.875 5.31017 59
      vertex -45.375 3.68505 59
      vertex -45.375 5.31017 59
    endloop
  endfacet
  facet normal 0 0 -1
    outer loop
      vertex -45.375 -5.31017 59
      vertex -40.875 -3.68505 59
      vertex -40.875 -5.31017 59
    endloop
  endfacet
  facet normal -0 0 -1
    outer loop
      vertex -40.875 -3.68505 59
      vertex -45.375 -5.31017 59
      vertex -45.375 -3.68505 59
    endloop
  endfacet
  facet normal 0 1 -0
    outer loop
      vertex -40.875 3.68505 58
      vertex -45.375 3.68505 59
      vertex -40.875 3.68505 59
    endloop
  endfacet
  facet normal 0 1 0
    outer loop
      vertex -45.375 3.68505 59
      vertex -40.875 3.68505 58
      vertex -45.375 3.68505 58
    endloop
  endfacet
  facet normal 0 -1 0
    outer loop
      vertex -45.375 -3.68505 58
      vertex -40.875 -3.68505 59
      vertex -45.375 -3.68505 59
    endloop
  endfacet
  facet normal 0 -1 -0
    outer loop
      vertex -40.875 -3.68505 59
      vertex -45.375 -3.68505 58
      vertex -40.875 -3.68505 58
    endloop
  endfacet
  facet normal -0 0 1
    outer loop
      vertex -45.375 5.31017 60
      vertex -40.875 3.54582 60
      vertex -40.875 5.31017 60
    endloop
  endfacet
  facet normal 0 0 1
    outer loop
      vertex -40.875 3.54582 60
      vertex -45.375 5.31017 60
      vertex -45.375 3.54582 60
    endloop
  endfacet
  facet normal -0 0 1
    outer loop
      vertex -45.375 -3.54582 60
      vertex -40.875 -5.31017 60
      vertex -40.875 -3.54582 60
    endloop
  endfacet
  facet normal 0 0 1
    outer loop
      vertex -40.875 -5.31017 60
      vertex -45.375 -3.54582 60
      vertex -45.375 -5.31017 60
    endloop
  endfacet
  facet normal 0 1 -0
    outer loop
      vertex -40.875 5.31017 59
      vertex -45.375 5.31017 60
      vertex -40.875 5.31017 60
    endloop
  endfacet
  facet normal 0 1 0
    outer loop
      vertex -45.375 5.31017 60
      vertex -40.875 5.31017 59
      vertex -45.375 5.31017 59
    endloop
  endfacet
  facet normal 0 -1 0
    outer loop
      vertex -45.375 -5.31017 59
      vertex -40.875 -5.31017 60
      vertex -45.375 -5.31017 60
    endloop
  endfacet
  facet normal 0 -1 -0
    outer loop
      vertex -40.875 -5.31017 60
      vertex -45.375 -5.31017 59
      vertex -40.875 -5.31017 59
    endloop
  endfacet
  facet normal 0 0 -1
    outer loop
      vertex -45.375 3.54582 61
      vertex -40.875 5.10568 61
      vertex -40.875 3.54582 61
    endloop
  endfacet
  facet normal -0 0 -1
    outer loop
      vertex -40.875 5.10568 61
      vertex -45.375 3.54582 61
      vertex -45.375 5.10568 61
    endloop
  endfacet
  facet normal 0 0 -1
    outer loop
      vertex -45.375 -5.10568 61
      vertex -40.875 -3.54582 61
      vertex -40.875 -5.10568 61
    endloop
  endfacet
  facet normal -0 0 -1
    outer loop
      vertex -40.875 -3.54582 61
      vertex -45.375 -5.10568 61
      vertex -45.375 -3.54582 61
    endloop
  endfacet
  facet normal 0 1 -0
    outer loop
      vertex -40.875 3.54582 60
      vertex -45.375 3.54582 61
      vertex -40.875 3.54582 61
    endloop
  endfacet
  facet normal 0 1 0
    outer loop
      vertex -45.375 3.54582 61
      vertex -40.875 3.54582 60
      vertex -45.375 3.54582 60
    endloop
  endfacet
  facet normal 0 -1 0
    outer loop
      vertex -45.375 -3.54582 60
      vertex -40.875 -3.54582 61
      vertex -45.375 -3.54582 61
    endloop
  endfacet
  facet normal 0 -1 -0
    outer loop
      vertex -40.875 -3.54582 61
      vertex -45.375 -3.54582 60
      vertex -40.875 -3.54582 60
    endloop
  endfacet
  facet normal -0 0 1
    outer loop
      vertex -45.375 5.10568 62
      vertex -40.875 3.4066 62
      vertex -40.875 5.10568 62
    endloop
  endfacet
  facet normal 0 0 1
    outer loop
      vertex -40.875 3.4066 62
      vertex -45.375 5.10568 62
      vertex -45.375 3.4066 62
    endloop
  endfacet
  facet normal -0 0 1
    outer loop
      vertex -45.375 -3.4066 62
      vertex -40.875 -5.10568 62
      vertex -40.875 -3.4066 62
    endloop
  endfacet
  facet normal 0 0 1
    outer loop
      vertex -40.875 -5.10568 62
      vertex -45.375 -3.4066 62
      vertex -45.375 -5.10568 62
    endloop
  endfacet
  facet normal 0 1 -0
    outer loop
      vertex -40.875 5.10568 61
      vertex -45.375 5.10568 62
      vertex -40.875 5.10568 62
    endloop
  endfacet
  facet normal 0 1 0
    outer loop
      vertex -45.375 5.10568 62
      vertex -40.875 5.10568 61
      vertex -45.375 5.10568 61
    endloop
  endfacet
  facet normal 0 -1 0
    outer loop
      vertex -45.375 -5.10568 61
      vertex -40.875 -5.10568 62
      vertex -45.375 -5.10568 62
    endloop
  endfacet
  facet normal 0 -1 -0
    outer loop
      vertex -40.875 -5.10568 62
      vertex -45.375 -5.10568 61
      vertex -40.875 -5.10568 61
    endloop
  endfacet
  facet normal 0 0 -1
    outer loop
      vertex -45.375 3.4066 63
      vertex -40.875 4.90119 63
      vertex -40.875 3.4066 63
    endloop
  endfacet
  facet normal -0 0 -1
    outer loop
      vertex -40.875 4.90119 63
      vertex -45.375 3.4066 63
      vertex -45.375 4.90119 63
    endloop
  endfacet
  facet normal 0 0 -1
    outer loop
      vertex -45.375 -4.90119 63
      vertex -40.875 -3.4066 63
      vertex -40.875 -4.90119 63
    endloop
  endfacet
  facet normal -0 0 -1
    outer loop
      vertex -40.875 -3.4066 63
      vertex -45.375 -4.90119 63
      vertex -45.375 -3.4066 63
    endloop
  endfacet
  facet normal 0 1 -0
    outer loop
      vertex -40.875 3.4066 62
      vertex -45.375 3.4066 63
      vertex -40.875 3.4066 63
    endloop
  endfacet
  facet normal 0 1 0
    outer loop
      vertex -45.375 3.4066 63
      vertex -40.875 3.4066 62
      vertex -45.375 3.4066 62
    endloop
  endfacet
  facet normal 0 -1 0
    outer loop
      vertex -45.375 -3.4066 62
      vertex -40.875 -3.4066 63
      vertex -45.375 -3.4066 63
    endloop
  endfacet
  facet normal 0 -1 -0
    outer loop
      vertex -40.875 -3.4066 63
      vertex -45.375 -3.4066 62
      vertex -40.875 -3.4066 62
    endloop
  endfacet
  facet normal -0 0 1
    outer loop
      vertex -45.375 4.90119 64
      vertex -40.875 3.26737 64
      vertex -40.875 4.90119 64
    endloop
  endfacet
  facet normal 0 0 1
    outer loop
      vertex -40.875 3.26737 64
      vertex -45.375 4.90119 64
      vertex -45.375 3.26737 64
    endloop
  endfacet
  facet normal -0 0 1
    outer loop
      vertex -45.375 -3.26737 64
      vertex -40.875 -4.90119 64
      vertex -40.875 -3.26737 64
    endloop
  endfacet
  facet normal 0 0 1
    outer loop
      vertex -40.875 -4.90119 64
      vertex -45.375 -3.26737 64
      vertex -45.375 -4.90119 64
    endloop
  endfacet
  facet normal 0 1 -0
    outer loop
      vertex -40.875 4.90119 63
      vertex -45.375 4.90119 64
      vertex -40.875 4.90119 64
    endloop
  endfacet
  facet normal 0 1 0
    outer loop
      vertex -45.375 4.90119 64
      vertex -40.875 4.90119 63
      vertex -45.375 4.90119 63
    endloop
  endfacet
  facet normal 0 -1 0
    outer loop
      vertex -45.375 -4.90119 63
      vertex -40.875 -4.90119 64
      vertex -45.375 -4.90119 64
    endloop
  endfacet
  facet normal 0 -1 -0
    outer loop
      vertex -40.875 -4.90119 64
      vertex -45.375 -4.90119 63
      vertex -40.875 -4.90119 63
    endloop
  endfacet
  facet normal 0 0 -1
    outer loop
      vertex -45.375 3.26737 65
      vertex -40.875 4.6967 65
      vertex -40.875 3.26737 65
    endloop
  endfacet
  facet normal -0 0 -1
    outer loop
      vertex -40.875 4.6967 65
      vertex -45.375 3.26737 65
      vertex -45.375 4.6967 65
    endloop
  endfacet
  facet normal 0 0 -1
    outer loop
      vertex -45.375 -4.6967 65
      vertex -40.875 -3.26737 65
      vertex -40.875 -4.6967 65
    endloop
  endfacet
  facet normal -0 0 -1
    outer loop
      vertex -40.875 -3.26737 65
      vertex -45.375 -4.6967 65
      vertex -45.375 -3.26737 65
    endloop
  endfacet
  facet normal 0 1 -0
    outer loop
      vertex -40.875 3.26737 64
      vertex -45.375 3.26737 65
      vertex -40.875 3.26737 65
    endloop
  endfacet
  facet normal 0 1 0
    outer loop
      vertex -45.375 3.26737 65
      vertex -40.875 3.26737 64
      vertex -45.375 3.26737 64
    endloop
  endfacet
  facet normal 0 -1 0
    outer loop
      vertex -45.375 -3.26737 64
      vertex -40.875 -3.26737 65
      vertex -45.375 -3.26737 65
    endloop
  endfacet
  facet normal 0 -1 -0
    outer loop
      vertex -40.875 -3.26737 65
      vertex -45.375 -3.26737 64
      vertex -40.875 -3.26737 64
    endloop
  endfacet
  facet normal -0 0 1
    outer loop
      vertex -45.375 4.6967 66
      vertex -40.875 3.12814 66
      vertex -40.875 4.6967 66
    endloop
  endfacet
  facet normal 0 0 1
    outer loop
      vertex -40.875 3.12814 66
      vertex -45.375 4.6967 66
      vertex -45.375 3.12814 66
    endloop
  endfacet
  facet normal -0 0 1
    outer loop
      vertex -45.375 -3.12814 66
      vertex -40.875 -4.6967 66
      vertex -40.875 -3.12814 66
    endloop
  endfacet
  facet normal 0 0 1
    outer loop
      vertex -40.875 -4.6967 66
      vertex -45.375 -3.12814 66
      vertex -45.375 -4.6967 66
    endloop
  endfacet
  facet normal 0 1 -0
    outer loop
      vertex -40.875 4.6967 65
      vertex -45.375 4.6967 66
      vertex -40.875 4.6967 66
    endloop
  endfacet
  facet normal 0 1 0
    outer loop
      vertex -45.375 4.6967 66
      vertex -40.875 4.6967 65
      vertex -45.375 4.6967 65
    endloop
  endfacet
  facet normal 0 -1 0
    outer loop
      vertex -45.375 -4.6967 65
      vertex -40.875 -4.6967 66
      vertex -45.375 -4.6967 66
    endloop
  endfacet
  facet normal 0 -1 -0
    outer loop
      vertex -40.875 -4.6967 66
      vertex -45.375 -4.6967 65
      vertex -40.875 -4.6967 65
    endloop
  endfacet
  facet normal 0 0 -1
    outer loop
      vertex -45.375 3.12814 67
      vertex -40.875 4.49221 67
      vertex -40.875 3.12814 67
    endloop
  endfacet
  facet normal -0 0 -1
    outer loop
      vertex -40.875 4.49221 67
      vertex -45.375 3.12814 67
      vertex -45.375 4.49221 67
    endloop
  endfacet
  facet normal 0 0 -1
    outer loop
      vertex -45.375 -4.49221 67
      vertex -40.875 -3.12814 67
      vertex -40.875 -4.49221 67
    endloop
  endfacet
  facet normal -0 0 -1
    outer loop
      vertex -40.875 -3.12814 67
      vertex -45.375 -4.49221 67
      vertex -45.375 -3.12814 67
    endloop
  endfacet
  facet normal 0 1 -0
    outer loop
      vertex -40.875 3.12814 66
      vertex -45.375 3.12814 67
      vertex -40.875 3.12814 67
    endloop
  endfacet
  facet normal 0 1 0
    outer loop
      vertex -45.375 3.12814 67
      vertex -40.875 3.12814 66
      vertex -45.375 3.12814 66
    endloop
  endfacet
  facet normal 0 -1 0
    outer loop
      vertex -45.375 -3.12814 66
      vertex -40.875 -3.12814 67
      vertex -45.375 -3.12814 67
    endloop
  endfacet
  facet normal 0 -1 -0
    outer loop
      vertex -40.875 -3.12814 67
      vertex -45.375 -3.12814 66
      vertex -40.875 -3.12814 66
    endloop
  endfacet
  facet normal -0 0 1
    outer loop
      vertex -45.375 4.49221 68
      vertex -40.875 2.98891 68
      vertex -40.875 4.49221 68
    endloop
  endfacet
  facet normal 0 0 1
    outer loop
      vertex -40.875 2.98891 68
      vertex -45.375 4.49221 68
      vertex -45.375 2.98891 68
    endloop
  endfacet
  facet normal -0 0 1
    outer loop
      vertex -45.375 -2.98891 68
      vertex -40.875 -4.49221 68
      vertex -40.875 -2.98891 68
    endloop
  endfacet
  facet normal 0 0 1
    outer loop
      vertex -40.875 -4.49221 68
      vertex -45.375 -2.98891 68
      vertex -45.375 -4.49221 68
    endloop
  endfacet
  facet normal 0 1 -0
    outer loop
      vertex -40.875 4.49221 67
      vertex -45.375 4.49221 68
      vertex -40.875 4.49221 68
    endloop
  endfacet
  facet normal 0 1 0
    outer loop
      vertex -45.375 4.49221 68
      vertex -40.875 4.49221 67
      vertex -45.375 4.49221 67
    endloop
  endfacet
  facet normal 0 -1 0
    outer loop
      vertex -45.375 -4.49221 67
      vertex -40.875 -4.49221 68
      vertex -45.375 -4.49221 68
    endloop
  endfacet
  facet normal 0 -1 -0
    outer loop
      vertex -40.875 -4.49221 68
      vertex -45.375 -4.49221 67
      vertex -40.875 -4.49221 67
    endloop
  endfacet
  facet normal 0 0 -1
    outer loop
      vertex -45.375 2.98891 69
      vertex -40.875 4.28772 69
      vertex -40.875 2.98891 69
    endloop
  endfacet
  facet normal -0 0 -1
    outer loop
      vertex -40.875 4.28772 69
      vertex -45.375 2.98891 69
      vertex -45.375 4.28772 69
    endloop
  endfacet
  facet normal 0 0 -1
    outer loop
      vertex -45.375 -4.28772 69
      vertex -40.875 -2.98891 69
      vertex -40.875 -4.28772 69
    endloop
  endfacet
  facet normal -0 0 -1
    outer loop
      vertex -40.875 -2.98891 69
      vertex -45.375 -4.28772 69
      vertex -45.375 -2.98891 69
    endloop
  endfacet
  facet normal 0 1 -0
    outer loop
      vertex -40.875 2.98891 68
      vertex -45.375 2.98891 69
      vertex -40.875 2.98891 69
    endloop
  endfacet
  facet normal 0 1 0
    outer loop
      vertex -45.375 2.98891 69
      vertex -40.875 2.98891 68
      vertex -45.375 2.98891 68
    endloop
  endfacet
  facet normal 0 -1 0
    outer loop
      vertex -45.375 -2.98891 68
      vertex -40.875 -2.98891 69
      vertex -45.375 -2.98891 69
    endloop
  endfacet
  facet normal 0 -1 -0
    outer loop
      vertex -40.875 -2.98891 69
      vertex -45.375 -2.98891 68
      vertex -40.875 -2.98891 68
    endloop
  endfacet
  facet normal -0 0 1
    outer loop
      vertex -45.375 4.28772 70
      vertex -40.875 2.84968 70
      vertex -40.875 4.28772 70
    endloop
  endfacet
  facet normal 0 0 1
    outer loop
      vertex -40.875 2.84968 70
      vertex -45.375 4.28772 70
      vertex -45.375 2.84968 70
    endloop
  endfacet
  facet normal -0 0 1
    outer loop
      vertex -45.375 -2.84968 70
      vertex -40.875 -4.28772 70
      vertex -40.875 -2.84968 70
    endloop
  endfacet
  facet normal 0 0 1
    outer loop
      vertex -40.875 -4.28772 70
      vertex -45.375 -2.84968 70
      vertex -45.375 -4.28772 70
    endloop
  endfacet
  facet normal 0 1 -0
    outer loop
      vertex -40.875 4.28772 69
      vertex -45.375 4.28772 70
      vertex -40.875 4.28772 70
    endloop
  endfacet
  facet normal 0 1 0
    outer loop
      vertex -45.375 4.28772 70
      vertex -40.875 4.28772 69
      vertex -45.375 4.28772 69
    endloop
  endfacet
  facet normal 0 -1 0
    outer loop
      vertex -45.375 -4.28772 69
      vertex -40.875 -4.28772 70
      vertex -45.375 -4.28772 70
    endloop
  endfacet
  facet normal 0 -1 -0
    outer loop
      vertex -40.875 -4.28772 70
      vertex -45.375 -4.28772 69
      vertex -40.875 -4.28772 69
    endloop
  endfacet
  facet normal 0 0 -1
    outer loop
      vertex -45.375 2.84968 71
      vertex -40.875 4.08323 71
      vertex -40.875 2.84968 71
    endloop
  endfacet
  facet normal -0 0 -1
    outer loop
      vertex -40.875 4.08323 71
      vertex -45.375 2.84968 71
      vertex -45.375 4.08323 71
    endloop
  endfacet
  facet normal 0 0 -1
    outer loop
      vertex -45.375 -4.08323 71
      vertex -40.875 -2.84968 71
      vertex -40.875 -4.08323 71
    endloop
  endfacet
  facet normal -0 0 -1
    outer loop
      vertex -40.875 -2.84968 71
      vertex -45.375 -4.08323 71
      vertex -45.375 -2.84968 71
    endloop
  endfacet
  facet normal 0 1 -0
    outer loop
      vertex -40.875 2.84968 70
      vertex -45.375 2.84968 71
      vertex -40.875 2.84968 71
    endloop
  endfacet
  facet normal 0 1 0
    outer loop
      vertex -45.375 2.84968 71
      vertex -40.875 2.84968 70
      vertex -45.375 2.84968 70
    endloop
  endfacet
  facet normal 0 -1 0
    outer loop
      vertex -45.375 -2.84968 70
      vertex -40.875 -2.84968 71
      vertex -45.375 -2.84968 71
    endloop
  endfacet
  facet normal 0 -1 -0
    outer loop
      vertex -40.875 -2.84968 71
      vertex -45.375 -2.84968 70
      vertex -40.875 -2.84968 70
    endloop
  endfacet
  facet normal -0 0 1
    outer loop
      vertex -45.375 4.08323 72
      vertex -40.875 2.71046 72
      vertex -40.875 4.08323 72
    endloop
  endfacet
  facet normal 0 0 1
    outer loop
      vertex -40.875 2.71046 72
      vertex -45.375 4.08323 72
      vertex -45.375 2.71046 72
    endloop
  endfacet
  facet normal -0 0 1
    outer loop
      vertex -45.375 -2.71046 72
      vertex -40.875 -4.08323 72
      vertex -40.875 -2.71046 72
    endloop
  endfacet
  facet normal 0 0 1
    outer loop
      vertex -40.875 -4.08323 72
      vertex -45.375 -2.71046 72
      vertex -45.375 -4.08323 72
    endloop
  endfacet
  facet normal 0 1 -0
    outer loop
      vertex -40.875 4.08323 71
      vertex -45.375 4.08323 72
      vertex -40.875 4.08323 72
    endloop
  endfacet
  facet normal 0 1 0
    outer loop
      vertex -45.375 4.08323 72
      vertex -40.875 4.08323 71
      vertex -45.375 4.08323 71
    endloop
  endfacet
  facet normal 0 -1 0
    outer loop
      vertex -45.375 -4.08323 71
      vertex -40.875 -4.08323 72
      vertex -45.375 -4.08323 72
    endloop
  endfacet
  facet normal 0 -1 -0
    outer loop
      vertex -40.875 -4.08323 72
      vertex -45.375 -4.08323 71
      vertex -40.875 -4.08323 71
    endloop
  endfacet
  facet normal 0 0 -1
    outer loop
      vertex -45.375 2.71046 73
      vertex -40.875 3.87874 73
      vertex -40.875 2.71046 73
    endloop
  endfacet
  facet normal -0 0 -1
    outer loop
      vertex -40.875 3.87874 73
      vertex -45.375 2.71046 73
      vertex -45.375 3.87874 73
    endloop
  endfacet
  facet normal 0 0 -1
    outer loop
      vertex -45.375 -3.87874 73
      vertex -40.875 -2.71046 73
      vertex -40.875 -3.87874 73
    endloop
  endfacet
  facet normal -0 0 -1
    outer loop
      vertex -40.875 -2.71046 73
      vertex -45.375 -3.87874 73
      vertex -45.375 -2.71046 73
    endloop
  endfacet
  facet normal 0 1 -0
    outer loop
      vertex -40.875 2.71046 72
      vertex -45.375 2.71046 73
      vertex -40.875 2.71046 73
    endloop
  endfacet
  facet normal 0 1 0
    outer loop
      vertex -45.375 2.71046 73
      vertex -40.875 2.71046 72
      vertex -45.375 2.71046 72
    endloop
  endfacet
  facet normal 0 -1 0
    outer loop
      vertex -45.375 -2.71046 72
      vertex -40.875 -2.71046 73
      vertex -45.375 -2.71046 73
    endloop
  endfacet
  facet normal 0 -1 -0
    outer loop
      vertex -40.875 -2.71046 73
      vertex -45.375 -2.71046 72
      vertex -40.875 -2.71046 72
    endloop
  endfacet
  facet normal -0 0 1
    outer loop
      vertex -45.375 3.87874 74
      vertex -40.875 2.57123 74
      vertex -40.875 3.87874 74
    endloop
  endfacet
  facet normal 0 0 1
    outer loop
      vertex -40.875 2.57123 74
      vertex -45.375 3.87874 74
      vertex -45.375 2.57123 74
    endloop
  endfacet
  facet normal -0 0 1
    outer loop
      vertex -45.375 -2.57123 74
      vertex -40.875 -3.87874 74
      vertex -40.875 -2.57123 74
    endloop
  endfacet
  facet normal 0 0 1
    outer loop
      vertex -40.875 -3.87874 74
      vertex -45.375 -2.57123 74
      vertex -45.375 -3.87874 74
    endloop
  endfacet
  facet normal 0 1 -0
    outer loop
      vertex -40.875 3.87874 73
      vertex -45.375 3.87874 74
      vertex -40.875 3.87874 74
    endloop
  endfacet
  facet normal 0 1 0
    outer loop
      vertex -45.375 3.87874 74
      vertex -40.875 3.87874 73
      vertex -45.375 3.87874 73
    endloop
  endfacet
  facet normal 0 -1 0
    outer loop
      vertex -45.375 -3.87874 73
      vertex -40.875 -3.87874 74
      vertex -45.375 -3.87874 74
    endloop
  endfacet
  facet normal 0 -1 -0
    outer loop
      vertex -40.875 -3.87874 74
      vertex -45.375 -3.87874 73
      vertex -40.875 -3.87874 73
    endloop
  endfacet
  facet normal 0 0 -1
    outer loop
      vertex -45.375 2.57123 75
      vertex -40.875 3.67424 75
      vertex -40.875 2.57123 75
    endloop
  endfacet
  facet normal -0 0 -1
    outer loop
      vertex -40.875 3.67424 75
      vertex -45.375 2.57123 75
      vertex -45.375 3.67424 75
    endloop
  endfacet
  facet normal 0 0 -1
    outer loop
      vertex -45.375 -3.67424 75
      vertex -40.875 -2.57123 75
      vertex -40.875 -3.67424 75
    endloop
  endfacet
  facet normal -0 0 -1
    outer loop
      vertex -40.875 -2.57123 75
      vertex -45.375 -3.67424 75
      vertex -45.375 -2.57123 75
    endloop
  endfacet
  facet normal 0 1 -0
    outer loop
      vertex -40.875 2.57123 74
      vertex -45.375 2.57123 75
      vertex -40.875 2.57123 75
    endloop
  endfacet
  facet normal 0 1 0
    outer loop
      vertex -45.375 2.57123 75
      vertex -40.875 2.57123 74
      vertex -45.375 2.57123 74
    endloop
  endfacet
  facet normal 0 -1 0
    outer loop
      vertex -45.375 -2.57123 74
      vertex -40.875 -2.57123 75
      vertex -45.375 -2.57123 75
    endloop
  endfacet
  facet normal 0 -1 -0
    outer loop
      vertex -40.875 -2.57123 75
      vertex -45.375 -2.57123 74
      vertex -40.875 -2.57123 74
    endloop
  endfacet
  facet normal -0 0 1
    outer loop
      vertex -45.375 3.67424 76
      vertex -40.875 2.432 76
      vertex -40.875 3.67424 76
    endloop
  endfacet
  facet normal 0 0 1
    outer loop
      vertex -40.875 2.432 76
      vertex -45.375 3.67424 76
      vertex -45.375 2.432 76
    endloop
  endfacet
  facet normal -0 0 1
    outer loop
      vertex -45.375 -2.432 76
      vertex -40.875 -3.67424 76
      vertex -40.875 -2.432 76
    endloop
  endfacet
  facet normal 0 0 1
    outer loop
      vertex -40.875 -3.67424 76
      vertex -45.375 -2.432 76
      vertex -45.375 -3.67424 76
    endloop
  endfacet
  facet normal 0 1 -0
    outer loop
      vertex -40.875 3.67424 75
      vertex -45.375 3.67424 76
      vertex -40.875 3.67424 76
    endloop
  endfacet
  facet normal 0 1 0
    outer loop
      vertex -45.375 3.67424 76
      vertex -40.875 3.67424 75
      vertex -45.375 3.67424 75
    endloop
  endfacet
  facet normal 0 -1 0
    outer loop
      vertex -45.375 -3.67424 75
      vertex -40.875 -3.67424 76
      vertex -45.375 -3.67424 76
    endloop
  endfacet
  facet normal 0 -1 -0
    outer loop
      vertex -40.875 -3.67424 76
      vertex -45.375 -3.67424 75
      vertex -40.875 -3.67424 75
    endloop
  endfacet
  facet normal 0 1 -0
    outer loop
      vertex -40.875 2.432 76
      vertex -45.375 2.432 77
      vertex -40.875 2.432 77
    endloop
  endfacet
  facet normal 0 1 0
    outer loop
      vertex -45.375 2.432 77
      vertex -40.875 2.432 76
      vertex -45.375 2.432 76
    endloop
  endfacet
  facet normal 0 -1 0
    outer loop
      vertex -45.375 -2.432 76
      vertex -40.875 -2.432 77
      vertex -45.375 -2.432 77
    endloop
  endfacet
  facet normal 0 -1 -0
    outer loop
      vertex -40.875 -2.432 77
      vertex -45.375 -2.432 76
      vertex -40.875 -2.432 76
    endloop
  endfacet
  facet normal 0 0 -1
    outer loop
      vertex -45.375 -9.4 18.5
      vertex -40.8489 9.4 18.5
      vertex -40.8489 -9.4 18.5
    endloop
  endfacet
  facet normal -0 0 -1
    outer loop
      vertex -40.8489 9.4 18.5
      vertex -45.375 -9.4 18.5
      vertex -45.375 9.4 18.5
    endloop
  endfacet
endsolid OpenSCAD_Model
